1,1000,3887
1,1000,3436
1,1000,3366
1,1000,3356
1,1000,3366
1,1000,3357
1,1000,3356
1,1000,3356
1,1000,3357
1,1000,3366
1,1000,3356
1,1000,3356
1,1000,3357
1,1000,3436
1,1000,3356
1,1000,3357
1,1000,3366
1,1000,3367
1,1000,3356
1,1000,3367
1,1000,3356
1,1000,3357
1,1000,3357
1,1000,3356
1,1000,3356
1,1000,3366
1,1000,3356
1,1000,3357
1,1000,3366
1,1000,3356
1,1000,3436
1,1000,3356
1,1000,3366
1,1000,3356
1,1000,3356
1,1000,3366
1,1000,3357
1,1000,3356
1,1000,3357
1,1000,3367
1,1000,3356
1,1000,3356
1,1000,3356
1,1000,3356
1,1000,3367
1,1000,3376
1,1000,3356
1,1000,3366
1,1000,3356
1,1000,3366
1,1000,3356
1,1000,3357
1,1000,3356
1,1000,3356
1,1000,3357
1,1000,3357
1,1000,3357
1,1000,3356
1,1000,3357
1,1000,3366
1,1000,3357
1,1000,3366
1,1000,3357
1,1000,3447
1,1000,3357
1,1000,3356
1,1000,3356
1,1000,3366
1,1000,3356
1,1000,3356
1,1000,3367
1,1000,3366
1,1000,3356
1,1000,3366
1,1000,3367
1,1000,3356
1,1000,3367
1,1000,3356
1,1000,3366
1,1000,3366
1,1000,3366
1,1000,3357
1,1000,3357
1,1000,3356
1,1000,3367
1,1000,3456
1,1000,3356
1,1000,3356
1,1000,3357
1,1000,3356
1,1000,3356
1,1000,3367
1,1000,3356
1,1000,3356
1,1000,3356
1,1000,3367
1,1000,3356
1,1000,3367
1,1000,3356
1,1000,3357
1,1000,3366
1,1000,3367
1,1000,3356
1,1000,3357
1,1000,3366
1,1000,3356
1,1000,3366
1,1000,3356
1,1000,3356
1,1000,3357
1,1000,3366
1,1000,3356
1,1000,3356
1,1000,3367
1,1000,3356
1,1000,3357
1,1000,3356
1,1000,3357
1,1000,3436
1,1000,3357
1,1000,3356
1,1000,3357
1,1000,3356
1,1000,3357
1,1000,3356
1,1000,3357
1,1000,3356
1,1000,3356
1,1000,3356
1,1000,3357
1,1000,3356
1,1000,3357
1,1000,3356
1,1000,3356
1,1000,3356
1,1000,3366
1,1000,3357
1,1000,3356
1,1000,3356
1,1000,3357
1,1000,3356
1,1000,3357
1,1000,3356
1,1000,3436
1,1000,3356
1,1000,3377
1,1000,3356
1,1000,3356
1,1000,3357
1,1000,3366
1,1000,3357
1,1000,3366
1,1000,3356
1,1000,3356
1,1000,3357
1,1000,3356
1,1000,3356
1,1000,3367
1,1000,3356
1,1000,3357
1,1000,3367
1,1000,3356
1,1000,3357
1,1000,3366
1,1000,3356
1,1000,3357
1,1000,3357
1,1000,3356
1,1000,3446
1,1000,3356
1,1000,3357
1,1000,3366
1,1000,3357
1,1000,3356
1,1000,3357
1,1000,3366
1,1000,3437
1,1000,3357
1,1000,3356
1,1000,3367
1,1000,3356
1,1000,3357
1,1000,3366
1,1000,3367
1,1000,3356
1,1000,3366
1,1000,3356
1,1000,3357
1,1000,3356
1,1000,3357
1,1000,3356
1,1000,3356
1,1000,3356
1,1000,3436
1,1000,3356
1,1000,3357
1,1000,9909
1,1000,3386
1,1000,3356
1,1000,3366
1,1000,3357
1,1000,3356
1,1000,3357
1,1000,3356
1,1000,3356
1,1000,3366
1,1000,3366
1,1000,3357
1,1000,3356
1,1000,3366
1,1000,3367
1,1000,3356
1,1000,3357
1,1000,3367
1,1000,3357
1,1000,3356
1,1000,3366
1,1000,3357
1,1000,3366
1,1000,3357
1,1000,3356
1,1000,3356
1,1000,3357
1,1000,3366
1,1000,3356
1,1000,3356
1,1000,4218
1,1000,3376
1,1000,4218
1,1000,3356
1,1000,3366
1,1000,3356
1,1000,3366
1,1000,3356
1,1000,3367
1,1000,3356
1,1000,3367
1,1000,3437
1,1000,3357
1,1000,3357
1,1000,3356
1,1000,3357
1,1000,3366
1,1000,3356
1,1000,3357
1,1000,3356
1,1000,3356
1,1000,3356
1,1000,3357
1,1000,3356
1,1000,3367
1,1000,3356
1,1000,3366
1,1000,3356
1,1000,3366
1,1000,3366
1,1000,3356
1,1000,3357
1,1000,3356
1,1000,3367
1,1000,3356
1,1000,3356
1,1000,3367
1,1000,3357
1,1000,3356
1,1000,3356
1,1000,3357
1,1000,3356
1,1000,3357
1,1000,3356
1,1000,3446
1,1000,3356
1,1000,3356
1,1000,3376
1,1000,3356
1,1000,3366
1,1000,3356
1,1000,3357
1,1000,3366
1,1000,3366
1,1000,3356
1,1000,3357
1,1000,3366
1,1000,3377
1,1000,3356
1,1000,3357
1,1000,3357
1,1000,3457
1,1000,3357
1,1000,3366
1,1000,3366
1,1000,3356
1,1000,3356
1,1000,3367
1,1000,3366
1,1000,3367
1,1000,3356
1,1000,3367
1,1000,3366
1,1000,3366
1,1000,3366
1,1000,3357
1,1000,3356
1,1000,3436
1,1000,3356
1,1000,3366
1,1000,3366
1,1000,3357
1,1000,3357
1,1000,3356
1,1000,3356
1,1000,3356
1,1000,3366
1,1000,3357
1,1000,3356
1,1000,3357
1,1000,3367
1,1000,3376
1,1000,3356
1,1000,3357
1,1000,3367
1,1000,3356
1,1000,3356
1,1000,3356
1,1000,3356
1,1000,3367
1,1000,3356
1,1000,3356
1,1000,3367
1,1000,3356
1,1000,3356
1,1000,3366
1,1000,3437
1,1000,3357
1,1000,3366
1,1000,3357
1,1000,3356
1,1000,3357
1,1000,3707
1,1000,4128
1,1000,4058
1,1000,3807
1,1000,3356
1,1000,3356
1,1000,3356
1,1000,3367
1,1000,3356
1,1000,3356
1,1000,3356
1,1000,3356
1,1000,3357
1,1000,3356
1,1000,3356
1,1000,3357
1,1000,3356
1,1000,3357
1,1000,3436
1,1000,3356
1,1000,3357
1,1000,3356
1,1000,3357
1,1000,3356
1,1000,3356
1,1000,3357
1,1000,3366
1,1000,3366
1,1000,3356
1,1000,3357
1,1000,3356
1,1000,3366
1,1000,3357
1,1000,3356
1,1000,3357
1,1000,3436
1,1000,3366
1,1000,3357
1,1000,3366
1,1000,3367
1,1000,3356
1,1000,3356
1,1000,3356
1,1000,3356
1,1000,3366
1,1000,3357
1,1000,3356
1,1000,3367
1,1000,3357
1,1000,3356
1,1000,3356
1,1000,3467
1,1000,3356
1,1000,3366
1,1000,3367
1,1000,3367
1,1000,3366
1,1000,3357
1,1000,3356
1,1000,3366
1,1000,3356
1,1000,3366
1,1000,3436
1,1000,3356
1,1000,3357
1,1000,3356
1,1000,3367
1,1000,3356
1,1000,3357
1,1000,3356
1,1000,3367
1,1000,3356
1,1000,3357
1,1000,3356
1,1000,3367
1,1000,3366
1,1000,3367
1,1000,3437
1,1000,3366
1,1000,3356
1,1000,3356
1,1000,3366
1,1000,3357
1,1000,3357
1,1000,3356
1,1000,3366
1,1000,3357
1,1000,3366
1,1000,3357
1,1000,3356
1,1000,3356
1,1000,3357
1,1000,3356
1,1000,3356
1,1000,3357
1,1000,3366
1,1000,3357
1,1000,3366
1,1000,3357
1,1000,3357
1,1000,3356
1,1000,3356
1,1000,3366
1,1000,3357
1,1000,3366
1,1000,3356
1,1000,3356
1,1000,3356
1,1000,3356
1,1000,3596
1,1000,4218
1,1000,3897
1,1000,3917
1,1000,3357
1,1000,3356
1,1000,3356
1,1000,3356
1,1000,3367
1,1000,3356
1,1000,3367
1,1000,3356
1,1000,3356
1,1000,3366
1,1000,3356
1,1000,3367
1,1000,3356
1,1000,3366
1,1000,3357
1,1000,3366
1,1000,3357
1,1000,3356
1,1000,3357
1,1000,3356
1,1000,3357
1,1000,3356
1,1000,3376
1,1000,3357
1,1000,3366
1,1000,3357
1,1000,3356
1,1000,3357
1,1000,3366
1,1000,3437
1,1000,3357
1,1000,3366
1,1000,3356
1,1000,3357
1,1000,3366
1,1000,3357
1,1000,3356
1,1000,3357
1,1000,3376
1,1000,3367
1,1000,3366
1,1000,3356
1,1000,3366
1,1000,3356
1,1000,3366
1,1000,3356
1,1000,3357
1,1000,3356
1,1000,3367
1,1000,3356
1,1000,3356
1,1000,3356
1,1000,3356
1,1000,3367
1,1000,3356
1,1000,3357
1,1000,3356
1,1000,3367
1,1000,3366
1,1000,3357
1,1000,3356
1,1000,3367
1,1000,3357
1,1000,3356
1,1000,3367
1,1000,3366
1,1000,3357
1,1000,3356
1,1000,3356
1,1000,3356
1,1000,3356
1,1000,3356
1,1000,3366
1,1000,3356
1,1000,3366
1,1000,3357
1,1000,3366
1,1000,3356
1,1000,8736
1,1000,3356
1,1000,3356
1,1000,3356
1,1000,3366
1,1000,3367
1,1000,3366
1,1000,3356
1,1000,3356
1,1000,3357
1,1000,3356
1,1000,3357
1,1000,3366
1,1000,3357
1,1000,3356
1,1000,3357
1,1000,3366
1,1000,3367
1,1000,3366
1,1000,3356
1,1000,3357
1,1000,3356
1,1000,3366
1,1000,3357
1,1000,3366
1,1000,3366
1,1000,3366
1,1000,3367
1,1000,3357
1,1000,3356
1,1000,3367
1,1000,3356
1,1000,3357
1,1000,3357
1,1000,3357
1,1000,3356
1,1000,3356
1,1000,3356
1,1000,3357
1,1000,3356
1,1000,3366
1,1000,3357
1,1000,3356
1,1000,3367
1,1000,3356
1,1000,3356
1,1000,3376
1,1000,3357
1,1000,3356
1,1000,3356
1,1000,3356
1,1000,3367
1,1000,3366
1,1000,3356
1,1000,3366
1,1000,3357
1,1000,3356
1,1000,3356
1,1000,3357
1,1000,3356
1,1000,3367
1,1000,3367
1,1000,3357
1,1000,3356
1,1000,3367
1,1000,3356
1,1000,3356
1,1000,3356
1,1000,3366
1,1000,3367
1,1000,3357
1,1000,3357
1,1000,3356
1,1000,3357
1,1000,3356
1,1000,3356
1,1000,3367
1,1000,3356
1,1000,3357
1,1000,3356
1,1000,3367
1,1000,3356
1,1000,3367
1,1000,3366
1,1000,3356
1,1000,3356
1,1000,3357
1,1000,3366
1,1000,3357
1,1000,3356
1,1000,3366
1,1000,3356
1,1000,3366
1,1000,3357
1,1000,3356
1,1000,3366
1,1000,3367
1,1000,3356
1,1000,3367
1,1000,3367
1,1000,3366
1,1000,3356
1,1000,3357
1,1000,3356
1,1000,3377
1,1000,3356
1,1000,3356
1,1000,3356
1,1000,3366
1,1000,3357
1,1000,3366
1,1000,3357
1,1000,3366
1,1000,3366
1,1000,3356
1,1000,3357
1,1000,3366
1,1000,3356
1,1000,3357
1,1000,3356
1,1000,3356
1,1000,3356
1,1000,3356
1,1000,3366
1,1000,3356
1,1000,3357
1,1000,3356
1,1000,3357
1,1000,3357
1,1000,3356
1,1000,3356
1,1000,3357
1,1000,3357
1,1000,3376
1,1000,3366
1,1000,3357
1,1000,3356
1,1000,3367
1,1000,3356
1,1000,3367
1,1000,3356
1,1000,3367
1,1000,3357
1,1000,3366
1,1000,3357
1,1000,3357
1,1000,3356
1,1000,3356
1,1000,3356
1,1000,3357
1,1000,3356
1,1000,3356
1,1000,3357
1,1000,3366
1,1000,3356
1,1000,3356
1,1000,3366
1,1000,3357
1,1000,3356
1,1000,3357
1,1000,3366
1,1000,3366
1,1000,3357
1,1000,3356
1,1000,3356
1,1000,3357
1,1000,3356
1,1000,3356
1,1000,3367
1,1000,3356
1,1000,3357
1,1000,3356
1,1000,3366
1,1000,3357
1,1000,3356
1,1000,3356
1,1000,3356
1,1000,3357
1,1000,3356
1,1000,3356
1,1000,3357
1,1000,3366
1,1000,3366
1,1000,3356
1,1000,3357
1,1000,3356
1,1000,3356
1,1000,3357
1,1000,3356
1,1000,3356
1,1000,3357
1,1000,3357
1,1000,3356
1,1000,3356
1,1000,3356
1,1000,3357
1,1000,3356
1,1000,3366
1,1000,3356
1,1000,3367
1,1000,3356
1,1000,3356
1,1000,3357
1,1000,3356
1,1000,3376
1,1000,3366
1,1000,3357
1,1000,3356
1,1000,3357
1,1000,3356
1,1000,3356
1,1000,3357
1,1000,3366
1,1000,3357
1,1000,3366
1,1000,3357
1,1000,3356
1,1000,3367
1,1000,3357
1,1000,3356
1,1000,3356
1,1000,3367
1,1000,3356
1,1000,3366
1,1000,3356
1,1000,3366
1,1000,3356
1,1000,3357
1,1000,3356
1,1000,3357
1,1000,3366
1,1000,3356
1,1000,3357
1,1000,3356
1,1000,3357
1,1000,3356
1,1000,3357
1,1000,3356
1,1000,3366
1,1000,3356
1,1000,3367
1,1000,3356
1,1000,3366
1,1000,3357
1,1000,3356
1,1000,3356
1,1000,3366
1,1000,3356
1,1000,3376
1,1000,3356
1,1000,3366
1,1000,3357
1,1000,3366
1,1000,3357
1,1000,3356
1,1000,3357
1,1000,3356
1,1000,3356
1,1000,3357
1,1000,3366
1,1000,3366
1,1000,3367
1,1000,3366
1,1000,3357
1,1000,3366
1,1000,3356
1,1000,3356
1,1000,3366
1,1000,3356
1,1000,3356
1,1000,3356
1,1000,3357
1,1000,3366
1,1000,3357
1,1000,3356
1,1000,3357
1,1000,3356
1,1000,3357
1,1000,3356
1,1000,3357
1,1000,3366
1,1000,3366
1,1000,3356
1,1000,3357
1,1000,3366
1,1000,3366
1,1000,3357
1,1000,3356
1,1000,3357
1,1000,3366
1,1000,3356
1,1000,3367
1,1000,3356
1,1000,3357
1,1000,3356
1,1000,3357
1,1000,3366
1,1000,3356
1,1000,3357
1,1000,3897
1,1000,5070
1,1000,4929
1,1000,3366
1,1000,3357
1,1000,3356
1,1000,3357
1,1000,3366
1,1000,3356
1,1000,3357
1,1000,3356
1,1000,3356
1,1000,3357
1,1000,3356
1,1000,3357
1,1000,3356
1,1000,3357
1,1000,3366
1,1000,3356
1,1000,3357
1,1000,3356
1,1000,3357
1,1000,3357
1,1000,3356
1,1000,3367
1,1000,3356
1,1000,3356
1,1000,3367
1,1000,3356
1,1000,3367
1,1000,3376
1,1000,3356
1,1000,3357
1,1000,3366
1,1000,3357
1,1000,12604
1,1000,3357
1,1000,3356
1,1000,3356
1,1000,3357
1,1000,3356
1,1000,3357
1,1000,3356
1,1000,3357
1,1000,3356
1,1000,3356
1,1000,3356
1,1000,3357
1,1000,3356
1,1000,3357
1,1000,3356
1,1000,3357
1,1000,3356
1,1000,3357
1,1000,3356
1,1000,3356
1,1000,3356
1,1000,3366
1,1000,3357
1,1000,3356
1,1000,3367
1,1000,3356
1,1000,3356
1,1000,3357
1,1000,3627
1,1000,3356
1,1000,4228
1,1000,4017
1,1000,5000
1,1000,3386
1,1000,4979
1,1000,4929
1,1000,3366
1,1000,3367
1,1000,3357
1,1000,3366
1,1000,3366
1,1000,3357
1,1000,3356
1,1000,3366
1,1000,3357
1,1000,3356
1,1000,3357
1,1000,3356
1,1000,3366
1,1000,3357
1,1000,3356
1,1000,3357
1,1000,3356
1,1000,3356
1,1000,3356
1,1000,3356
1,1000,3357
1,1000,3356
1,1000,3366
1,1000,3357
1,1000,3357
1,1000,3366
1,1000,3356
1,1000,3357
1,1000,3356
1,1000,3356
1,1000,3356
1,1000,3356
1,1000,3357
1,1000,3356
1,1000,3356
1,1000,3357
1,1000,3356
1,1000,3357
1,1000,3356
1,1000,3366
1,1000,3357
1,1000,3356
1,1000,3357
1,1000,3356
1,1000,3356
1,1000,3356
1,1000,3357
1,1000,3356
1,1000,3356
1,1000,3357
1,1000,3356
1,1000,3357
1,1000,3356
1,1000,3357
1,1000,3366
1,1000,3367
1,1000,3356
1,1000,3356
1,1000,3376
1,1000,3357
1,1000,3356
1,1000,3356
1,1000,3367
1,1000,3357
1,1000,3366
1,1000,3367
1,1000,3356
1,1000,3366
1,1000,3357
1,1000,3357
1,1000,3367
1,1000,11542
1,1000,3356
1,1000,3356
1,1000,3357
1,1000,3356
1,1000,3357
1,1000,3356
1,1000,3357
1,1000,3356
1,1000,3357
1,1000,3356
1,1000,3367
1,1000,3366
1,1000,3366
1,1000,3357
1,1000,3356
1,1000,3356
1,1000,3357
1,1000,3356
1,1000,3356
1,1000,3356
1,1000,3356
1,1000,3357
1,1000,3356
1,1000,3356
1,1000,3357
1,1000,3357
1,1000,3356
1,1000,3366
2,1000,42901
2,1000,40978
2,1000,34024
2,1000,35878
2,1000,40066
2,1000,37972
2,1000,37271
2,1000,44183
2,1000,38143
2,1000,46749
2,1000,38964
2,1000,37491
2,1000,40767
2,1000,37311
2,1000,50746
2,1000,36649
2,1000,43452
2,1000,40537
2,1000,61156
2,1000,40717
2,1000,36699
2,1000,36740
2,1000,40036
2,1000,35778
2,1000,41078
2,1000,55896
2,1000,37240
2,1000,40256
2,1000,36920
2,1000,43392
2,1000,37130
2,1000,39284
2,1000,40587
2,1000,37371
2,1000,42039
2,1000,36900
2,1000,37741
2,1000,47600
2,1000,37010
2,1000,37511
2,1000,44414
2,1000,37371
2,1000,40486
2,1000,38182
2,1000,38403
2,1000,78899
2,1000,37310
2,1000,40807
2,1000,37661
2,1000,37551
2,1000,44444
2,1000,37481
2,1000,40737
2,1000,38283
2,1000,36539
2,1000,40527
2,1000,36109
2,1000,40276
2,1000,42892
2,1000,36669
2,1000,40176
2,1000,40958
2,1000,431948
2,1000,258910
2,1000,33343
2,1000,29877
2,1000,76325
2,1000,42080
2,1000,54283
2,1000,52590
2,1000,43212
2,1000,41218
2,1000,35517
2,1000,20569
2,1000,21370
2,1000,19917
2,1000,19887
2,1000,19647
2,1000,20118
2,1000,19948
2,1000,20018
2,1000,19677
2,1000,19897
2,1000,20979
2,1000,20980
2,1000,19728
2,1000,19598
2,1000,19688
2,1000,19327
2,1000,20228
2,1000,19757
2,1000,21260
2,1000,20308
2,1000,20038
2,1000,19667
2,1000,20729
2,1000,28183
2,1000,21090
2,1000,19878
2,1000,19698
2,1000,19808
2,1000,19908
2,1000,20298
2,1000,19537
2,1000,19697
2,1000,22342
2,1000,21140
2,1000,20358
2,1000,19798
2,1000,19567
2,1000,19527
2,1000,21019
2,1000,20559
2,1000,20209
2,1000,19547
2,1000,19707
2,1000,19557
2,1000,21751
2,1000,20709
2,1000,20549
2,1000,21000
2,1000,20699
2,1000,20810
2,1000,20518
2,1000,20549
2,1000,20769
2,1000,21641
2,1000,23714
2,1000,22392
2,1000,20489
2,1000,20539
2,1000,119997
2,1000,29386
2,1000,26731
2,1000,25999
2,1000,25609
2,1000,41559
2,1000,50445
2,1000,45106
2,1000,45646
2,1000,37200
2,1000,41999
2,1000,48562
2,1000,37571
2,1000,45106
2,1000,20649
2,1000,21791
2,1000,19697
2,1000,19507
2,1000,19527
2,1000,19827
2,1000,20118
2,1000,20068
2,1000,20699
2,1000,19487
2,1000,19497
2,1000,27532
2,1000,20759
2,1000,19818
2,1000,20319
2,1000,19517
2,1000,19757
2,1000,20789
2,1000,19547
2,1000,19998
2,1000,19376
2,1000,19417
2,1000,21912
2,1000,19407
2,1000,19547
2,1000,19427
2,1000,19728
2,1000,19687
2,1000,19256
2,1000,19837
2,1000,19767
2,1000,19617
2,1000,19607
2,1000,20779
2,1000,19427
2,1000,20428
2,1000,22292
2,1000,20358
2,1000,19647
2,1000,19547
2,1000,19727
2,1000,19567
2,1000,19477
2,1000,19707
2,1000,21140
2,1000,19738
2,1000,19557
2,1000,19727
2,1000,19417
2,1000,19267
2,1000,26620
2,1000,20569
2,1000,19607
2,1000,19808
2,1000,19637
2,1000,223623
2,1000,24787
2,1000,27732
2,1000,29276
2,1000,29225
2,1000,39174
2,1000,38894
2,1000,41459
2,1000,37401
2,1000,42000
2,1000,37330
2,1000,37431
2,1000,41559
2,1000,37992
2,1000,37832
2,1000,20018
2,1000,19998
2,1000,19588
2,1000,19627
2,1000,19617
2,1000,19737
2,1000,19517
2,1000,19878
2,1000,20249
2,1000,19728
2,1000,21671
2,1000,19557
2,1000,19787
2,1000,19757
2,1000,20890
2,1000,19777
2,1000,19757
2,1000,20018
2,1000,19807
2,1000,19837
2,1000,19867
2,1000,20659
2,1000,19818
2,1000,19757
2,1000,19738
2,1000,19497
2,1000,20429
2,1000,19757
2,1000,19827
2,1000,19637
2,1000,19767
2,1000,19677
2,1000,21040
2,1000,19838
2,1000,19577
2,1000,19597
2,1000,20349
2,1000,19537
2,1000,19547
2,1000,19477
2,1000,24116
2,1000,19798
2,1000,20770
2,1000,19447
2,1000,19457
2,1000,19608
2,1000,20088
2,1000,19617
2,1000,19446
2,1000,19787
2,1000,19427
2,1000,19677
2,1000,19707
2,1000,200771
2,1000,22122
2,1000,22001
2,1000,21651
2,1000,23755
2,1000,19777
2,1000,20268
2,1000,21100
2,1000,19888
2,1000,19838
2,1000,24877
2,1000,21511
2,1000,20008
2,1000,21060
2,1000,20919
2,1000,19928
2,1000,19877
2,1000,25588
2,1000,19787
2,1000,20108
2,1000,20278
2,1000,19917
2,1000,19547
2,1000,19888
2,1000,20659
2,1000,19848
2,1000,20499
2,1000,20349
2,1000,20599
2,1000,20419
2,1000,19457
2,1000,20368
2,1000,19517
2,1000,20278
2,1000,19597
2,1000,19847
2,1000,19697
2,1000,19928
2,1000,19597
2,1000,19587
2,1000,20248
2,1000,19737
2,1000,20298
2,1000,19547
2,1000,19677
2,1000,19757
2,1000,20278
2,1000,20709
2,1000,19797
2,1000,19497
2,1000,19727
2,1000,20248
2,1000,20219
2,1000,19637
2,1000,19497
2,1000,19697
2,1000,29906
2,1000,21009
2,1000,20449
2,1000,19688
2,1000,19778
2,1000,19557
2,1000,19487
2,1000,20439
2,1000,21421
2,1000,23515
2,1000,19708
2,1000,22653
2,1000,162397
2,1000,21461
2,1000,20569
2,1000,20779
2,1000,20789
2,1000,20810
2,1000,19457
2,1000,21902
2,1000,19407
2,1000,19467
2,1000,19507
2,1000,19317
2,1000,19728
2,1000,19677
2,1000,19537
2,1000,20379
2,1000,19587
2,1000,19477
2,1000,19447
2,1000,26220
2,1000,19558
2,1000,19457
2,1000,19417
2,1000,19396
2,1000,19457
2,1000,19627
2,1000,19887
2,1000,19377
2,1000,19387
2,1000,19417
2,1000,20358
2,1000,19387
2,1000,19246
2,1000,19437
2,1000,19346
2,1000,19407
2,1000,22693
2,1000,22813
2,1000,19568
2,1000,19597
2,1000,19607
2,1000,19477
2,1000,19557
2,1000,19557
2,1000,19527
2,1000,19597
2,1000,19587
2,1000,20058
2,1000,19517
2,1000,19587
2,1000,19477
2,1000,19617
2,1000,19968
2,1000,19267
2,1000,19456
2,1000,19447
2,1000,19507
2,1000,19477
2,1000,25158
2,1000,39615
2,1000,20399
2,1000,27623
2,1000,23124
2,1000,21079
2,1000,20699
2,1000,20829
2,1000,20840
2,1000,24386
2,1000,94018
2,1000,53992
2,1000,92726
2,1000,25278
2,1000,24616
2,1000,24437
2,1000,24437
2,1000,31359
2,1000,35918
2,1000,41659
2,1000,37031
2,1000,46609
2,1000,41638
2,1000,37491
2,1000,40997
2,1000,37551
2,1000,37752
2,1000,36900
2,1000,20037
2,1000,19958
2,1000,20388
2,1000,20088
2,1000,20409
2,1000,20028
2,1000,23675
2,1000,20850
2,1000,20438
2,1000,23034
2,1000,20820
2,1000,20138
2,1000,20980
2,1000,19968
2,1000,20869
2,1000,21230
2,1000,20398
2,1000,20068
2,1000,23594
2,1000,22703
2,1000,21791
2,1000,20248
2,1000,21050
2,1000,20329
2,1000,21762
2,1000,22683
2,1000,30197
2,1000,20328
2,1000,20358
2,1000,20198
2,1000,20388
2,1000,21882
2,1000,19988
2,1000,19968
2,1000,20158
2,1000,20078
2,1000,19918
2,1000,19577
2,1000,22482
2,1000,19497
2,1000,19727
2,1000,20208
2,1000,20940
2,1000,21220
2,1000,19617
2,1000,20318
2,1000,21110
2,1000,20689
2,1000,20118
2,1000,20739
2,1000,20078
2,1000,95201
2,1000,60976
2,1000,20819
2,1000,20539
2,1000,20950
2,1000,21180
2,1000,19467
2,1000,20088
2,1000,19547
2,1000,19537
2,1000,19367
2,1000,19597
2,1000,19517
2,1000,19517
2,1000,19768
2,1000,20369
2,1000,19486
2,1000,19517
2,1000,19456
2,1000,19527
2,1000,19637
2,1000,19476
2,1000,19367
2,1000,19607
2,1000,20068
2,1000,19266
2,1000,20068
2,1000,19537
2,1000,19386
2,1000,19487
2,1000,19367
2,1000,19417
2,1000,19557
2,1000,19837
2,1000,19366
2,1000,19407
2,1000,19437
2,1000,20198
2,1000,19376
2,1000,19527
2,1000,19437
2,1000,19497
2,1000,19527
2,1000,19527
2,1000,19477
2,1000,19928
2,1000,19226
2,1000,24045
2,1000,19828
2,1000,19337
2,1000,19396
2,1000,19547
2,1000,19477
2,1000,19337
2,1000,19497
2,1000,19477
2,1000,19366
2,1000,19336
2,1000,20008
2,1000,19687
2,1000,25278
2,1000,20138
2,1000,19908
2,1000,19998
2,1000,20539
2,1000,20098
2,1000,19928
2,1000,19798
2,1000,63320
2,1000,135577
2,1000,25789
2,1000,22622
2,1000,23896
2,1000,24075
2,1000,22383
2,1000,20499
2,1000,20038
2,1000,20139
2,1000,20268
2,1000,20709
2,1000,20559
2,1000,19747
2,1000,19587
2,1000,20368
2,1000,21180
2,1000,20478
2,1000,19918
2,1000,20008
2,1000,20278
2,1000,20158
2,1000,22623
2,1000,20990
2,1000,19828
2,1000,19698
2,1000,20208
2,1000,20849
2,1000,19847
2,1000,19808
2,1000,19648
2,1000,19798
2,1000,19527
2,1000,19607
2,1000,19627
2,1000,19637
2,1000,20118
2,1000,21570
2,1000,19738
2,1000,19387
2,1000,19678
2,1000,19587
2,1000,20419
2,1000,19457
2,1000,19577
2,1000,19827
2,1000,19747
2,1000,20178
2,1000,24887
2,1000,20028
2,1000,19798
2,1000,19527
2,1000,19537
2,1000,19477
2,1000,19607
2,1000,19858
2,1000,19637
2,1000,20729
2,1000,20288
2,1000,20789
2,1000,19908
2,1000,19306
2,1000,20419
2,1000,19658
2,1000,19437
2,1000,19698
2,1000,19958
2,1000,20229
2,1000,19748
2,1000,170083
2,1000,28685
2,1000,28324
2,1000,34937
2,1000,46098
2,1000,24968
2,1000,24757
2,1000,46237
2,1000,21130
2,1000,20209
2,1000,20508
2,1000,20308
2,1000,21280
2,1000,20379
2,1000,20057
2,1000,19898
2,1000,22953
2,1000,19857
2,1000,19357
2,1000,19657
2,1000,19947
2,1000,19707
2,1000,19507
2,1000,19617
2,1000,23163
2,1000,19767
2,1000,19627
2,1000,19677
2,1000,19777
2,1000,19707
2,1000,20559
2,1000,20078
2,1000,19958
2,1000,19597
2,1000,19978
2,1000,23825
2,1000,19938
2,1000,20088
2,1000,19787
2,1000,19317
2,1000,19678
2,1000,19828
2,1000,19637
2,1000,19697
2,1000,19677
2,1000,19677
2,1000,21781
2,1000,19597
2,1000,19768
2,1000,19628
2,1000,19737
2,1000,20008
2,1000,19658
2,1000,19517
2,1000,19747
2,1000,19457
2,1000,21470
2,1000,19507
2,1000,19857
2,1000,19848
2,1000,19477
2,1000,19807
2,1000,19887
2,1000,25819
2,1000,19527
2,1000,19477
2,1000,19838
2,1000,21221
2,1000,80442
2,1000,64222
2,1000,28724
2,1000,24917
2,1000,24948
2,1000,23916
2,1000,39966
2,1000,47169
2,1000,24306
2,1000,20249
2,1000,20459
2,1000,20619
2,1000,20489
2,1000,20428
2,1000,19928
2,1000,21049
2,1000,20950
2,1000,20439
2,1000,25889
2,1000,19848
2,1000,19848
2,1000,19757
2,1000,21741
2,1000,19828
2,1000,20318
2,1000,20188
2,1000,24456
2,1000,20399
2,1000,20298
2,1000,20559
2,1000,19647
2,1000,20248
2,1000,19977
2,1000,19507
2,1000,20869
2,1000,20599
2,1000,20248
2,1000,23675
2,1000,19898
2,1000,19907
2,1000,20339
2,1000,19838
2,1000,20139
2,1000,24286
2,1000,20428
2,1000,19958
2,1000,20068
2,1000,19637
2,1000,22483
2,1000,19798
2,1000,19797
2,1000,19907
2,1000,20629
2,1000,19708
2,1000,20299
2,1000,21090
2,1000,23555
2,1000,19848
2,1000,20128
2,1000,22382
2,1000,20018
2,1000,19988
2,1000,19818
2,1000,19638
2,1000,20709
2,1000,20789
2,1000,20820
2,1000,19948
2,1000,19967
2,1000,84931
2,1000,71846
2,1000,24066
2,1000,25709
2,1000,26931
2,1000,24607
2,1000,30357
2,1000,23284
2,1000,21000
2,1000,20599
2,1000,20168
2,1000,20209
2,1000,19978
2,1000,20038
2,1000,20208
2,1000,21069
2,1000,24036
2,1000,20519
2,1000,20639
2,1000,20419
2,1000,20459
2,1000,20118
2,1000,20519
2,1000,20809
2,1000,20168
2,1000,20268
2,1000,21841
2,1000,23725
2,1000,20218
2,1000,19607
2,1000,19677
2,1000,19467
2,1000,19937
2,1000,20429
2,1000,19667
2,1000,19697
2,1000,19627
2,1000,22162
2,1000,19858
2,1000,20158
2,1000,19828
2,1000,19877
2,1000,19657
2,1000,20068
2,1000,26280
2,1000,19918
2,1000,19527
2,1000,19807
2,1000,21892
2,1000,19336
2,1000,19417
2,1000,19767
2,1000,19397
2,1000,19798
2,1000,19898
2,1000,19697
2,1000,19517
2,1000,19497
2,1000,19577
2,1000,20939
2,1000,20108
2,1000,19848
2,1000,19708
2,1000,19517
2,1000,19938
2,1000,19537
2,1000,19918
2,1000,20209
2,1000,94759
2,1000,111611
2,1000,20519
2,1000,20620
2,1000,20629
2,1000,23174
2,1000,19827
2,1000,19357
2,1000,19627
2,1000,19406
2,1000,19577
2,1000,19476
2,1000,19527
2,1000,19757
2,1000,20228
2,1000,19617
2,1000,20318
2,1000,19447
2,1000,19437
2,1000,19507
2,1000,19436
2,1000,19677
2,1000,19637
2,1000,19407
2,1000,19337
2,1000,19657
2,1000,20629
2,1000,19436
2,1000,19307
2,1000,19507
2,1000,19437
2,1000,19397
2,1000,19748
2,1000,19377
2,1000,19497
2,1000,19547
2,1000,19357
2,1000,20339
2,1000,19497
2,1000,19417
2,1000,19998
2,1000,19457
2,1000,19557
2,1000,19437
2,1000,19437
2,1000,19387
2,1000,19447
2,1000,38914
2,1000,20369
2,1000,19326
2,1000,19537
2,1000,19537
2,1000,19887
2,1000,19466
2,1000,19838
2,1000,19347
2,1000,19427
2,1000,19417
2,1000,19406
2,1000,26580
2,1000,19367
2,1000,19316
2,1000,21841
2,1000,19337
2,1000,21541
2,1000,19597
2,1000,19326
2,1000,19497
2,1000,19547
2,1000,92255
2,1000,97805
2,1000,23645
2,1000,23094
2,1000,25438
2,1000,25598
2,1000,20489
2,1000,22543
2,1000,26270
2,1000,19727
2,1000,19427
2,1000,19727
2,1000,19557
2,1000,20419
2,1000,19487
2,1000,21331
2,1000,19568
2,1000,19698
2,1000,19648
2,1000,19638
2,1000,19828
2,1000,19957
2,1000,19437
2,1000,19687
2,1000,19417
2,1000,19968
2,1000,23735
2,1000,20599
2,1000,19867
2,1000,19737
2,1000,20068
2,1000,20649
2,1000,20268
2,1000,20028
2,1000,20138
2,1000,19947
2,1000,19968
2,1000,23985
2,1000,19818
2,1000,20048
2,1000,19677
2,1000,20388
2,1000,19878
2,1000,19648
2,1000,19798
2,1000,19968
2,1000,29686
2,1000,23645
2,1000,19878
2,1000,19868
2,1000,19517
2,1000,19988
2,1000,20008
2,1000,19868
2,1000,19797
2,1000,19667
2,1000,19988
2,1000,19638
2,1000,21862
2,1000,22563
2,1000,23905
2,1000,21120
2,1000,21170
2,1000,20248
2,1000,20038
2,1000,19997
2,1000,19597
2,1000,19778
2,1000,19737
2,1000,117602
2,1000,55735
2,1000,24496
2,1000,23414
2,1000,23254
2,1000,25378
2,1000,20569
2,1000,19857
2,1000,28074
2,1000,19797
2,1000,19797
2,1000,20309
2,1000,20509
2,1000,21000
2,1000,20119
2,1000,23945
2,1000,19697
2,1000,19968
2,1000,20168
2,1000,20048
2,1000,19407
2,1000,22653
2,1000,21441
2,1000,19697
2,1000,19858
2,1000,19888
2,1000,23424
2,1000,19577
2,1000,20098
2,1000,20168
2,1000,19938
2,1000,20769
2,1000,20008
2,1000,19958
2,1000,19707
2,1000,19878
2,1000,19867
2,1000,23134
2,1000,19827
2,1000,19908
2,1000,20038
2,1000,19938
2,1000,20078
2,1000,20408
2,1000,19687
2,1000,19717
2,1000,26951
3,1000,19898
3,1000,22542
3,1000,19778
3,1000,19908
3,1000,20088
3,1000,19567
3,1000,19728
3,1000,19677
3,1000,19978
3,1000,20018
3,1000,20098
3,1000,31450
3,1000,22112
3,1000,19617
3,1000,19617
3,1000,19948
3,1000,19957
3,1000,19477
3,1000,19537
3,1000,19837
3,1000,19968
3,1000,88658
3,1000,56928
3,1000,24076
3,1000,21902
3,1000,21410
3,1000,22212
3,1000,21300
3,1000,21601
3,1000,27101
3,1000,20278
3,1000,20318
3,1000,20118
3,1000,20209
3,1000,20478
3,1000,19968
3,1000,20329
3,1000,19928
3,1000,20379
3,1000,19587
3,1000,20569
3,1000,19637
3,1000,19967
3,1000,22462
3,1000,21410
3,1000,19697
3,1000,19557
3,1000,20268
3,1000,19657
3,1000,20749
3,1000,19406
3,1000,19788
3,1000,20619
3,1000,19547
3,1000,20389
3,1000,20769
3,1000,20680
3,1000,19848
3,1000,20348
3,1000,19587
3,1000,19768
3,1000,19747
3,1000,21431
3,1000,19517
3,1000,20068
3,1000,19947
3,1000,20950
3,1000,25599
3,1000,20489
3,1000,19637
3,1000,19657
3,1000,20178
3,1000,19487
3,1000,20409
3,1000,19727
3,1000,19658
3,1000,19597
3,1000,20919
3,1000,20088
3,1000,19898
3,1000,19827
3,1000,19847
3,1000,19918
3,1000,19587
3,1000,19517
3,1000,19777
3,1000,19677
3,1000,20418
3,1000,19517
3,1000,20139
3,1000,106923
3,1000,24046
3,1000,25278
3,1000,23665
3,1000,23465
3,1000,26460
3,1000,22332
3,1000,25388
3,1000,22182
3,1000,28294
3,1000,20479
3,1000,20259
3,1000,20899
3,1000,24887
3,1000,20308
3,1000,20499
3,1000,21321
3,1000,20729
3,1000,20900
3,1000,20569
3,1000,20439
3,1000,21030
3,1000,24326
3,1000,24466
3,1000,20288
3,1000,20458
3,1000,20389
3,1000,20499
3,1000,20338
3,1000,20519
3,1000,22212
3,1000,25648
3,1000,21811
3,1000,20068
3,1000,23424
3,1000,20849
3,1000,19898
3,1000,20139
3,1000,19798
3,1000,19677
3,1000,20579
3,1000,20189
3,1000,20088
3,1000,20008
3,1000,20518
3,1000,22373
3,1000,19807
3,1000,19968
3,1000,19858
3,1000,19908
3,1000,19767
3,1000,19446
3,1000,19747
3,1000,19838
3,1000,19577
3,1000,19757
3,1000,21490
3,1000,20008
3,1000,19517
3,1000,19547
3,1000,19968
3,1000,20659
3,1000,22293
3,1000,22873
3,1000,20398
3,1000,19978
3,1000,23685
3,1000,19807
3,1000,90592
3,1000,95902
3,1000,25308
3,1000,24346
3,1000,33013
3,1000,38052
3,1000,46628
3,1000,38193
3,1000,38002
3,1000,41939
3,1000,35136
3,1000,42270
3,1000,38523
3,1000,30468
3,1000,20790
3,1000,21030
3,1000,20689
3,1000,20690
3,1000,20609
3,1000,20579
3,1000,21461
3,1000,20309
3,1000,19968
3,1000,19958
3,1000,20438
3,1000,22743
3,1000,19818
3,1000,21180
3,1000,20088
3,1000,20078
3,1000,20219
3,1000,20128
3,1000,20329
3,1000,20308
3,1000,19927
3,1000,20068
3,1000,23805
3,1000,20178
3,1000,20238
3,1000,29416
3,1000,21120
3,1000,20800
3,1000,19998
3,1000,21020
3,1000,20209
3,1000,19877
3,1000,23595
3,1000,20298
3,1000,20359
3,1000,20149
3,1000,20339
3,1000,20740
3,1000,19828
3,1000,20158
3,1000,20198
3,1000,20399
3,1000,20178
3,1000,23555
3,1000,20007
3,1000,20188
3,1000,20298
3,1000,20318
3,1000,19818
3,1000,20058
3,1000,20328
3,1000,20238
3,1000,20208
3,1000,20068
3,1000,74662
3,1000,62628
3,1000,38032
3,1000,30968
3,1000,29966
3,1000,38964
3,1000,43091
3,1000,42821
3,1000,33964
3,1000,24867
3,1000,24978
3,1000,26270
3,1000,25148
3,1000,25228
3,1000,21922
3,1000,25358
3,1000,20329
3,1000,20639
3,1000,20229
3,1000,19988
3,1000,20248
3,1000,20920
3,1000,20469
3,1000,20719
3,1000,20649
3,1000,24687
3,1000,20689
3,1000,21140
3,1000,20158
3,1000,20478
3,1000,21120
3,1000,20168
3,1000,21290
3,1000,25839
3,1000,22042
3,1000,20308
3,1000,24767
3,1000,20528
3,1000,20860
3,1000,20890
3,1000,20409
3,1000,20759
3,1000,20408
3,1000,20479
3,1000,20659
3,1000,20940
3,1000,20099
3,1000,22713
3,1000,20228
3,1000,22021
3,1000,20579
3,1000,20509
3,1000,20038
3,1000,20148
3,1000,20720
3,1000,20850
3,1000,20419
3,1000,20108
3,1000,24777
3,1000,19958
3,1000,22473
3,1000,20048
3,1000,21010
3,1000,24306
3,1000,27131
3,1000,21891
3,1000,20909
3,1000,31610
3,1000,27843
3,1000,88297
3,1000,58882
3,1000,27823
3,1000,24366
3,1000,24386
3,1000,24927
3,1000,26890
3,1000,21841
3,1000,19728
3,1000,20239
3,1000,27913
3,1000,26430
3,1000,20659
3,1000,20990
3,1000,21391
3,1000,23654
3,1000,24245
3,1000,24536
3,1000,23324
3,1000,24356
3,1000,23635
3,1000,21320
3,1000,20048
3,1000,19698
3,1000,20359
3,1000,20639
3,1000,23685
3,1000,20900
3,1000,20129
3,1000,26841
3,1000,20298
3,1000,21300
3,1000,20889
3,1000,19908
3,1000,20118
3,1000,20128
3,1000,20709
3,1000,23575
3,1000,20689
3,1000,20098
3,1000,20699
3,1000,20318
3,1000,20068
3,1000,20358
3,1000,20148
3,1000,23034
3,1000,22202
3,1000,20659
3,1000,24386
3,1000,20198
3,1000,20438
3,1000,20098
3,1000,21290
3,1000,20368
3,1000,21441
3,1000,20198
3,1000,20139
3,1000,20970
3,1000,20358
3,1000,23865
3,1000,20419
3,1000,20139
3,1000,20078
3,1000,20048
3,1000,20549
3,1000,19938
3,1000,27331
3,1000,20910
3,1000,20319
3,1000,163460
3,1000,23956
3,1000,25418
3,1000,23976
3,1000,24787
3,1000,30648
3,1000,22623
3,1000,22653
3,1000,21521
3,1000,20309
3,1000,20279
3,1000,20018
3,1000,21080
3,1000,20509
3,1000,20228
3,1000,24045
3,1000,20258
3,1000,20208
3,1000,19928
3,1000,19657
3,1000,20308
3,1000,20138
3,1000,20298
3,1000,19918
3,1000,20579
3,1000,20198
3,1000,23705
3,1000,20008
3,1000,20509
3,1000,20178
3,1000,20068
3,1000,19717
3,1000,20078
3,1000,19888
3,1000,19738
3,1000,19948
3,1000,22573
3,1000,19867
3,1000,20328
3,1000,19617
3,1000,19397
3,1000,20138
3,1000,19497
3,1000,19678
3,1000,22623
3,1000,23375
3,1000,20078
3,1000,21991
3,1000,19978
3,1000,19828
3,1000,19897
3,1000,19778
3,1000,19898
3,1000,19907
3,1000,19988
3,1000,20299
3,1000,19577
3,1000,19858
3,1000,21350
3,1000,19777
3,1000,20148
3,1000,19677
3,1000,19978
3,1000,19868
3,1000,19658
3,1000,19617
3,1000,20178
3,1000,19698
3,1000,207683
3,1000,24106
3,1000,24106
3,1000,24426
3,1000,24476
3,1000,48211
3,1000,36950
3,1000,37321
3,1000,42560
3,1000,38142
3,1000,46759
3,1000,42972
3,1000,37451
3,1000,42090
3,1000,38002
3,1000,20779
3,1000,22923
3,1000,19988
3,1000,19698
3,1000,27322
3,1000,19948
3,1000,38703
3,1000,21621
3,1000,21531
3,1000,21270
3,1000,21230
3,1000,20619
3,1000,23946
3,1000,20518
3,1000,20689
3,1000,21831
3,1000,20659
3,1000,22793
3,1000,20398
3,1000,20418
3,1000,20369
3,1000,19888
3,1000,20259
3,1000,25468
3,1000,20439
3,1000,21261
3,1000,20890
3,1000,20679
3,1000,20118
3,1000,20258
3,1000,20118
3,1000,20989
3,1000,20378
3,1000,24878
3,1000,20278
3,1000,20368
3,1000,20860
3,1000,21110
3,1000,20329
3,1000,20488
3,1000,27352
3,1000,22011
3,1000,20148
3,1000,20629
3,1000,23645
3,1000,20849
3,1000,20870
3,1000,20037
3,1000,21000
3,1000,19918
3,1000,20168
3,1000,20629
3,1000,20339
3,1000,171495
3,1000,27031
3,1000,25538
3,1000,26871
3,1000,33434
3,1000,20168
3,1000,20860
3,1000,19667
3,1000,19768
3,1000,19738
3,1000,19707
3,1000,19777
3,1000,21371
3,1000,19918
3,1000,21430
3,1000,20599
3,1000,40938
3,1000,19587
3,1000,19607
3,1000,19818
3,1000,20398
3,1000,19557
3,1000,19747
3,1000,19968
3,1000,20859
3,1000,19847
3,1000,19757
3,1000,19728
3,1000,19637
3,1000,19818
3,1000,19477
3,1000,19868
3,1000,19537
3,1000,19547
3,1000,19436
3,1000,20359
3,1000,20038
3,1000,19507
3,1000,19607
3,1000,20018
3,1000,19467
3,1000,19527
3,1000,19697
3,1000,19507
3,1000,19807
3,1000,19527
3,1000,20318
3,1000,19567
3,1000,19797
3,1000,19747
3,1000,19467
3,1000,19507
3,1000,19737
3,1000,19477
3,1000,19527
3,1000,19386
3,1000,20318
3,1000,19456
3,1000,19728
3,1000,19477
3,1000,19678
3,1000,19828
3,1000,19537
3,1000,19688
3,1000,19838
3,1000,19497
3,1000,20149
3,1000,78148
3,1000,115559
3,1000,27522
3,1000,29025
3,1000,28254
3,1000,29646
3,1000,29586
3,1000,24486
3,1000,20468
3,1000,20259
3,1000,20149
3,1000,20870
3,1000,19918
3,1000,22533
3,1000,20058
3,1000,21070
3,1000,23785
3,1000,29786
3,1000,20358
3,1000,20098
3,1000,20218
3,1000,19827
3,1000,19858
3,1000,20018
3,1000,19547
3,1000,20329
3,1000,24317
3,1000,19988
3,1000,19938
3,1000,20519
3,1000,19758
3,1000,20138
3,1000,19638
3,1000,20369
3,1000,20098
3,1000,19898
3,1000,20028
3,1000,23806
3,1000,19818
3,1000,20729
3,1000,19958
3,1000,20058
3,1000,20068
3,1000,19657
3,1000,20128
3,1000,19848
3,1000,20309
3,1000,19967
3,1000,22242
3,1000,20058
3,1000,20368
3,1000,19798
3,1000,19778
3,1000,19757
3,1000,20208
3,1000,19658
3,1000,19938
3,1000,19888
3,1000,31099
3,1000,24256
3,1000,19857
3,1000,19837
3,1000,20289
3,1000,34997
3,1000,19928
3,1000,19537
3,1000,35597
3,1000,34284
3,1000,26259
3,1000,177105
3,1000,23194
3,1000,24185
3,1000,23635
3,1000,23805
3,1000,38492
3,1000,42130
3,1000,35458
3,1000,38442
3,1000,41880
3,1000,48622
3,1000,42260
3,1000,38413
3,1000,30988
3,1000,19958
3,1000,23404
3,1000,20109
3,1000,19858
3,1000,20239
3,1000,20619
3,1000,20358
3,1000,20058
3,1000,19757
3,1000,19757
3,1000,19847
3,1000,19787
3,1000,24276
3,1000,20048
3,1000,19807
3,1000,20248
3,1000,20168
3,1000,19978
3,1000,20489
3,1000,19867
3,1000,19617
3,1000,19947
3,1000,20368
3,1000,23865
3,1000,19948
3,1000,20519
3,1000,20349
3,1000,20108
3,1000,20048
3,1000,20389
3,1000,19738
3,1000,29336
3,1000,19787
3,1000,19878
3,1000,23164
3,1000,19737
3,1000,19918
3,1000,19998
3,1000,19647
3,1000,20208
3,1000,19878
3,1000,19918
3,1000,19887
3,1000,20128
3,1000,22222
3,1000,19947
3,1000,22793
3,1000,22012
3,1000,19597
3,1000,19888
3,1000,19958
3,1000,19747
3,1000,20058
3,1000,19917
3,1000,85552
3,1000,100250
3,1000,24857
3,1000,24747
3,1000,24526
3,1000,34435
3,1000,43362
3,1000,46037
3,1000,42260
3,1000,38212
3,1000,48292
3,1000,41689
3,1000,37782
3,1000,41819
3,1000,38263
3,1000,36179
3,1000,21230
3,1000,20549
3,1000,20028
3,1000,20228
3,1000,20138
3,1000,20289
3,1000,20269
3,1000,20399
3,1000,20439
3,1000,19788
3,1000,24606
3,1000,20419
3,1000,20589
3,1000,20309
3,1000,20498
3,1000,20239
3,1000,20289
3,1000,20057
3,1000,19687
3,1000,19888
3,1000,20239
3,1000,30458
3,1000,20329
3,1000,20078
3,1000,20809
3,1000,20519
3,1000,21029
3,1000,21621
3,1000,20248
3,1000,20910
3,1000,20259
3,1000,20368
3,1000,24336
3,1000,20188
3,1000,20138
3,1000,20789
3,1000,20409
3,1000,20178
3,1000,20709
3,1000,20959
3,1000,20188
3,1000,20298
3,1000,20379
3,1000,23865
3,1000,19827
3,1000,21190
3,1000,19877
3,1000,20669
3,1000,20959
3,1000,20198
3,1000,20098
3,1000,19857
3,1000,77437
3,1000,93266
3,1000,21050
3,1000,23425
3,1000,23375
3,1000,23585
3,1000,23134
3,1000,28084
3,1000,22442
3,1000,19788
3,1000,20068
3,1000,19687
3,1000,19898
3,1000,20880
3,1000,20579
3,1000,20679
3,1000,20349
3,1000,20268
3,1000,24145
3,1000,20038
3,1000,19727
3,1000,20068
3,1000,19967
3,1000,19808
3,1000,20218
3,1000,20218
3,1000,20118
3,1000,20068
3,1000,24327
3,1000,19948
3,1000,20118
3,1000,20028
3,1000,19998
3,1000,20498
3,1000,20239
3,1000,20148
3,1000,20228
3,1000,19998
3,1000,20008
3,1000,23325
3,1000,19908
3,1000,20389
3,1000,19827
3,1000,20018
3,1000,20630
3,1000,20289
3,1000,20209
3,1000,20269
3,1000,20559
3,1000,19998
3,1000,22382
3,1000,19897
3,1000,19597
3,1000,19897
3,1000,20098
3,1000,19858
3,1000,22793
3,1000,20268
3,1000,20158
3,1000,20098
3,1000,22622
3,1000,28404
3,1000,23133
3,1000,24917
3,1000,20078
3,1000,20549
3,1000,20078
3,1000,19948
3,1000,20769
3,1000,119887
3,1000,30848
3,1000,29937
3,1000,28043
3,1000,27241
3,1000,28173
3,1000,28795
3,1000,25207
3,1000,26139
3,1000,20119
3,1000,20408
3,1000,20539
3,1000,20519
3,1000,23314
3,1000,19998
3,1000,21441
3,1000,20558
3,1000,20719
3,1000,20218
3,1000,25138
3,1000,20478
3,1000,21661
3,1000,20529
3,1000,20529
3,1000,20168
3,1000,20168
3,1000,20108
3,1000,20549
3,1000,20609
3,1000,21200
3,1000,25508
3,1000,21411
3,1000,21230
3,1000,21040
3,1000,26701
3,1000,20519
3,1000,20629
3,1000,20679
3,1000,20379
3,1000,20919
3,1000,24657
3,1000,20819
3,1000,20499
3,1000,21120
3,1000,20549
3,1000,20459
3,1000,20539
3,1000,20509
3,1000,20499
3,1000,20328
3,1000,20439
3,1000,22774
3,1000,20789
3,1000,19968
3,1000,20889
3,1000,21491
3,1000,20740
3,1000,19968
3,1000,20279
3,1000,20078
3,1000,21070
3,1000,20809
3,1000,22994
3,1000,20970
3,1000,20899
3,1000,20569
3,1000,20759
3,1000,21340
3,1000,84520
3,1000,35528
3,1000,49755
3,1000,20689
3,1000,20969
3,1000,21761
3,1000,19847
3,1000,20118
3,1000,19687
3,1000,20228
3,1000,20018
3,1000,20278
3,1000,20098
3,1000,20729
3,1000,19747
3,1000,19798
3,1000,20169
3,1000,19577
3,1000,19658
3,1000,19658
3,1000,20289
3,1000,20348
3,1000,20168
3,1000,20268
3,1000,20068
3,1000,20088
3,1000,21120
3,1000,19597
3,1000,19638
3,1000,19637
3,1000,19967
3,1000,19657
3,1000,20048
3,1000,19607
3,1000,19627
3,1000,19477
3,1000,19677
3,1000,26380
3,1000,19627
3,1000,19718
3,1000,19687
3,1000,19657
3,1000,19798
3,1000,19567
3,1000,19897
3,1000,20118
3,1000,19607
3,1000,20800
3,1000,19608
3,1000,19598
3,1000,19658
3,1000,19607
3,1000,20088
3,1000,19577
3,1000,19577
3,1000,19627
3,1000,19417
3,1000,19647
3,1000,20469
3,1000,19797
3,1000,19547
3,1000,19677
3,1000,20008
3,1000,20188
3,1000,19577
3,1000,19607
3,1000,19597
3,1000,19667
3,1000,19567
3,1000,82606
3,1000,76125
3,1000,24126
3,1000,23855
3,1000,24977
3,1000,24326
3,1000,22433
3,1000,20318
3,1000,19948
3,1000,19817
3,1000,19868
3,1000,20830
3,1000,20739
3,1000,20609
3,1000,20579
3,1000,24918
3,1000,22613
3,1000,19828
3,1000,19577
3,1000,20018
3,1000,19948
3,1000,20409
4,1000,20218
4,1000,20208
4,1000,20098
4,1000,19888
4,1000,24035
4,1000,19978
4,1000,19988
4,1000,20048
4,1000,19947
4,1000,19868
4,1000,20599
4,1000,19727
4,1000,19938
4,1000,20018
4,1000,20008
4,1000,22763
4,1000,26710
4,1000,19888
4,1000,20058
4,1000,20158
4,1000,20108
4,1000,19988
4,1000,19978
4,1000,19768
4,1000,20288
4,1000,20298
4,1000,24026
4,1000,19998
4,1000,19817
4,1000,20018
4,1000,19727
4,1000,19977
4,1000,19828
4,1000,19747
4,1000,20058
4,1000,19867
4,1000,21340
4,1000,19917
4,1000,19908
4,1000,20098
4,1000,19768
4,1000,19607
4,1000,19818
4,1000,19537
4,1000,19797
4,1000,20108
4,1000,77647
4,1000,107994
4,1000,29476
4,1000,23684
4,1000,23304
4,1000,24386
4,1000,27712
4,1000,35457
4,1000,37571
4,1000,41960
4,1000,38523
4,1000,38262
4,1000,42080
4,1000,38693
4,1000,42490
4,1000,37801
4,1000,38543
4,1000,34054
4,1000,20599
4,1000,20068
4,1000,19597
4,1000,19858
4,1000,19868
4,1000,19877
4,1000,19918
4,1000,21210
4,1000,20229
4,1000,24216
4,1000,20328
4,1000,20288
4,1000,20118
4,1000,25668
4,1000,19938
4,1000,20679
4,1000,20359
4,1000,20229
4,1000,20048
4,1000,20208
4,1000,23775
4,1000,20228
4,1000,19958
4,1000,20119
4,1000,19848
4,1000,20539
4,1000,20118
4,1000,20289
4,1000,20058
4,1000,19938
4,1000,20639
4,1000,22503
4,1000,19978
4,1000,20159
4,1000,19828
4,1000,19907
4,1000,20288
4,1000,20028
4,1000,20058
4,1000,19948
4,1000,20007
4,1000,20048
4,1000,22683
4,1000,20088
4,1000,20078
4,1000,20098
4,1000,19977
4,1000,19788
4,1000,19878
4,1000,20368
4,1000,20088
4,1000,88859
4,1000,31740
4,1000,31399
4,1000,24527
4,1000,25008
4,1000,24005
4,1000,24727
4,1000,23905
4,1000,24387
4,1000,20378
4,1000,24938
4,1000,20289
4,1000,20068
4,1000,20088
4,1000,19948
4,1000,20078
4,1000,20699
4,1000,20178
4,1000,20188
4,1000,20679
4,1000,20299
4,1000,24466
4,1000,21200
4,1000,20478
4,1000,19788
4,1000,19947
4,1000,20168
4,1000,20058
4,1000,19978
4,1000,19998
4,1000,19958
4,1000,19948
4,1000,30658
4,1000,20088
4,1000,20769
4,1000,19948
4,1000,19698
4,1000,20169
4,1000,20168
4,1000,20108
4,1000,19818
4,1000,20189
4,1000,22924
4,1000,20088
4,1000,20078
4,1000,19818
4,1000,20389
4,1000,20139
4,1000,20179
4,1000,20219
4,1000,19798
4,1000,19707
4,1000,19757
4,1000,22773
4,1000,20649
4,1000,20068
4,1000,20218
4,1000,19998
4,1000,19767
4,1000,19697
4,1000,25829
4,1000,19987
4,1000,19517
4,1000,19717
4,1000,22392
4,1000,19888
4,1000,19628
4,1000,20118
4,1000,91674
4,1000,122221
4,1000,24948
4,1000,24918
4,1000,24286
4,1000,25067
4,1000,52480
4,1000,49694
4,1000,46738
4,1000,51047
4,1000,46949
4,1000,51758
4,1000,46879
4,1000,46618
4,1000,55035
4,1000,41519
4,1000,25819
4,1000,25739
4,1000,25488
4,1000,24967
4,1000,25489
4,1000,25308
4,1000,25969
4,1000,25759
4,1000,25708
4,1000,30147
4,1000,25488
4,1000,25568
4,1000,25107
4,1000,25208
4,1000,25418
4,1000,24065
4,1000,23074
4,1000,21340
4,1000,20459
4,1000,21150
4,1000,24887
4,1000,20679
4,1000,21821
4,1000,20740
4,1000,20719
4,1000,20839
4,1000,20640
4,1000,19687
4,1000,20769
4,1000,20790
4,1000,24627
4,1000,20589
4,1000,20699
4,1000,21261
4,1000,20839
4,1000,20178
4,1000,26290
4,1000,20819
4,1000,21150
4,1000,20208
4,1000,22342
4,1000,22934
4,1000,21991
4,1000,20549
4,1000,21050
4,1000,20368
4,1000,21431
4,1000,20759
4,1000,20970
4,1000,21190
4,1000,21691
4,1000,20338
4,1000,27402
4,1000,92546
4,1000,127391
4,1000,26981
4,1000,29235
4,1000,29897
4,1000,29105
4,1000,25789
4,1000,23966
4,1000,25789
4,1000,23925
4,1000,21020
4,1000,27392
4,1000,21230
4,1000,20850
4,1000,20820
4,1000,21060
4,1000,25989
4,1000,20289
4,1000,21131
4,1000,20038
4,1000,21110
4,1000,20819
4,1000,20970
4,1000,20909
4,1000,21782
4,1000,21260
4,1000,20559
4,1000,25458
4,1000,20719
4,1000,20769
4,1000,20579
4,1000,24025
4,1000,23234
4,1000,21120
4,1000,21591
4,1000,20048
4,1000,20469
4,1000,21230
4,1000,23264
4,1000,21271
4,1000,21330
4,1000,21130
4,1000,21431
4,1000,21250
4,1000,20879
4,1000,20399
4,1000,20539
4,1000,26050
4,1000,23966
4,1000,20148
4,1000,20919
4,1000,20489
4,1000,20629
4,1000,20549
4,1000,20539
4,1000,20759
4,1000,20018
4,1000,20689
4,1000,20759
4,1000,22222
4,1000,23194
4,1000,22963
4,1000,23715
4,1000,21180
4,1000,23625
4,1000,23985
4,1000,20449
4,1000,25468
4,1000,119947
4,1000,107945
4,1000,22703
4,1000,23575
4,1000,23735
4,1000,23364
4,1000,23755
4,1000,34916
4,1000,21490
4,1000,20248
4,1000,20269
4,1000,20790
4,1000,20028
4,1000,19968
4,1000,20589
4,1000,19998
4,1000,20449
4,1000,20609
4,1000,25257
4,1000,20830
4,1000,20028
4,1000,20038
4,1000,20629
4,1000,19908
4,1000,19898
4,1000,20098
4,1000,20389
4,1000,20178
4,1000,22603
4,1000,24346
4,1000,20338
4,1000,20058
4,1000,21019
4,1000,20218
4,1000,20308
4,1000,19908
4,1000,20619
4,1000,20118
4,1000,20058
4,1000,20338
4,1000,23915
4,1000,20369
4,1000,20108
4,1000,20449
4,1000,20318
4,1000,20129
4,1000,20408
4,1000,20509
4,1000,20028
4,1000,20248
4,1000,22653
4,1000,20299
4,1000,20469
4,1000,19908
4,1000,19998
4,1000,20669
4,1000,19817
4,1000,19908
4,1000,20318
4,1000,381302
4,1000,20759
4,1000,54753
4,1000,21079
4,1000,20228
4,1000,20569
4,1000,20248
4,1000,20809
4,1000,20138
4,1000,20118
4,1000,97124
4,1000,127883
4,1000,25478
4,1000,25298
4,1000,28745
4,1000,37411
4,1000,40718
4,1000,38733
4,1000,38233
4,1000,41839
4,1000,35187
4,1000,38322
4,1000,42541
4,1000,37792
4,1000,41348
4,1000,22423
4,1000,21330
4,1000,20669
4,1000,20790
4,1000,20639
4,1000,20949
4,1000,20219
4,1000,20279
4,1000,21170
4,1000,25328
4,1000,20679
4,1000,21260
4,1000,20318
4,1000,20619
4,1000,20669
4,1000,21110
4,1000,20579
4,1000,20319
4,1000,20328
4,1000,23585
4,1000,20369
4,1000,20048
4,1000,20820
4,1000,20439
4,1000,19938
4,1000,20178
4,1000,21591
4,1000,20709
4,1000,20438
4,1000,20188
4,1000,24366
4,1000,20469
4,1000,20218
4,1000,20188
4,1000,20689
4,1000,20609
4,1000,20539
4,1000,20779
4,1000,20429
4,1000,24497
4,1000,20398
4,1000,23645
4,1000,20017
4,1000,20038
4,1000,20328
4,1000,20198
4,1000,19977
4,1000,20258
4,1000,20008
4,1000,20198
4,1000,19998
4,1000,20209
4,1000,21651
4,1000,91303
4,1000,112794
4,1000,25799
4,1000,24476
4,1000,24196
4,1000,36058
4,1000,42090
4,1000,38383
4,1000,38824
4,1000,41649
4,1000,38082
4,1000,47249
4,1000,59122
4,1000,46007
4,1000,24676
4,1000,20609
4,1000,20789
4,1000,20309
4,1000,20699
4,1000,20839
4,1000,20168
4,1000,21190
4,1000,20669
4,1000,20429
4,1000,23054
4,1000,27112
4,1000,20148
4,1000,19838
4,1000,20028
4,1000,20629
4,1000,20308
4,1000,20339
4,1000,20118
4,1000,20519
4,1000,20118
4,1000,20328
4,1000,24046
4,1000,19997
4,1000,20609
4,1000,20609
4,1000,20218
4,1000,19928
4,1000,20037
4,1000,19768
4,1000,20188
4,1000,20138
4,1000,19948
4,1000,23835
4,1000,19698
4,1000,20239
4,1000,20028
4,1000,20909
4,1000,19847
4,1000,20499
4,1000,19948
4,1000,19647
4,1000,20820
4,1000,20148
4,1000,24195
4,1000,19928
4,1000,20289
4,1000,22202
4,1000,21200
4,1000,19878
4,1000,20178
4,1000,19807
4,1000,24456
4,1000,23154
4,1000,23645
4,1000,170834
4,1000,27031
4,1000,27683
4,1000,26530
4,1000,25348
4,1000,26250
4,1000,21490
4,1000,20729
4,1000,21020
4,1000,25539
4,1000,20599
4,1000,21440
4,1000,20228
4,1000,20899
4,1000,20619
4,1000,20599
4,1000,20569
4,1000,21792
4,1000,20599
4,1000,20539
4,1000,24065
4,1000,20399
4,1000,21150
4,1000,20679
4,1000,20458
4,1000,20819
4,1000,20549
4,1000,20508
4,1000,20319
4,1000,20700
4,1000,24657
4,1000,21360
4,1000,21551
4,1000,21320
4,1000,20238
4,1000,20369
4,1000,20679
4,1000,20909
4,1000,20549
4,1000,21170
4,1000,20368
4,1000,24276
4,1000,26410
4,1000,20389
4,1000,20228
4,1000,20028
4,1000,20629
4,1000,20309
4,1000,20128
4,1000,20879
4,1000,20308
4,1000,21380
4,1000,23414
4,1000,20559
4,1000,20238
4,1000,20228
4,1000,20509
4,1000,21090
4,1000,20919
4,1000,20338
4,1000,20338
4,1000,20228
4,1000,26470
4,1000,25639
4,1000,22182
4,1000,19707
4,1000,20208
4,1000,20739
4,1000,99839
4,1000,74652
4,1000,20509
4,1000,20479
4,1000,20579
4,1000,21000
4,1000,24857
4,1000,20078
4,1000,19777
4,1000,21030
4,1000,19677
4,1000,19757
4,1000,19627
4,1000,19648
4,1000,20008
4,1000,19607
4,1000,19818
4,1000,19618
4,1000,19657
4,1000,19927
4,1000,20348
4,1000,19687
4,1000,19788
4,1000,19597
4,1000,19637
4,1000,21140
4,1000,19728
4,1000,19637
4,1000,19617
4,1000,19727
4,1000,19657
4,1000,20489
4,1000,20119
4,1000,19607
4,1000,19637
4,1000,19667
4,1000,19627
4,1000,19747
4,1000,19757
4,1000,19617
4,1000,19738
4,1000,20199
4,1000,19768
4,1000,19927
4,1000,25388
4,1000,19748
4,1000,19577
4,1000,19717
4,1000,20198
4,1000,19607
4,1000,20199
4,1000,19738
4,1000,20438
4,1000,19767
4,1000,19637
4,1000,19658
4,1000,19698
4,1000,19678
4,1000,19718
4,1000,19587
4,1000,19657
4,1000,19627
4,1000,19437
4,1000,20729
4,1000,19668
4,1000,19627
4,1000,19867
4,1000,21861
4,1000,78158
4,1000,110590
4,1000,23114
4,1000,24235
4,1000,23704
4,1000,25188
4,1000,24076
4,1000,24196
4,1000,25729
4,1000,20138
4,1000,20158
4,1000,25247
4,1000,20268
4,1000,19938
4,1000,20559
4,1000,21050
4,1000,20169
4,1000,20048
4,1000,20368
4,1000,20198
4,1000,20148
4,1000,24165
4,1000,20469
4,1000,20619
4,1000,20118
4,1000,20819
4,1000,19968
4,1000,20269
4,1000,20048
4,1000,19867
4,1000,20259
4,1000,20068
4,1000,23594
4,1000,20719
4,1000,19927
4,1000,20248
4,1000,20098
4,1000,20118
4,1000,19907
4,1000,20118
4,1000,20429
4,1000,20008
4,1000,20369
4,1000,23234
4,1000,20268
4,1000,20438
4,1000,19988
4,1000,20048
4,1000,19998
4,1000,20288
4,1000,20189
4,1000,20399
4,1000,20990
4,1000,20229
4,1000,22823
4,1000,20068
4,1000,20378
4,1000,20068
4,1000,20068
4,1000,19787
4,1000,20068
4,1000,19878
4,1000,19988
4,1000,20639
4,1000,25699
4,1000,20679
4,1000,21490
4,1000,20910
4,1000,20428
4,1000,112553
4,1000,29366
4,1000,26961
4,1000,26460
4,1000,26571
4,1000,31019
4,1000,25498
4,1000,25117
4,1000,25148
4,1000,25378
4,1000,27262
4,1000,24657
4,1000,24867
4,1000,24586
4,1000,25288
4,1000,24777
4,1000,25288
4,1000,24927
4,1000,25459
4,1000,22983
4,1000,20068
4,1000,21100
4,1000,20338
4,1000,19878
4,1000,20178
4,1000,19958
4,1000,20128
4,1000,20259
4,1000,19937
4,1000,20249
4,1000,20619
4,1000,20880
4,1000,20308
4,1000,20649
4,1000,19477
4,1000,19837
4,1000,19878
4,1000,19968
4,1000,20419
4,1000,19778
4,1000,28344
4,1000,20008
4,1000,21130
4,1000,21460
4,1000,19858
4,1000,20068
4,1000,19918
4,1000,20489
4,1000,19818
4,1000,20198
4,1000,19988
4,1000,21791
4,1000,23314
4,1000,20880
4,1000,20158
4,1000,19697
4,1000,19978
4,1000,23153
4,1000,21992
4,1000,20038
4,1000,19687
4,1000,19938
4,1000,19817
4,1000,20048
4,1000,20879
4,1000,19737
4,1000,19798
4,1000,20569
4,1000,77216
4,1000,128804
4,1000,20669
4,1000,25048
4,1000,28504
4,1000,20098
4,1000,20138
4,1000,19827
4,1000,20058
4,1000,20469
4,1000,20088
4,1000,20549
4,1000,20418
4,1000,20549
4,1000,20008
4,1000,20238
4,1000,19887
4,1000,20118
4,1000,20258
4,1000,20830
4,1000,23104
4,1000,21110
4,1000,20269
4,1000,21330
4,1000,19947
4,1000,19658
4,1000,19728
4,1000,19727
4,1000,19657
4,1000,19737
4,1000,19667
4,1000,20509
4,1000,19697
4,1000,19867
4,1000,21140
4,1000,19727
4,1000,19657
4,1000,19657
4,1000,19737
4,1000,19657
4,1000,23975
4,1000,19678
4,1000,19878
4,1000,19928
4,1000,20589
4,1000,19908
4,1000,19668
4,1000,19677
4,1000,19627
4,1000,19707
4,1000,19697
4,1000,19627
4,1000,20158
4,1000,19617
4,1000,19728
4,1000,20549
4,1000,19547
4,1000,19637
4,1000,19657
4,1000,19617
4,1000,20919
4,1000,19507
4,1000,19688
4,1000,19537
4,1000,19507
4,1000,19477
4,1000,21230
4,1000,19547
4,1000,59352
4,1000,56136
4,1000,27742
4,1000,24947
4,1000,24917
4,1000,21120
4,1000,20709
4,1000,20419
4,1000,20589
4,1000,20779
4,1000,20589
4,1000,20498
4,1000,20870
4,1000,21751
4,1000,20660
4,1000,20749
4,1000,20900
4,1000,20579
4,1000,20879
4,1000,20789
4,1000,20509
4,1000,21060
4,1000,20589
4,1000,23424
4,1000,24887
4,1000,20900
4,1000,20358
4,1000,20118
4,1000,20980
4,1000,20790
4,1000,20198
4,1000,20619
4,1000,20319
4,1000,20389
4,1000,21431
4,1000,24397
4,1000,20138
4,1000,21420
4,1000,20138
4,1000,21220
4,1000,20639
4,1000,28995
4,1000,20319
4,1000,20208
4,1000,20078
4,1000,20228
4,1000,23735
4,1000,20399
4,1000,20208
4,1000,20379
4,1000,20318
4,1000,20178
4,1000,20839
4,1000,20158
4,1000,20429
4,1000,20048
4,1000,20027
4,1000,23825
4,1000,20128
4,1000,20259
4,1000,21440
4,1000,23535
4,1000,19998
4,1000,20579
4,1000,20028
4,1000,20479
4,1000,20359
4,1000,23494
4,1000,20459
4,1000,90632
4,1000,99879
4,1000,20980
4,1000,26531
4,1000,20699
4,1000,20840
4,1000,22713
4,1000,24396
4,1000,23545
4,1000,23745
4,1000,24697
4,1000,25699
4,1000,24617
4,1000,23535
4,1000,20149
4,1000,20659
4,1000,19767
4,1000,19818
4,1000,20228
4,1000,21040
4,1000,22352
4,1000,19747
4,1000,20098
4,1000,19908
4,1000,21180
4,1000,19667
4,1000,19777
4,1000,19778
4,1000,19787
4,1000,19717
4,1000,19988
4,1000,20088
4,1000,19777
4,1000,19668
4,1000,19727
4,1000,20999
4,1000,19628
4,1000,19608
4,1000,19927
4,1000,30137
4,1000,21391
4,1000,20599
4,1000,19777
4,1000,19937
4,1000,23294
4,1000,24286
4,1000,24045
4,1000,24387
4,1000,23334
4,1000,22061
4,1000,22303
4,1000,23564
4,1000,20519
4,1000,23314
4,1000,23344
4,1000,27101
4,1000,25759
4,1000,24556
4,1000,23314
4,1000,24126
4,1000,23395
4,1000,24576
4,1000,23334
4,1000,19948
5,1000,36268
5,1000,42270
5,1000,145164
5,1000,39505
5,1000,33824
5,1000,43713
5,1000,74952
5,1000,64332
5,1000,61306
5,1000,68530
5,1000,64563
5,1000,47570
5,1000,32372
5,1000,32281
5,1000,32351
5,1000,31589
5,1000,32001
5,1000,31279
5,1000,36649
5,1000,39635
5,1000,31931
5,1000,34154
5,1000,32592
5,1000,31609
5,1000,36349
5,1000,32833
5,1000,32061
5,1000,33203
5,1000,32561
5,1000,31931
5,1000,34355
5,1000,31791
5,1000,35427
5,1000,31741
5,1000,32322
5,1000,31820
5,1000,31610
5,1000,35577
5,1000,32542
5,1000,31589
5,1000,32922
5,1000,31640
5,1000,38963
5,1000,195250
5,1000,37240
5,1000,38863
5,1000,44705
5,1000,51247
5,1000,59032
5,1000,38653
5,1000,37220
5,1000,107193
5,1000,49193
5,1000,31911
5,1000,31710
5,1000,31740
5,1000,31479
5,1000,31911
5,1000,31359
5,1000,35858
5,1000,31670
5,1000,31550
5,1000,38984
5,1000,32111
5,1000,31450
5,1000,36148
5,1000,31169
5,1000,31680
5,1000,31089
5,1000,31900
5,1000,31440
5,1000,33484
5,1000,30839
5,1000,31079
5,1000,30938
5,1000,31389
5,1000,30869
5,1000,31249
5,1000,32952
5,1000,31510
5,1000,46017
5,1000,34956
5,1000,31891
5,1000,181023
5,1000,37021
5,1000,36409
5,1000,36680
5,1000,52439
5,1000,34606
5,1000,33674
5,1000,30989
5,1000,31149
5,1000,31911
5,1000,32051
5,1000,35226
5,1000,31440
5,1000,31410
5,1000,30998
5,1000,32391
5,1000,31540
5,1000,35407
5,1000,31429
5,1000,31410
5,1000,31390
5,1000,31780
5,1000,31089
5,1000,35507
5,1000,31810
5,1000,38894
5,1000,31380
5,1000,31570
5,1000,31339
5,1000,31319
5,1000,32842
5,1000,31470
5,1000,31520
5,1000,31680
5,1000,31259
5,1000,31991
5,1000,37310
5,1000,31400
5,1000,31079
5,1000,31540
5,1000,189318
5,1000,38092
5,1000,37721
5,1000,38603
5,1000,35437
5,1000,35107
5,1000,38533
5,1000,31570
5,1000,32081
5,1000,30828
5,1000,30989
5,1000,31479
5,1000,35778
5,1000,31600
5,1000,31029
5,1000,31930
5,1000,31039
5,1000,31169
5,1000,36208
5,1000,31890
5,1000,31640
5,1000,31239
5,1000,31439
5,1000,31409
5,1000,34485
5,1000,31660
5,1000,31640
5,1000,31239
5,1000,31109
5,1000,31179
5,1000,31520
5,1000,34265
5,1000,37541
5,1000,31079
5,1000,31680
5,1000,35578
5,1000,32372
5,1000,32732
5,1000,32622
5,1000,31109
5,1000,190851
5,1000,34385
5,1000,33804
5,1000,51277
5,1000,67027
5,1000,68830
5,1000,53782
5,1000,33053
5,1000,32311
5,1000,31429
5,1000,37160
5,1000,32322
5,1000,31560
5,1000,32451
5,1000,31430
5,1000,31479
5,1000,31740
5,1000,31129
5,1000,31089
5,1000,32451
5,1000,31109
5,1000,30948
5,1000,32091
5,1000,30949
5,1000,31190
5,1000,31180
5,1000,31630
5,1000,31600
5,1000,31329
5,1000,30938
5,1000,31500
5,1000,31249
5,1000,31870
5,1000,31059
5,1000,31520
5,1000,30899
5,1000,31249
5,1000,37691
5,1000,32502
5,1000,32121
5,1000,165925
5,1000,38222
5,1000,37641
5,1000,37822
5,1000,37591
5,1000,34685
5,1000,33353
5,1000,33283
5,1000,35226
5,1000,31269
5,1000,30999
5,1000,31139
5,1000,31620
5,1000,31409
5,1000,35047
5,1000,31079
5,1000,31500
5,1000,31380
5,1000,38973
5,1000,32922
5,1000,35547
5,1000,31469
5,1000,32191
5,1000,31881
5,1000,31300
5,1000,31369
5,1000,31299
5,1000,34165
5,1000,31400
5,1000,31219
5,1000,31009
5,1000,30969
5,1000,31089
5,1000,34235
5,1000,31690
5,1000,31519
5,1000,31069
5,1000,31018
5,1000,31340
5,1000,32852
5,1000,187936
5,1000,37832
5,1000,35928
5,1000,36800
5,1000,35618
5,1000,31820
5,1000,31380
5,1000,31550
5,1000,32211
5,1000,35958
5,1000,31560
5,1000,31329
5,1000,31269
5,1000,31730
5,1000,31710
5,1000,35487
5,1000,31199
5,1000,31360
5,1000,30898
5,1000,31530
5,1000,31029
5,1000,35407
5,1000,31569
5,1000,31420
5,1000,31880
5,1000,38533
5,1000,31219
5,1000,31019
5,1000,34605
5,1000,31179
5,1000,31430
5,1000,32271
5,1000,39115
5,1000,31550
5,1000,33844
5,1000,30838
5,1000,31440
5,1000,36760
5,1000,31519
5,1000,31219
5,1000,186463
5,1000,32492
5,1000,32081
5,1000,32342
5,1000,30928
5,1000,30768
5,1000,30829
5,1000,30959
5,1000,30868
5,1000,31550
5,1000,30347
5,1000,30508
5,1000,30868
5,1000,30588
5,1000,30467
5,1000,31710
5,1000,30428
5,1000,30297
5,1000,30788
5,1000,30728
5,1000,34094
5,1000,30407
5,1000,31490
5,1000,30508
5,1000,30658
5,1000,30427
5,1000,30318
5,1000,30427
5,1000,31420
5,1000,30537
5,1000,30458
5,1000,30328
5,1000,30487
5,1000,30537
5,1000,40938
5,1000,30448
5,1000,30508
5,1000,30397
5,1000,30157
5,1000,30448
5,1000,173419
5,1000,37210
5,1000,37982
5,1000,39164
5,1000,43442
5,1000,39244
5,1000,60705
5,1000,62899
5,1000,31901
5,1000,31490
5,1000,45195
5,1000,36669
5,1000,32121
5,1000,43333
5,1000,30998
5,1000,31460
5,1000,34646
5,1000,31369
5,1000,31640
5,1000,31359
5,1000,31490
5,1000,30939
5,1000,31068
5,1000,35408
5,1000,31129
5,1000,31259
5,1000,34165
5,1000,31309
5,1000,31049
5,1000,34656
5,1000,31469
5,1000,31059
5,1000,30848
5,1000,31099
5,1000,31580
5,1000,33273
5,1000,30818
5,1000,31009
5,1000,30809
5,1000,38653
5,1000,103386
5,1000,118754
5,1000,47420
5,1000,44364
5,1000,31409
5,1000,31740
5,1000,36138
5,1000,31450
5,1000,30728
5,1000,31410
5,1000,31089
5,1000,31109
5,1000,31369
5,1000,32421
5,1000,30899
5,1000,31018
5,1000,30097
5,1000,30057
5,1000,30788
5,1000,41037
5,1000,30187
5,1000,30989
5,1000,30097
5,1000,30328
5,1000,30488
5,1000,30147
5,1000,30097
5,1000,31269
5,1000,30117
5,1000,30117
5,1000,30137
5,1000,30238
5,1000,30288
5,1000,30087
5,1000,33102
5,1000,35127
5,1000,30288
5,1000,33424
5,1000,39384
5,1000,34154
5,1000,32151
5,1000,202524
5,1000,36960
5,1000,36489
5,1000,37741
5,1000,75062
5,1000,61036
5,1000,72237
5,1000,67017
5,1000,60856
5,1000,69983
5,1000,42360
5,1000,32611
5,1000,33363
5,1000,30838
5,1000,31380
5,1000,31310
5,1000,36479
5,1000,31379
5,1000,31529
5,1000,40036
5,1000,31309
5,1000,31509
5,1000,35277
5,1000,30789
5,1000,31490
5,1000,32131
5,1000,31680
5,1000,31259
5,1000,31029
5,1000,35457
5,1000,31240
5,1000,31630
5,1000,31700
5,1000,33724
5,1000,30989
5,1000,34275
5,1000,31309
5,1000,31279
5,1000,31159
5,1000,31209
5,1000,187134
5,1000,44194
5,1000,32522
5,1000,32281
5,1000,31329
5,1000,30507
5,1000,30418
5,1000,30167
5,1000,30748
5,1000,30438
5,1000,31740
5,1000,30458
5,1000,30287
5,1000,30448
5,1000,30247
5,1000,30328
5,1000,34836
5,1000,33173
5,1000,30448
5,1000,30968
5,1000,30437
5,1000,30588
5,1000,31319
5,1000,30347
5,1000,30408
5,1000,30818
5,1000,30428
5,1000,30588
5,1000,39554
5,1000,30978
5,1000,30307
5,1000,30768
5,1000,30357
5,1000,30428
5,1000,30367
5,1000,39234
5,1000,32742
5,1000,30949
5,1000,31159
5,1000,58050
5,1000,228032
5,1000,39895
5,1000,61576
5,1000,65364
5,1000,67959
5,1000,65745
5,1000,65705
5,1000,39515
5,1000,32572
5,1000,33804
5,1000,32441
5,1000,33634
5,1000,33082
5,1000,32291
5,1000,36379
5,1000,31991
5,1000,31619
5,1000,32211
5,1000,31851
5,1000,31590
5,1000,35397
5,1000,31881
5,1000,31440
5,1000,32551
5,1000,32452
5,1000,31990
5,1000,34295
5,1000,31620
5,1000,36650
5,1000,31259
5,1000,31320
5,1000,33744
5,1000,31630
5,1000,34465
5,1000,31440
5,1000,31630
5,1000,32071
5,1000,32601
5,1000,32041
5,1000,34756
5,1000,192675
5,1000,37571
5,1000,37631
5,1000,39174
5,1000,33062
5,1000,31499
5,1000,31400
5,1000,31129
5,1000,31891
5,1000,40937
5,1000,31119
5,1000,31059
5,1000,30778
5,1000,31239
5,1000,30989
5,1000,34736
5,1000,31038
5,1000,30538
5,1000,30979
5,1000,30908
5,1000,31179
5,1000,34025
5,1000,33704
5,1000,35968
5,1000,31640
5,1000,31860
5,1000,31189
5,1000,30748
5,1000,33884
5,1000,31129
5,1000,31580
5,1000,31500
5,1000,31399
5,1000,31289
5,1000,34556
5,1000,39254
5,1000,44704
5,1000,31920
5,1000,34245
5,1000,38202
5,1000,214126
5,1000,45176
5,1000,37270
5,1000,36739
5,1000,41359
5,1000,31540
5,1000,31610
5,1000,31619
5,1000,32332
5,1000,31851
5,1000,36089
5,1000,31109
5,1000,31329
5,1000,31450
5,1000,38673
5,1000,31780
5,1000,35788
5,1000,31650
5,1000,31459
5,1000,32000
5,1000,31620
5,1000,31460
5,1000,31550
5,1000,34545
5,1000,31370
5,1000,31320
5,1000,31810
5,1000,31369
5,1000,31199
5,1000,34245
5,1000,31370
5,1000,31299
5,1000,31549
5,1000,31380
5,1000,30939
5,1000,33703
5,1000,32331
5,1000,33814
5,1000,31520
5,1000,31921
5,1000,182065
5,1000,39705
5,1000,37762
5,1000,32892
5,1000,33343
5,1000,31399
5,1000,31931
5,1000,32992
5,1000,32532
5,1000,32622
5,1000,32061
5,1000,33083
5,1000,33473
5,1000,32502
5,1000,35718
5,1000,32101
5,1000,31079
5,1000,31190
5,1000,32181
5,1000,32511
5,1000,31781
5,1000,35417
5,1000,40657
5,1000,31760
5,1000,32391
5,1000,32091
5,1000,31600
5,1000,34916
5,1000,32140
5,1000,31951
5,1000,31559
5,1000,32531
5,1000,31710
5,1000,34937
5,1000,31720
5,1000,32251
5,1000,32031
5,1000,31930
5,1000,31579
5,1000,32041
5,1000,212663
5,1000,33984
5,1000,41479
5,1000,33463
5,1000,31389
5,1000,31490
5,1000,32351
5,1000,30768
5,1000,30988
5,1000,30618
5,1000,30748
5,1000,30338
5,1000,31791
5,1000,30338
5,1000,30367
5,1000,30448
5,1000,30659
5,1000,30458
5,1000,30889
5,1000,31520
5,1000,30498
5,1000,30438
5,1000,30638
5,1000,30357
5,1000,30758
5,1000,31259
5,1000,30377
5,1000,30448
5,1000,30237
5,1000,38372
5,1000,30537
5,1000,31109
5,1000,32221
5,1000,30277
5,1000,30367
5,1000,30558
5,1000,30537
5,1000,30368
5,1000,31019
5,1000,37250
5,1000,196361
5,1000,47470
5,1000,65464
5,1000,53572
5,1000,30447
5,1000,30478
5,1000,31600
5,1000,30448
5,1000,31159
5,1000,40085
5,1000,30267
5,1000,30528
5,1000,30978
5,1000,30468
5,1000,30457
5,1000,37832
5,1000,32071
5,1000,30488
5,1000,31389
5,1000,30738
5,1000,30448
5,1000,30397
5,1000,30618
5,1000,30377
5,1000,30438
5,1000,31229
5,1000,30298
5,1000,30458
5,1000,30518
5,1000,30287
5,1000,30247
5,1000,31209
5,1000,30588
5,1000,30297
5,1000,30608
5,1000,30338
5,1000,41038
5,1000,31309
5,1000,30428
5,1000,30267
5,1000,170112
5,1000,39245
5,1000,41578
5,1000,35196
5,1000,32762
5,1000,31940
5,1000,32472
5,1000,36900
5,1000,37942
5,1000,32281
5,1000,31830
5,1000,31910
5,1000,32491
5,1000,31440
5,1000,35598
5,1000,32181
5,1000,31600
5,1000,37892
5,1000,32281
5,1000,32251
5,1000,35327
5,1000,31910
5,1000,32301
5,1000,31840
5,1000,32171
5,1000,31931
5,1000,31780
5,1000,35196
5,1000,31710
5,1000,31810
5,1000,31760
5,1000,34355
5,1000,31921
5,1000,34065
5,1000,31911
5,1000,32973
5,1000,31569
5,1000,31710
5,1000,31449
5,1000,35647
5,1000,206541
5,1000,46828
5,1000,47840
5,1000,50555
5,1000,31139
5,1000,31059
5,1000,31330
5,1000,31249
5,1000,31750
5,1000,30337
5,1000,31680
5,1000,32902
5,1000,30127
5,1000,30498
5,1000,31149
5,1000,30267
5,1000,30247
5,1000,30287
5,1000,30297
5,1000,30538
5,1000,30908
5,1000,30177
5,1000,30217
5,1000,36940
5,1000,30237
5,1000,30588
5,1000,30026
5,1000,31179
5,1000,30117
5,1000,29997
5,1000,30157
5,1000,30437
5,1000,30107
5,1000,30979
5,1000,30257
5,1000,30117
5,1000,30418
5,1000,30598
5,1000,30097
5,1000,33423
5,1000,154502
5,1000,32803
5,1000,34265
5,1000,46078
5,1000,46718
5,1000,34846
5,1000,30748
5,1000,30879
5,1000,32281
5,1000,30528
5,1000,30788
5,1000,30608
5,1000,30437
5,1000,30728
5,1000,31660
5,1000,30628
5,1000,30438
5,1000,30628
5,1000,30708
5,1000,30357
5,1000,31900
5,1000,30478
5,1000,30678
5,1000,30388
5,1000,30428
5,1000,30478
5,1000,30448
5,1000,31811
5,1000,30428
5,1000,30357
5,1000,30468
5,1000,30328
5,1000,30478
5,1000,37171
5,1000,30468
5,1000,30798
5,1000,30308
5,1000,30618
5,1000,30387
5,1000,31329
5,1000,185562
5,1000,43652
5,1000,41028
5,1000,35467
5,1000,33293
5,1000,32331
5,1000,31880
5,1000,37521
5,1000,33533
5,1000,31760
5,1000,42751
5,1000,31089
5,1000,31840
5,1000,43853
5,1000,31620
5,1000,32071
5,1000,31710
5,1000,31981
5,1000,32150
5,1000,33172
5,1000,35137
5,1000,31550
5,1000,31539
5,1000,31560
5,1000,31420
5,1000,31539
5,1000,34876
5,1000,34906
5,1000,32762
5,1000,31099
5,1000,32051
5,1000,31250
5,1000,34796
5,1000,31569
5,1000,32291
5,1000,31680
5,1000,31700
5,1000,32181
5,1000,32472
5,1000,35807
5,1000,179650
5,1000,37251
5,1000,35968
5,1000,37361
5,1000,33844
5,1000,33463
5,1000,32161
5,1000,31570
5,1000,40837
5,1000,31911
5,1000,31509
5,1000,31600
5,1000,31600
5,1000,31199
5,1000,35728
5,1000,31219
5,1000,31470
5,1000,31099
5,1000,30938
5,1000,31770
5,1000,41568
5,1000,35557
5,1000,31560
5,1000,32001
5,1000,31630
5,1000,31590
5,1000,31439
5,1000,34386
5,1000,31379
5,1000,31270
5,1000,31330
5,1000,31180
5,1000,31099
5,1000,34085
5,1000,35287
5,1000,31350
5,1000,31499
5,1000,31199
5,1000,30909
5,1000,31961
5,1000,190160
5,1000,44815
5,1000,37771
5,1000,38793
5,1000,34947
5,1000,32080
5,1000,32121
5,1000,31519
5,1000,31299
5,1000,32402
5,1000,31830
5,1000,31830
5,1000,31801
5,1000,31609
5,1000,31770
5,1000,36470
5,1000,36198
5,1000,31579
5,1000,31459
5,1000,31540
5,1000,31690
5,1000,31219
5,1000,35757
5,1000,31530
5,1000,31640
5,1000,31159
5,1000,40276
5,1000,31329
5,1000,34175
5,1000,31570
5,1000,31350
5,1000,31369
5,1000,31269
5,1000,31871
5,1000,31230
5,1000,34485
5,1000,31660
5,1000,31159
5,1000,31510
5,1000,31249
5,1000,109738
5,1000,88427
5,1000,31690
5,1000,32401
5,1000,32783
5,1000,31249
5,1000,41659
5,1000,35818
5,1000,39885
5,1000,30778
5,1000,31870
5,1000,30448
5,1000,30488
5,1000,30608
5,1000,30578
5,1000,30457
5,1000,31781
5,1000,30327
5,1000,30718
5,1000,30488
5,1000,30788
5,1000,30428
5,1000,30387
5,1000,33504
5,1000,30287
5,1000,30468
5,1000,30537
5,1000,30238
5,1000,30227
5,1000,30948
5,1000,30117
5,1000,30248
5,1000,30377
5,1000,30117
5,1000,30257
5,1000,39475
6,1000,22182
6,1000,19547
6,1000,19347
6,1000,19487
6,1000,19618
6,1000,19437
6,1000,19497
6,1000,19497
6,1000,71395
6,1000,114767
6,1000,35958
6,1000,51377
6,1000,45276
6,1000,39565
6,1000,40878
6,1000,37321
6,1000,41338
6,1000,37721
6,1000,37501
6,1000,41128
6,1000,38082
6,1000,25738
6,1000,29055
6,1000,20449
6,1000,20498
6,1000,20258
6,1000,20028
6,1000,19717
6,1000,19777
6,1000,20278
6,1000,19908
6,1000,20088
6,1000,23644
6,1000,19557
6,1000,20068
6,1000,20068
6,1000,19917
6,1000,19798
6,1000,19978
6,1000,19767
6,1000,19727
6,1000,19888
6,1000,19717
6,1000,23324
6,1000,19867
6,1000,22403
6,1000,22573
6,1000,21060
6,1000,20338
6,1000,19848
6,1000,19997
6,1000,20058
6,1000,20088
6,1000,20098
6,1000,22873
6,1000,19978
6,1000,20058
6,1000,19968
6,1000,20027
6,1000,20058
6,1000,20058
6,1000,19717
6,1000,19918
6,1000,20398
6,1000,22673
6,1000,19837
6,1000,20048
6,1000,19908
6,1000,19928
6,1000,19897
6,1000,20148
6,1000,19767
6,1000,19637
6,1000,20208
6,1000,20068
6,1000,22232
6,1000,62729
6,1000,125307
6,1000,24056
6,1000,24546
6,1000,30238
6,1000,37851
6,1000,37100
6,1000,42100
6,1000,38373
6,1000,41799
6,1000,46168
6,1000,38012
6,1000,41839
6,1000,34095
6,1000,20409
6,1000,20469
6,1000,20479
6,1000,20980
6,1000,20428
6,1000,20489
6,1000,20409
6,1000,21040
6,1000,20418
6,1000,20258
6,1000,20308
6,1000,24847
6,1000,20348
6,1000,20218
6,1000,20389
6,1000,20259
6,1000,20329
6,1000,20398
6,1000,22993
6,1000,22262
6,1000,20219
6,1000,19868
6,1000,24386
6,1000,20008
6,1000,20088
6,1000,20198
6,1000,20709
6,1000,20038
6,1000,20089
6,1000,20318
6,1000,20679
6,1000,25458
6,1000,23335
6,1000,20219
6,1000,20159
6,1000,20449
6,1000,20389
6,1000,20118
6,1000,20108
6,1000,19737
6,1000,20328
6,1000,19918
6,1000,19947
6,1000,23304
6,1000,19878
6,1000,20038
6,1000,20309
6,1000,20128
6,1000,20258
6,1000,20358
6,1000,20008
6,1000,20348
6,1000,21000
6,1000,27773
6,1000,24607
6,1000,103666
6,1000,70353
6,1000,24937
6,1000,25709
6,1000,24516
6,1000,23935
6,1000,32672
6,1000,29235
6,1000,26190
6,1000,50335
6,1000,33133
6,1000,32351
6,1000,22052
6,1000,20999
6,1000,20970
6,1000,20679
6,1000,20278
6,1000,20829
6,1000,20830
6,1000,20740
6,1000,20839
6,1000,20328
6,1000,20439
6,1000,23775
6,1000,23775
6,1000,21260
6,1000,20869
6,1000,25609
6,1000,20128
6,1000,20839
6,1000,20188
6,1000,20399
6,1000,20518
6,1000,20309
6,1000,20478
6,1000,20008
6,1000,20559
6,1000,20699
6,1000,23454
6,1000,29767
6,1000,20159
6,1000,20309
6,1000,20659
6,1000,20148
6,1000,20649
6,1000,20739
6,1000,20619
6,1000,22493
6,1000,24997
6,1000,26801
6,1000,25378
6,1000,23564
6,1000,24446
6,1000,24236
6,1000,22081
6,1000,20238
6,1000,19998
6,1000,21039
6,1000,20279
6,1000,20298
6,1000,22673
6,1000,20228
6,1000,20529
6,1000,20469
6,1000,20229
6,1000,20859
6,1000,19787
6,1000,39675
6,1000,119877
6,1000,115228
6,1000,23465
6,1000,24065
6,1000,23845
6,1000,22813
6,1000,39395
6,1000,42030
6,1000,36900
6,1000,42630
6,1000,38733
6,1000,39014
6,1000,42390
6,1000,38674
6,1000,39034
6,1000,46027
6,1000,35979
6,1000,20338
6,1000,20238
6,1000,20428
6,1000,20008
6,1000,20138
6,1000,19848
6,1000,20068
6,1000,20439
6,1000,24857
6,1000,20138
6,1000,20418
6,1000,19677
6,1000,20238
6,1000,19957
6,1000,20288
6,1000,20529
6,1000,20068
6,1000,20038
6,1000,20329
6,1000,23815
6,1000,19747
6,1000,20088
6,1000,19917
6,1000,19888
6,1000,20208
6,1000,20579
6,1000,20028
6,1000,19998
6,1000,19918
6,1000,19937
6,1000,23315
6,1000,23304
6,1000,20479
6,1000,20529
6,1000,19838
6,1000,20139
6,1000,19978
6,1000,19777
6,1000,19908
6,1000,20008
6,1000,19948
6,1000,22774
6,1000,19787
6,1000,19908
6,1000,20078
6,1000,20149
6,1000,20279
6,1000,26059
6,1000,20198
6,1000,20219
6,1000,19878
6,1000,22753
6,1000,98196
6,1000,23735
6,1000,24166
6,1000,22944
6,1000,24226
6,1000,24456
6,1000,24406
6,1000,21040
6,1000,20418
6,1000,20369
6,1000,20338
6,1000,20198
6,1000,20368
6,1000,20599
6,1000,20409
6,1000,20338
6,1000,20318
6,1000,20559
6,1000,20539
6,1000,20950
6,1000,20469
6,1000,20539
6,1000,19978
6,1000,20218
6,1000,20128
6,1000,20368
6,1000,20068
6,1000,24817
6,1000,20028
6,1000,20188
6,1000,20048
6,1000,20228
6,1000,20649
6,1000,20068
6,1000,19998
6,1000,19907
6,1000,19978
6,1000,19917
6,1000,23805
6,1000,20539
6,1000,19887
6,1000,19717
6,1000,20048
6,1000,19988
6,1000,19837
6,1000,19867
6,1000,20098
6,1000,19988
6,1000,19837
6,1000,23875
6,1000,19777
6,1000,20128
6,1000,20058
6,1000,19938
6,1000,20258
6,1000,20108
6,1000,19997
6,1000,19838
6,1000,26100
6,1000,23214
6,1000,19898
6,1000,22583
6,1000,20048
6,1000,24757
6,1000,47891
6,1000,37892
6,1000,35217
6,1000,41398
6,1000,105990
6,1000,30448
6,1000,27643
6,1000,29566
6,1000,24166
6,1000,56237
6,1000,44525
6,1000,33974
6,1000,20479
6,1000,20769
6,1000,20459
6,1000,20859
6,1000,20479
6,1000,20729
6,1000,20759
6,1000,20860
6,1000,20218
6,1000,24636
6,1000,20869
6,1000,20339
6,1000,20739
6,1000,19828
6,1000,20839
6,1000,20328
6,1000,21541
6,1000,20269
6,1000,20489
6,1000,20108
6,1000,24777
6,1000,20198
6,1000,20329
6,1000,20269
6,1000,20739
6,1000,20489
6,1000,21881
6,1000,20238
6,1000,20429
6,1000,20690
6,1000,24146
6,1000,20138
6,1000,20369
6,1000,20438
6,1000,20058
6,1000,20289
6,1000,20368
6,1000,20469
6,1000,20258
6,1000,21271
6,1000,20479
6,1000,23234
6,1000,21040
6,1000,19957
6,1000,20740
6,1000,19978
6,1000,21120
6,1000,20609
6,1000,25708
6,1000,21211
6,1000,20068
6,1000,19967
6,1000,24657
6,1000,20629
6,1000,20569
6,1000,19787
6,1000,20038
6,1000,20308
6,1000,20639
6,1000,20088
6,1000,20018
6,1000,123454
6,1000,23334
6,1000,23946
6,1000,23675
6,1000,23825
6,1000,24567
6,1000,29636
6,1000,20920
6,1000,19868
6,1000,20139
6,1000,20198
6,1000,20279
6,1000,20088
6,1000,20128
6,1000,21290
6,1000,20168
6,1000,20088
6,1000,24747
6,1000,26040
6,1000,20078
6,1000,20068
6,1000,20209
6,1000,20359
6,1000,20188
6,1000,20078
6,1000,19877
6,1000,20108
6,1000,20188
6,1000,24226
6,1000,20188
6,1000,19987
6,1000,20088
6,1000,20378
6,1000,19948
6,1000,20088
6,1000,19957
6,1000,20199
6,1000,20158
6,1000,19748
6,1000,23144
6,1000,20198
6,1000,20038
6,1000,20108
6,1000,19928
6,1000,19848
6,1000,19867
6,1000,20629
6,1000,20148
6,1000,19858
6,1000,22723
6,1000,19968
6,1000,20018
6,1000,19888
6,1000,20178
6,1000,19757
6,1000,19958
6,1000,20679
6,1000,20048
6,1000,20188
6,1000,19788
6,1000,22593
6,1000,19998
6,1000,20108
6,1000,19968
6,1000,19747
6,1000,19928
6,1000,20058
6,1000,22492
6,1000,80302
6,1000,117282
6,1000,22904
6,1000,23244
6,1000,23074
6,1000,23375
6,1000,24607
6,1000,25538
6,1000,22473
6,1000,25308
6,1000,20088
6,1000,20188
6,1000,20198
6,1000,20209
6,1000,19758
6,1000,19978
6,1000,20690
6,1000,20308
6,1000,26270
6,1000,20208
6,1000,24747
6,1000,20098
6,1000,19797
6,1000,20288
6,1000,19788
6,1000,19917
6,1000,20138
6,1000,19728
6,1000,20739
6,1000,19828
6,1000,23996
6,1000,19827
6,1000,20148
6,1000,20539
6,1000,20008
6,1000,21541
6,1000,20068
6,1000,20248
6,1000,19858
6,1000,19977
6,1000,20239
6,1000,23655
6,1000,20048
6,1000,20078
6,1000,19887
6,1000,19948
6,1000,19917
6,1000,20038
6,1000,20108
6,1000,19908
6,1000,19968
6,1000,20048
6,1000,23324
6,1000,20098
6,1000,19998
6,1000,20720
6,1000,26330
6,1000,20249
6,1000,20008
6,1000,20309
6,1000,20148
6,1000,19867
6,1000,19888
6,1000,22623
6,1000,20258
6,1000,19978
6,1000,20128
6,1000,20018
6,1000,70374
6,1000,96954
6,1000,24427
6,1000,24867
6,1000,24977
6,1000,24226
6,1000,27573
6,1000,26179
6,1000,19867
6,1000,20439
6,1000,25919
6,1000,28173
6,1000,22903
6,1000,21140
6,1000,20048
6,1000,21260
6,1000,20549
6,1000,20469
6,1000,158941
6,1000,20609
6,1000,20599
6,1000,20458
6,1000,20489
6,1000,20389
6,1000,21130
6,1000,20830
6,1000,20469
6,1000,21270
6,1000,20489
6,1000,24697
6,1000,21260
6,1000,20538
6,1000,20348
6,1000,21200
6,1000,21340
6,1000,20689
6,1000,21501
6,1000,20910
6,1000,21951
6,1000,23965
6,1000,20830
6,1000,21040
6,1000,19938
6,1000,20288
6,1000,20178
6,1000,20479
6,1000,20058
6,1000,21120
6,1000,21251
6,1000,20078
6,1000,27973
6,1000,20219
6,1000,20038
6,1000,19848
6,1000,20078
6,1000,20789
6,1000,20859
6,1000,20459
6,1000,20889
6,1000,19908
6,1000,20649
6,1000,22983
6,1000,20318
6,1000,19878
6,1000,20639
6,1000,20118
6,1000,20739
6,1000,20178
6,1000,20128
6,1000,90531
6,1000,115629
6,1000,22422
6,1000,23193
6,1000,22844
6,1000,23564
6,1000,23905
6,1000,22673
6,1000,26290
6,1000,23184
6,1000,21240
6,1000,20739
6,1000,21019
6,1000,20208
6,1000,20329
6,1000,20629
6,1000,20659
6,1000,20288
6,1000,20158
6,1000,24667
6,1000,19867
6,1000,19798
6,1000,19888
6,1000,19787
6,1000,19938
6,1000,19667
6,1000,19607
6,1000,20078
6,1000,19537
6,1000,20339
6,1000,23375
6,1000,19798
6,1000,19868
6,1000,19807
6,1000,19818
6,1000,22232
6,1000,19747
6,1000,20339
6,1000,20058
6,1000,19948
6,1000,23645
6,1000,20008
6,1000,19807
6,1000,20609
6,1000,19947
6,1000,22402
6,1000,23655
6,1000,38253
6,1000,22492
6,1000,19627
6,1000,19828
6,1000,21551
6,1000,20058
6,1000,20308
6,1000,19847
6,1000,20098
6,1000,20037
6,1000,20289
6,1000,20038
6,1000,20208
6,1000,20349
6,1000,19948
6,1000,21360
6,1000,20178
6,1000,20118
6,1000,20058
6,1000,20188
6,1000,20228
6,1000,109818
6,1000,100691
6,1000,23975
6,1000,23274
6,1000,31610
6,1000,38312
6,1000,42521
6,1000,51808
6,1000,41609
6,1000,37561
6,1000,38673
6,1000,41048
6,1000,37902
6,1000,41569
6,1000,37441
6,1000,20359
6,1000,19667
6,1000,19858
6,1000,20619
6,1000,19637
6,1000,19687
6,1000,19687
6,1000,19998
6,1000,19667
6,1000,19607
6,1000,19317
6,1000,19687
6,1000,19717
6,1000,19627
6,1000,20690
6,1000,19578
6,1000,19878
6,1000,19667
6,1000,19647
6,1000,19577
6,1000,19828
6,1000,19787
6,1000,19647
6,1000,19457
6,1000,28764
6,1000,19537
6,1000,20109
6,1000,19647
6,1000,20169
6,1000,19547
6,1000,19607
6,1000,19376
6,1000,19587
6,1000,19577
6,1000,19537
6,1000,20469
6,1000,20078
6,1000,19807
6,1000,19567
6,1000,19547
6,1000,19447
6,1000,19507
6,1000,19577
6,1000,19517
6,1000,19457
6,1000,19568
6,1000,20489
6,1000,19797
6,1000,21982
6,1000,19547
6,1000,19507
6,1000,19317
6,1000,19266
6,1000,19486
6,1000,104227
6,1000,55856
6,1000,25118
6,1000,34376
6,1000,26941
6,1000,20689
6,1000,20159
6,1000,20419
6,1000,20108
6,1000,20158
6,1000,20038
6,1000,20329
6,1000,20810
6,1000,20669
6,1000,20168
6,1000,20218
6,1000,20990
6,1000,19948
6,1000,20088
6,1000,19968
6,1000,20278
6,1000,19657
6,1000,19958
6,1000,19907
6,1000,20619
6,1000,19397
6,1000,19427
6,1000,22382
6,1000,22873
6,1000,19517
6,1000,20068
6,1000,19608
6,1000,19527
6,1000,19517
6,1000,19557
6,1000,20439
6,1000,19577
6,1000,19497
6,1000,19527
6,1000,19637
6,1000,27913
6,1000,19527
6,1000,19417
6,1000,19507
6,1000,19587
6,1000,19497
6,1000,20368
6,1000,19637
6,1000,19587
6,1000,19477
6,1000,19567
6,1000,19587
6,1000,19627
6,1000,20198
6,1000,19487
6,1000,19537
6,1000,20298
6,1000,19747
6,1000,20780
6,1000,24486
6,1000,19648
6,1000,24346
6,1000,19456
6,1000,19397
6,1000,19557
6,1000,19958
6,1000,20549
6,1000,21300
6,1000,75473
6,1000,141979
6,1000,32211
6,1000,25709
6,1000,23324
6,1000,23364
6,1000,24376
6,1000,22713
6,1000,20990
6,1000,20438
6,1000,20559
6,1000,129174
6,1000,21480
6,1000,20409
6,1000,20649
6,1000,20218
6,1000,20138
6,1000,20168
6,1000,20018
6,1000,21180
6,1000,23534
6,1000,20138
6,1000,20329
6,1000,20369
6,1000,20279
6,1000,20268
6,1000,20078
6,1000,20269
6,1000,24597
6,1000,19978
6,1000,19998
6,1000,20138
6,1000,20118
6,1000,19678
6,1000,26550
6,1000,32111
6,1000,20690
6,1000,19968
6,1000,24928
6,1000,19828
6,1000,19937
6,1000,19907
6,1000,19958
6,1000,19657
6,1000,19908
6,1000,20298
6,1000,19827
6,1000,21170
6,1000,22403
6,1000,23294
6,1000,20208
6,1000,19888
6,1000,20048
6,1000,19828
6,1000,20168
6,1000,21771
6,1000,22423
6,1000,19888
6,1000,20188
6,1000,19987
6,1000,22562
6,1000,20017
6,1000,19927
6,1000,19718
6,1000,20058
6,1000,20038
6,1000,19968
6,1000,19858
6,1000,20288
6,1000,85943
6,1000,97955
6,1000,24727
6,1000,23945
6,1000,23495
6,1000,22993
6,1000,25739
6,1000,20999
6,1000,20409
6,1000,20028
6,1000,20008
6,1000,42511
6,1000,20198
6,1000,21521
6,1000,20058
6,1000,20229
6,1000,19968
6,1000,25037
6,1000,20129
6,1000,19998
6,1000,20148
6,1000,20819
6,1000,20128
6,1000,20198
6,1000,19988
6,1000,20238
6,1000,19978
6,1000,20238
6,1000,26109
6,1000,23244
6,1000,21201
6,1000,31811
6,1000,19938
6,1000,19988
6,1000,20289
6,1000,20339
6,1000,20518
6,1000,20399
6,1000,23725
6,1000,21020
6,1000,20138
6,1000,20228
6,1000,20468
6,1000,20108
6,1000,19908
6,1000,19908
6,1000,20108
6,1000,20579
6,1000,20138
6,1000,23144
6,1000,20158
6,1000,19858
6,1000,19888
6,1000,20369
6,1000,22392
6,1000,19947
6,1000,19847
6,1000,19888
6,1000,19847
6,1000,20017
6,1000,22793
6,1000,19787
6,1000,20179
6,1000,19717
6,1000,19828
6,1000,20358
6,1000,19768
6,1000,19817
6,1000,89530
6,1000,30738
6,1000,29947
6,1000,30889
6,1000,25879
6,1000,25278
6,1000,25759
6,1000,25538
6,1000,25949
6,1000,25548
6,1000,26049
6,1000,31119
6,1000,26069
6,1000,22693
6,1000,20178
6,1000,20119
6,1000,21230
6,1000,20078
6,1000,20999
6,1000,20339
6,1000,20519
6,1000,20089
6,1000,25207
6,1000,20288
6,1000,20789
6,1000,20418
6,1000,20980
6,1000,20349
6,1000,27331
6,1000,21100
6,1000,21240
6,1000,21591
6,1000,19667
6,1000,24086
7,1000,20208
7,1000,19898
7,1000,20769
7,1000,20108
7,1000,20369
7,1000,21541
7,1000,20439
7,1000,20248
7,1000,20168
7,1000,20679
7,1000,23845
7,1000,20358
7,1000,20529
7,1000,20098
7,1000,20008
7,1000,20770
7,1000,20650
7,1000,20619
7,1000,20630
7,1000,23615
7,1000,27522
7,1000,20248
7,1000,21671
7,1000,20449
7,1000,20900
7,1000,20649
7,1000,20649
7,1000,27172
7,1000,20820
7,1000,20779
7,1000,20499
7,1000,22743
7,1000,21280
7,1000,20789
7,1000,67468
7,1000,48091
7,1000,51317
7,1000,22212
7,1000,21581
7,1000,22743
7,1000,21931
7,1000,23574
7,1000,20268
7,1000,20820
7,1000,20629
7,1000,20489
7,1000,21641
7,1000,21290
7,1000,20118
7,1000,19978
7,1000,22543
7,1000,22162
7,1000,19757
7,1000,19798
7,1000,20399
7,1000,20329
7,1000,19907
7,1000,21301
7,1000,23494
7,1000,22783
7,1000,19697
7,1000,33213
7,1000,20308
7,1000,19627
7,1000,19857
7,1000,19627
7,1000,19898
7,1000,19928
7,1000,21450
7,1000,20379
7,1000,19858
7,1000,19657
7,1000,19797
7,1000,20699
7,1000,19547
7,1000,19757
7,1000,20288
7,1000,19648
7,1000,19908
7,1000,20699
7,1000,20429
7,1000,19657
7,1000,19928
7,1000,20038
7,1000,19817
7,1000,22413
7,1000,19727
7,1000,19507
7,1000,19847
7,1000,20900
7,1000,19577
7,1000,19897
7,1000,19637
7,1000,20078
7,1000,19698
7,1000,20499
7,1000,19868
7,1000,19648
7,1000,19657
7,1000,28013
7,1000,20910
7,1000,20779
7,1000,20148
7,1000,81454
7,1000,89209
7,1000,24667
7,1000,24677
7,1000,38323
7,1000,44795
7,1000,41709
7,1000,38624
7,1000,41619
7,1000,37902
7,1000,53561
7,1000,44154
7,1000,38934
7,1000,27853
7,1000,20910
7,1000,20629
7,1000,21170
7,1000,20840
7,1000,20970
7,1000,20548
7,1000,21370
7,1000,21130
7,1000,21480
7,1000,20609
7,1000,24747
7,1000,19978
7,1000,20378
7,1000,21270
7,1000,20419
7,1000,21050
7,1000,20368
7,1000,20249
7,1000,20889
7,1000,20339
7,1000,20108
7,1000,24466
7,1000,21280
7,1000,20289
7,1000,21241
7,1000,20268
7,1000,20799
7,1000,20178
7,1000,20289
7,1000,20419
7,1000,20098
7,1000,20158
7,1000,23364
7,1000,20228
7,1000,20028
7,1000,20358
7,1000,20228
7,1000,20248
7,1000,20709
7,1000,20338
7,1000,20198
7,1000,20218
7,1000,25218
7,1000,23274
7,1000,20149
7,1000,20058
7,1000,20419
7,1000,19908
7,1000,20018
7,1000,20339
7,1000,19727
7,1000,20148
7,1000,20840
7,1000,19967
7,1000,22342
7,1000,103276
7,1000,26119
7,1000,23495
7,1000,23144
7,1000,22984
7,1000,25318
7,1000,22763
7,1000,20689
7,1000,26090
7,1000,20038
7,1000,20158
7,1000,20018
7,1000,20519
7,1000,20569
7,1000,19908
7,1000,20088
7,1000,20589
7,1000,20078
7,1000,20018
7,1000,33303
7,1000,37371
7,1000,21771
7,1000,20398
7,1000,22212
7,1000,21000
7,1000,21962
7,1000,20810
7,1000,21090
7,1000,21410
7,1000,20279
7,1000,24957
7,1000,21441
7,1000,20208
7,1000,20118
7,1000,20729
7,1000,19938
7,1000,20118
7,1000,19937
7,1000,21080
7,1000,19907
7,1000,25238
7,1000,20219
7,1000,21260
7,1000,23094
7,1000,20770
7,1000,20178
7,1000,21210
7,1000,20529
7,1000,21792
7,1000,20209
7,1000,20149
7,1000,25539
7,1000,20329
7,1000,20088
7,1000,21110
7,1000,20339
7,1000,20319
7,1000,20479
7,1000,20379
7,1000,21801
7,1000,22332
7,1000,27392
7,1000,26200
7,1000,20028
7,1000,20599
7,1000,20158
7,1000,19847
7,1000,20158
7,1000,93336
7,1000,105169
7,1000,24697
7,1000,25338
7,1000,26169
7,1000,21520
7,1000,20760
7,1000,20428
7,1000,20489
7,1000,20318
7,1000,21350
7,1000,25388
7,1000,20098
7,1000,20028
7,1000,20409
7,1000,20269
7,1000,20198
7,1000,20238
7,1000,19868
7,1000,20659
7,1000,20229
7,1000,20178
7,1000,24777
7,1000,20078
7,1000,20649
7,1000,20118
7,1000,20599
7,1000,21290
7,1000,20479
7,1000,21020
7,1000,20138
7,1000,21661
7,1000,23765
7,1000,21150
7,1000,20830
7,1000,19908
7,1000,20298
7,1000,20669
7,1000,20649
7,1000,19718
7,1000,19978
7,1000,20499
7,1000,19978
7,1000,23805
7,1000,21020
7,1000,20730
7,1000,21471
7,1000,20539
7,1000,20949
7,1000,20950
7,1000,20899
7,1000,20108
7,1000,26090
7,1000,20889
7,1000,23304
7,1000,20859
7,1000,19968
7,1000,20829
7,1000,20499
7,1000,20239
7,1000,19878
7,1000,20298
7,1000,20879
7,1000,20148
7,1000,20939
7,1000,22903
7,1000,20990
7,1000,20980
7,1000,76284
7,1000,94008
7,1000,24366
7,1000,23715
7,1000,23374
7,1000,23234
7,1000,23455
7,1000,21040
7,1000,20469
7,1000,21060
7,1000,20569
7,1000,20409
7,1000,29667
7,1000,19868
7,1000,19957
7,1000,26370
7,1000,20098
7,1000,19817
7,1000,20028
7,1000,20279
7,1000,20489
7,1000,19897
7,1000,19918
7,1000,24517
7,1000,19768
7,1000,20018
7,1000,20038
7,1000,19978
7,1000,20229
7,1000,20018
7,1000,19908
7,1000,19837
7,1000,19858
7,1000,20499
7,1000,23715
7,1000,19907
7,1000,19888
7,1000,19967
7,1000,20699
7,1000,23094
7,1000,19788
7,1000,19506
7,1000,19848
7,1000,19777
7,1000,23905
7,1000,20749
7,1000,19928
7,1000,19948
7,1000,20298
7,1000,19597
7,1000,20038
7,1000,19938
7,1000,25148
7,1000,19908
7,1000,19958
7,1000,22974
7,1000,19777
7,1000,19707
7,1000,20068
7,1000,19837
7,1000,19797
7,1000,19938
7,1000,19967
7,1000,19768
7,1000,19868
7,1000,20889
7,1000,23084
7,1000,19978
7,1000,20339
7,1000,82566
7,1000,82045
7,1000,24977
7,1000,27081
7,1000,54063
7,1000,36810
7,1000,37782
7,1000,42040
7,1000,38222
7,1000,42070
7,1000,47450
7,1000,35167
7,1000,42520
7,1000,39014
7,1000,34436
7,1000,22583
7,1000,20558
7,1000,20218
7,1000,20007
7,1000,22072
7,1000,20138
7,1000,20008
7,1000,20289
7,1000,20138
7,1000,20279
7,1000,25268
7,1000,20479
7,1000,20970
7,1000,20940
7,1000,20639
7,1000,22512
7,1000,20689
7,1000,19877
7,1000,20329
7,1000,20068
7,1000,20038
7,1000,25047
7,1000,20459
7,1000,20178
7,1000,20509
7,1000,20178
7,1000,20799
7,1000,29336
7,1000,19908
7,1000,20359
7,1000,20259
7,1000,19927
7,1000,24096
7,1000,19927
7,1000,19898
7,1000,20930
7,1000,20499
7,1000,20539
7,1000,20228
7,1000,20038
7,1000,20599
7,1000,20138
7,1000,23515
7,1000,20448
7,1000,20218
7,1000,20880
7,1000,20529
7,1000,20699
7,1000,20328
7,1000,20279
7,1000,20299
7,1000,24456
7,1000,20158
7,1000,88758
7,1000,61026
7,1000,27272
7,1000,28163
7,1000,38152
7,1000,24526
7,1000,23104
7,1000,22893
7,1000,22212
7,1000,20048
7,1000,20749
7,1000,20308
7,1000,20298
7,1000,20399
7,1000,20138
7,1000,20168
7,1000,25859
7,1000,20109
7,1000,20148
7,1000,20108
7,1000,20078
7,1000,20218
7,1000,20298
7,1000,21010
7,1000,20259
7,1000,20209
7,1000,24797
7,1000,19968
7,1000,20038
7,1000,21641
7,1000,22563
7,1000,19858
7,1000,20028
7,1000,20279
7,1000,20770
7,1000,21010
7,1000,20338
7,1000,24306
7,1000,20398
7,1000,20509
7,1000,28074
7,1000,20118
7,1000,20007
7,1000,20128
7,1000,20228
7,1000,19898
7,1000,20098
7,1000,20098
7,1000,23164
7,1000,19547
7,1000,19446
7,1000,20018
7,1000,19928
7,1000,19867
7,1000,20158
7,1000,19957
7,1000,20068
7,1000,22463
7,1000,24807
7,1000,27983
7,1000,25318
7,1000,22162
7,1000,23985
7,1000,20770
7,1000,22553
7,1000,19908
7,1000,20229
7,1000,19937
7,1000,40848
7,1000,176915
7,1000,20509
7,1000,20438
7,1000,25478
7,1000,19888
7,1000,19848
7,1000,19987
7,1000,19918
7,1000,19878
7,1000,19677
7,1000,19637
7,1000,20108
7,1000,19748
7,1000,19847
7,1000,20218
7,1000,19537
7,1000,19467
7,1000,19467
7,1000,19717
7,1000,19397
7,1000,19818
7,1000,19376
7,1000,19377
7,1000,19437
7,1000,20809
7,1000,19316
7,1000,19427
7,1000,21160
7,1000,22353
7,1000,21390
7,1000,20118
7,1000,19637
7,1000,19588
7,1000,19688
7,1000,19677
7,1000,20689
7,1000,19477
7,1000,19567
7,1000,19617
7,1000,19597
7,1000,19768
7,1000,19547
7,1000,19587
7,1000,19707
7,1000,19567
7,1000,19507
7,1000,20499
7,1000,19627
7,1000,19457
7,1000,19608
7,1000,19597
7,1000,19768
7,1000,19477
7,1000,19507
7,1000,19597
7,1000,19527
7,1000,20189
7,1000,20499
7,1000,19608
7,1000,19517
7,1000,19527
7,1000,19658
7,1000,19597
7,1000,19517
7,1000,21961
7,1000,19928
7,1000,19406
7,1000,20409
7,1000,84500
7,1000,98436
7,1000,23575
7,1000,32171
7,1000,22542
7,1000,22753
7,1000,24636
7,1000,22313
7,1000,20248
7,1000,20028
7,1000,20229
7,1000,20529
7,1000,20047
7,1000,20329
7,1000,20849
7,1000,24677
7,1000,19888
7,1000,19978
7,1000,19838
7,1000,20007
7,1000,19788
7,1000,20128
7,1000,20138
7,1000,20999
7,1000,19888
7,1000,19968
7,1000,24256
7,1000,20018
7,1000,19988
7,1000,22703
7,1000,23354
7,1000,19968
7,1000,20419
7,1000,19917
7,1000,20018
7,1000,20528
7,1000,20228
7,1000,23725
7,1000,19947
7,1000,20148
7,1000,20058
7,1000,20018
7,1000,20168
7,1000,19797
7,1000,19888
7,1000,20028
7,1000,20038
7,1000,22864
7,1000,19698
7,1000,20008
7,1000,20118
7,1000,19948
7,1000,20028
7,1000,20118
7,1000,19908
7,1000,19998
7,1000,19948
7,1000,20088
7,1000,22893
7,1000,20028
7,1000,19718
7,1000,20128
7,1000,20198
7,1000,20058
7,1000,19577
7,1000,21281
7,1000,19497
7,1000,19607
7,1000,19417
7,1000,166766
7,1000,23866
7,1000,29716
7,1000,46909
7,1000,38683
7,1000,42060
7,1000,41067
7,1000,37932
7,1000,41859
7,1000,38282
7,1000,42320
7,1000,48081
7,1000,24717
7,1000,20710
7,1000,21480
7,1000,20719
7,1000,20699
7,1000,20970
7,1000,20719
7,1000,21972
7,1000,22764
7,1000,24767
7,1000,21942
7,1000,24456
7,1000,20328
7,1000,20278
7,1000,20309
7,1000,20369
7,1000,20669
7,1000,20238
7,1000,20058
7,1000,26020
7,1000,20138
7,1000,20068
7,1000,23955
7,1000,20199
7,1000,20128
7,1000,20129
7,1000,20378
7,1000,20799
7,1000,20719
7,1000,20329
7,1000,20649
7,1000,20278
7,1000,20189
7,1000,23705
7,1000,20259
7,1000,20539
7,1000,20479
7,1000,20369
7,1000,20709
7,1000,20979
7,1000,20239
7,1000,20269
7,1000,20178
7,1000,20018
7,1000,23915
7,1000,20508
7,1000,20599
7,1000,20589
7,1000,19978
7,1000,20348
7,1000,20930
7,1000,20519
7,1000,20419
7,1000,20499
7,1000,23514
7,1000,78930
7,1000,63501
7,1000,21871
7,1000,20749
7,1000,20379
7,1000,24096
7,1000,20309
7,1000,20188
7,1000,21471
7,1000,19798
7,1000,19707
7,1000,19687
7,1000,19587
7,1000,20078
7,1000,19638
7,1000,19758
7,1000,20038
7,1000,19667
7,1000,19837
7,1000,20940
7,1000,19897
7,1000,23164
7,1000,19557
7,1000,19507
7,1000,19567
7,1000,19607
7,1000,19637
7,1000,19597
7,1000,19547
7,1000,20679
7,1000,19547
7,1000,38453
7,1000,19547
7,1000,19577
7,1000,19617
7,1000,19567
7,1000,19587
7,1000,19467
7,1000,19588
7,1000,19618
7,1000,20710
7,1000,19598
7,1000,19818
7,1000,19627
7,1000,19647
7,1000,19647
7,1000,19547
7,1000,19557
7,1000,19568
7,1000,19587
7,1000,19577
7,1000,20739
7,1000,19627
7,1000,19637
7,1000,19677
7,1000,19507
7,1000,19848
7,1000,20959
7,1000,19357
7,1000,19858
7,1000,24857
7,1000,21791
7,1000,21691
7,1000,19887
7,1000,19937
7,1000,19888
7,1000,19787
7,1000,19707
7,1000,19727
7,1000,118204
7,1000,25058
7,1000,23875
7,1000,23113
7,1000,23575
7,1000,23645
7,1000,26570
7,1000,22132
7,1000,25488
7,1000,20399
7,1000,19917
7,1000,20048
7,1000,19817
7,1000,19898
7,1000,19978
7,1000,20379
7,1000,19717
7,1000,19898
7,1000,20148
7,1000,24417
7,1000,19707
7,1000,23064
7,1000,22363
7,1000,20218
7,1000,19938
7,1000,20038
7,1000,20198
7,1000,20008
7,1000,20138
7,1000,19838
7,1000,23935
7,1000,27402
7,1000,19888
7,1000,20249
7,1000,20569
7,1000,20028
7,1000,20509
7,1000,20178
7,1000,19898
7,1000,20038
7,1000,19887
7,1000,23855
7,1000,20349
7,1000,20189
7,1000,19888
7,1000,20158
7,1000,19948
7,1000,19888
7,1000,20779
7,1000,20879
7,1000,20829
7,1000,27853
7,1000,19957
7,1000,20469
7,1000,20428
7,1000,22352
7,1000,20328
7,1000,20178
7,1000,20168
7,1000,20529
7,1000,20308
7,1000,20128
7,1000,23525
7,1000,20168
7,1000,20058
7,1000,20108
7,1000,20258
7,1000,20088
7,1000,78428
7,1000,116431
7,1000,23003
7,1000,23234
7,1000,23154
7,1000,23554
7,1000,23525
7,1000,27512
7,1000,20419
7,1000,20078
7,1000,25458
7,1000,20138
7,1000,20139
7,1000,20269
7,1000,20188
7,1000,21070
7,1000,20268
7,1000,20269
7,1000,20318
7,1000,20389
7,1000,20909
7,1000,24507
7,1000,20509
7,1000,21280
7,1000,20289
7,1000,20278
7,1000,20489
7,1000,20278
7,1000,20900
7,1000,20508
7,1000,26931
7,1000,25268
7,1000,20108
7,1000,20789
7,1000,20459
7,1000,20639
7,1000,20429
7,1000,20429
7,1000,20219
7,1000,20159
7,1000,20529
7,1000,20539
7,1000,23935
7,1000,20228
7,1000,20419
7,1000,20228
7,1000,20288
7,1000,20288
7,1000,20629
7,1000,20399
7,1000,20158
7,1000,19777
7,1000,20238
7,1000,24036
7,1000,20058
7,1000,20308
7,1000,20088
7,1000,19898
7,1000,20319
7,1000,20248
7,1000,19928
7,1000,20169
7,1000,20448
7,1000,20048
7,1000,22883
7,1000,20048
7,1000,19968
7,1000,19998
7,1000,38172
7,1000,120979
7,1000,21691
7,1000,20849
7,1000,20840
7,1000,30708
7,1000,36810
7,1000,44465
7,1000,37601
7,1000,40236
7,1000,36860
7,1000,29476
7,1000,21100
7,1000,20439
7,1000,20569
7,1000,20188
7,1000,20189
7,1000,20228
7,1000,20138
7,1000,20719
7,1000,20178
7,1000,20439
7,1000,20479
7,1000,20559
7,1000,20438
7,1000,20328
7,1000,27573
7,1000,19788
7,1000,19757
7,1000,19777
7,1000,19607
7,1000,19727
7,1000,19667
7,1000,19758
7,1000,19717
7,1000,19647
7,1000,19828
7,1000,20830
7,1000,20108
7,1000,19747
7,1000,19757
7,1000,19697
7,1000,19677
7,1000,19657
7,1000,19788
7,1000,19667
7,1000,19567
7,1000,20859
7,1000,19697
7,1000,19627
7,1000,19627
7,1000,19668
7,1000,19577
7,1000,19597
7,1000,19698
7,1000,19627
7,1000,19737
7,1000,19597
7,1000,20799
7,1000,19647
7,1000,19687
7,1000,20149
7,1000,19627
7,1000,19687
7,1000,25478
7,1000,19647
7,1000,19637
7,1000,25609
7,1000,21490
7,1000,24857
7,1000,129174
7,1000,62128
7,1000,26350
7,1000,26029
7,1000,25839
7,1000,26210
7,1000,26590
8,1000,21540
8,1000,20629
8,1000,20399
8,1000,20939
8,1000,20459
8,1000,20679
8,1000,21090
8,1000,21411
8,1000,20539
8,1000,20439
8,1000,20539
8,1000,20478
8,1000,20509
8,1000,20378
8,1000,20448
8,1000,20198
8,1000,20980
8,1000,20739
8,1000,20539
8,1000,20238
8,1000,21000
8,1000,20609
8,1000,19878
8,1000,19818
8,1000,20900
8,1000,20669
8,1000,19768
8,1000,19857
8,1000,20669
8,1000,19627
8,1000,20048
8,1000,20659
8,1000,20700
8,1000,19687
8,1000,19908
8,1000,19898
8,1000,19607
8,1000,19667
8,1000,20088
8,1000,19738
8,1000,20008
8,1000,19778
8,1000,21421
8,1000,19917
8,1000,20098
8,1000,19797
8,1000,19838
8,1000,19847
8,1000,19788
8,1000,20579
8,1000,19777
8,1000,28093
8,1000,20449
8,1000,19647
8,1000,19777
8,1000,22492
8,1000,23154
8,1000,19598
8,1000,19817
8,1000,20168
8,1000,21090
8,1000,96784
8,1000,71195
8,1000,24446
8,1000,23735
8,1000,23675
8,1000,24707
8,1000,24817
8,1000,29867
8,1000,20389
8,1000,20288
8,1000,20198
8,1000,20228
8,1000,19958
8,1000,20339
8,1000,20528
8,1000,20088
8,1000,20109
8,1000,20258
8,1000,24857
8,1000,19988
8,1000,20138
8,1000,27832
8,1000,20318
8,1000,20489
8,1000,20409
8,1000,20208
8,1000,20178
8,1000,20309
8,1000,20178
8,1000,24296
8,1000,20048
8,1000,20178
8,1000,20238
8,1000,20789
8,1000,20189
8,1000,20148
8,1000,20188
8,1000,20258
8,1000,20228
8,1000,20449
8,1000,23594
8,1000,20008
8,1000,20028
8,1000,20369
8,1000,20088
8,1000,20048
8,1000,20369
8,1000,20278
8,1000,20008
8,1000,20108
8,1000,23875
8,1000,20068
8,1000,20238
8,1000,20339
8,1000,20048
8,1000,20319
8,1000,20178
8,1000,20288
8,1000,20068
8,1000,20239
8,1000,20068
8,1000,22833
8,1000,20178
8,1000,20379
8,1000,20248
8,1000,20339
8,1000,20379
8,1000,19817
8,1000,78549
8,1000,86935
8,1000,23194
8,1000,23815
8,1000,22843
8,1000,23154
8,1000,23434
8,1000,22212
8,1000,20429
8,1000,25378
8,1000,20359
8,1000,20569
8,1000,21792
8,1000,19808
8,1000,20248
8,1000,20028
8,1000,19788
8,1000,20298
8,1000,19707
8,1000,19848
8,1000,24707
8,1000,19958
8,1000,27321
8,1000,22843
8,1000,22493
8,1000,19918
8,1000,19938
8,1000,19787
8,1000,19697
8,1000,19747
8,1000,23955
8,1000,19838
8,1000,20359
8,1000,19938
8,1000,19707
8,1000,19757
8,1000,19707
8,1000,19687
8,1000,19717
8,1000,19858
8,1000,19778
8,1000,23254
8,1000,19968
8,1000,20308
8,1000,24848
8,1000,23605
8,1000,23354
8,1000,21200
8,1000,19707
8,1000,19807
8,1000,22893
8,1000,22603
8,1000,23334
8,1000,20288
8,1000,19828
8,1000,20068
8,1000,19928
8,1000,19867
8,1000,19858
8,1000,20209
8,1000,19988
8,1000,20028
8,1000,20058
8,1000,22783
8,1000,20108
8,1000,19937
8,1000,20068
8,1000,19898
8,1000,19868
8,1000,116941
8,1000,26641
8,1000,25989
8,1000,28784
8,1000,26340
8,1000,19858
8,1000,19767
8,1000,20599
8,1000,19607
8,1000,19597
8,1000,19588
8,1000,19898
8,1000,19427
8,1000,19627
8,1000,19517
8,1000,19507
8,1000,19587
8,1000,19607
8,1000,20409
8,1000,19466
8,1000,26671
8,1000,19507
8,1000,19517
8,1000,19527
8,1000,19547
8,1000,19477
8,1000,19466
8,1000,19597
8,1000,20329
8,1000,19487
8,1000,19857
8,1000,19517
8,1000,19487
8,1000,19346
8,1000,19497
8,1000,19507
8,1000,19497
8,1000,19506
8,1000,19558
8,1000,20429
8,1000,19487
8,1000,19828
8,1000,19497
8,1000,19497
8,1000,19507
8,1000,19507
8,1000,19477
8,1000,19507
8,1000,19487
8,1000,19517
8,1000,20428
8,1000,19617
8,1000,22703
8,1000,22633
8,1000,19427
8,1000,19587
8,1000,19577
8,1000,19597
8,1000,19627
8,1000,19637
8,1000,39735
8,1000,27172
8,1000,21000
8,1000,21160
8,1000,21501
8,1000,21581
8,1000,21260
8,1000,22383
8,1000,80572
8,1000,101212
8,1000,25919
8,1000,25909
8,1000,24035
8,1000,25208
8,1000,21521
8,1000,26590
8,1000,20349
8,1000,20258
8,1000,21370
8,1000,21942
8,1000,20749
8,1000,20599
8,1000,19567
8,1000,19456
8,1000,19317
8,1000,19737
8,1000,24436
8,1000,25799
8,1000,19507
8,1000,19797
8,1000,19758
8,1000,19476
8,1000,20279
8,1000,19376
8,1000,20028
8,1000,19938
8,1000,23815
8,1000,20809
8,1000,19627
8,1000,20028
8,1000,19898
8,1000,20539
8,1000,19658
8,1000,19728
8,1000,20328
8,1000,19867
8,1000,19597
8,1000,22934
8,1000,20499
8,1000,19757
8,1000,19597
8,1000,20499
8,1000,19537
8,1000,20800
8,1000,27392
8,1000,21521
8,1000,19728
8,1000,20519
8,1000,23514
8,1000,20158
8,1000,20068
8,1000,20199
8,1000,20048
8,1000,20078
8,1000,26901
8,1000,21340
8,1000,20448
8,1000,20208
8,1000,20018
8,1000,23114
8,1000,20429
8,1000,19807
8,1000,19928
8,1000,20108
8,1000,19927
8,1000,19907
8,1000,20118
8,1000,90201
8,1000,25799
8,1000,23595
8,1000,23024
8,1000,23785
8,1000,24366
8,1000,23835
8,1000,20820
8,1000,20269
8,1000,20398
8,1000,20830
8,1000,20760
8,1000,20619
8,1000,20780
8,1000,20789
8,1000,20659
8,1000,20679
8,1000,20258
8,1000,20519
8,1000,26881
8,1000,20458
8,1000,20619
8,1000,20489
8,1000,20148
8,1000,20528
8,1000,20138
8,1000,19808
8,1000,24586
8,1000,20068
8,1000,20118
8,1000,20118
8,1000,20218
8,1000,20499
8,1000,20048
8,1000,20008
8,1000,19898
8,1000,20299
8,1000,19968
8,1000,23214
8,1000,19938
8,1000,19878
8,1000,19988
8,1000,20789
8,1000,20419
8,1000,20860
8,1000,20108
8,1000,21290
8,1000,19818
8,1000,19978
8,1000,23204
8,1000,19827
8,1000,19908
8,1000,20269
8,1000,19798
8,1000,19947
8,1000,19847
8,1000,29907
8,1000,20068
8,1000,19878
8,1000,23805
8,1000,20449
8,1000,19958
8,1000,20329
8,1000,20017
8,1000,20239
8,1000,20027
8,1000,20058
8,1000,20008
8,1000,71806
8,1000,107173
8,1000,22903
8,1000,20989
8,1000,21300
8,1000,21351
8,1000,39865
8,1000,42160
8,1000,37972
8,1000,52199
8,1000,46538
8,1000,45827
8,1000,56076
8,1000,46278
8,1000,51287
8,1000,37130
8,1000,24947
8,1000,23985
8,1000,24336
8,1000,23986
8,1000,24126
8,1000,23815
8,1000,24156
8,1000,24336
8,1000,24476
8,1000,25869
8,1000,24476
8,1000,24146
8,1000,23805
8,1000,24827
8,1000,23956
8,1000,24737
8,1000,23855
8,1000,24066
8,1000,23314
8,1000,23495
8,1000,20749
8,1000,19797
8,1000,20679
8,1000,19798
8,1000,20669
8,1000,20719
8,1000,19667
8,1000,20078
8,1000,19517
8,1000,20790
8,1000,21160
8,1000,19788
8,1000,19747
8,1000,19587
8,1000,20328
8,1000,19968
8,1000,20710
8,1000,19657
8,1000,19787
8,1000,19617
8,1000,19707
8,1000,20709
8,1000,19667
8,1000,20288
8,1000,20038
8,1000,20058
8,1000,19807
8,1000,19747
8,1000,19908
8,1000,20298
8,1000,20679
8,1000,19867
8,1000,21862
8,1000,138913
8,1000,20399
8,1000,20870
8,1000,21330
8,1000,21932
8,1000,19998
8,1000,19858
8,1000,19768
8,1000,19597
8,1000,19697
8,1000,19757
8,1000,19958
8,1000,20940
8,1000,19727
8,1000,19667
8,1000,19557
8,1000,19687
8,1000,19557
8,1000,19588
8,1000,19417
8,1000,20068
8,1000,19677
8,1000,19687
8,1000,20559
8,1000,19547
8,1000,19507
8,1000,19547
8,1000,19567
8,1000,19577
8,1000,19537
8,1000,19948
8,1000,19878
8,1000,22803
8,1000,26540
8,1000,23595
8,1000,19697
8,1000,19507
8,1000,19517
8,1000,19497
8,1000,19547
8,1000,19557
8,1000,19547
8,1000,19718
8,1000,19647
8,1000,20348
8,1000,19587
8,1000,19818
8,1000,19517
8,1000,19476
8,1000,19527
8,1000,19507
8,1000,19677
8,1000,19457
8,1000,19486
8,1000,19527
8,1000,20258
8,1000,20028
8,1000,19477
8,1000,21150
8,1000,24857
8,1000,20800
8,1000,19607
8,1000,20269
8,1000,19808
8,1000,19947
8,1000,20028
8,1000,20569
8,1000,21430
8,1000,211300
8,1000,26680
8,1000,25638
8,1000,26280
8,1000,26751
8,1000,38603
8,1000,25598
8,1000,20980
8,1000,20499
8,1000,21180
8,1000,33023
8,1000,22122
8,1000,20499
8,1000,21712
8,1000,20710
8,1000,20549
8,1000,20469
8,1000,20418
8,1000,20829
8,1000,20849
8,1000,20730
8,1000,20519
8,1000,20459
8,1000,20720
8,1000,20449
8,1000,22002
8,1000,20038
8,1000,21030
8,1000,19888
8,1000,19908
8,1000,20118
8,1000,19647
8,1000,19667
8,1000,19838
8,1000,19798
8,1000,19637
8,1000,20719
8,1000,20298
8,1000,19647
8,1000,19657
8,1000,19657
8,1000,27673
8,1000,21180
8,1000,19928
8,1000,19748
8,1000,19727
8,1000,20398
8,1000,21391
8,1000,19567
8,1000,19597
8,1000,19777
8,1000,19667
8,1000,19637
8,1000,19897
8,1000,19627
8,1000,21180
8,1000,23355
8,1000,22223
8,1000,19467
8,1000,19757
8,1000,19887
8,1000,19677
8,1000,19657
8,1000,20068
8,1000,20689
8,1000,19838
8,1000,19897
8,1000,71034
8,1000,94890
8,1000,20579
8,1000,21000
8,1000,21260
8,1000,28103
8,1000,19777
8,1000,19627
8,1000,19787
8,1000,19857
8,1000,19728
8,1000,19637
8,1000,20209
8,1000,19647
8,1000,20919
8,1000,19657
8,1000,19638
8,1000,19637
8,1000,19597
8,1000,19737
8,1000,19818
8,1000,19557
8,1000,19748
8,1000,19567
8,1000,19707
8,1000,21019
8,1000,19848
8,1000,19697
8,1000,19547
8,1000,19567
8,1000,19537
8,1000,20038
8,1000,19557
8,1000,19577
8,1000,19757
8,1000,19377
8,1000,20749
8,1000,19848
8,1000,19577
8,1000,19557
8,1000,19677
8,1000,19687
8,1000,19567
8,1000,30208
8,1000,19718
8,1000,19557
8,1000,19617
8,1000,20659
8,1000,19527
8,1000,19657
8,1000,19587
8,1000,19708
8,1000,19637
8,1000,19477
8,1000,19598
8,1000,19517
8,1000,19437
8,1000,20599
8,1000,19807
8,1000,19587
8,1000,19627
8,1000,19597
8,1000,20980
8,1000,21591
8,1000,29636
8,1000,34996
8,1000,38122
8,1000,32953
8,1000,21772
8,1000,97264
8,1000,22963
8,1000,20689
8,1000,22252
8,1000,46117
8,1000,38483
8,1000,36409
8,1000,40897
8,1000,37611
8,1000,39615
8,1000,33663
8,1000,36830
8,1000,41078
8,1000,32351
8,1000,19577
8,1000,19938
8,1000,20659
8,1000,19737
8,1000,19637
8,1000,19507
8,1000,19777
8,1000,20298
8,1000,19598
8,1000,19617
8,1000,19758
8,1000,19698
8,1000,19697
8,1000,20448
8,1000,19727
8,1000,19507
8,1000,19978
8,1000,19476
8,1000,19607
8,1000,19527
8,1000,27422
8,1000,19687
8,1000,19517
8,1000,20839
8,1000,19718
8,1000,19496
8,1000,20038
8,1000,19537
8,1000,19477
8,1000,19577
8,1000,19497
8,1000,19447
8,1000,19818
8,1000,19617
8,1000,20349
8,1000,19497
8,1000,19687
8,1000,19477
8,1000,21581
8,1000,22402
8,1000,19527
8,1000,19617
8,1000,19547
8,1000,19787
8,1000,19517
8,1000,20429
8,1000,19527
8,1000,19577
8,1000,19607
8,1000,19767
8,1000,22733
8,1000,19787
8,1000,19487
8,1000,19628
8,1000,73479
8,1000,100100
8,1000,30729
8,1000,30237
8,1000,25739
8,1000,25187
8,1000,26520
8,1000,25238
8,1000,25829
8,1000,25519
8,1000,25538
8,1000,25468
8,1000,30518
8,1000,25298
8,1000,25688
8,1000,25067
8,1000,25127
8,1000,25118
8,1000,25098
8,1000,25238
8,1000,25638
8,1000,23604
8,1000,23785
8,1000,25920
8,1000,20179
8,1000,19928
8,1000,21120
8,1000,20349
8,1000,20048
8,1000,20078
8,1000,25207
8,1000,20999
8,1000,20188
8,1000,20870
8,1000,24216
8,1000,20198
8,1000,19928
8,1000,19967
8,1000,20529
8,1000,20068
8,1000,20458
8,1000,20138
8,1000,20178
8,1000,21190
8,1000,23474
8,1000,20258
8,1000,20419
8,1000,20659
8,1000,20178
8,1000,20048
8,1000,20459
8,1000,21040
8,1000,19788
8,1000,19948
8,1000,20408
8,1000,23455
8,1000,19998
8,1000,20199
8,1000,20579
8,1000,22353
8,1000,21221
8,1000,20128
8,1000,25819
8,1000,24005
8,1000,20318
8,1000,20770
8,1000,24266
8,1000,20910
8,1000,20429
8,1000,89880
8,1000,96873
8,1000,23294
8,1000,23174
8,1000,22232
8,1000,23314
8,1000,22813
8,1000,37762
8,1000,41228
8,1000,37991
8,1000,37090
8,1000,40918
8,1000,38222
8,1000,55655
8,1000,37852
8,1000,37441
8,1000,21100
8,1000,20328
8,1000,20288
8,1000,19978
8,1000,20159
8,1000,19928
8,1000,28323
8,1000,20368
8,1000,23785
8,1000,19907
8,1000,19948
8,1000,19828
8,1000,20719
8,1000,20139
8,1000,20028
8,1000,20118
8,1000,20058
8,1000,19978
8,1000,19808
8,1000,23544
8,1000,19837
8,1000,19828
8,1000,19968
8,1000,20027
8,1000,19737
8,1000,20589
8,1000,19807
8,1000,19958
8,1000,19698
8,1000,23054
8,1000,19927
8,1000,19978
8,1000,19878
8,1000,19897
8,1000,19738
8,1000,22012
8,1000,22563
8,1000,21371
8,1000,20149
8,1000,19948
8,1000,22713
8,1000,19998
8,1000,20098
8,1000,25478
8,1000,20028
8,1000,20128
8,1000,19858
8,1000,19858
8,1000,20078
8,1000,19888
8,1000,19957
8,1000,22844
8,1000,76004
8,1000,84851
8,1000,23304
8,1000,23715
8,1000,23374
8,1000,23825
8,1000,24196
8,1000,21120
8,1000,20469
8,1000,20298
8,1000,20379
8,1000,20248
8,1000,20118
8,1000,20408
8,1000,21110
8,1000,25128
8,1000,20148
8,1000,20088
8,1000,20088
8,1000,20088
8,1000,19938
8,1000,19928
8,1000,20519
8,1000,25929
8,1000,20219
8,1000,24396
8,1000,19967
8,1000,20208
8,1000,20028
8,1000,19998
8,1000,20228
8,1000,19727
8,1000,20779
8,1000,20359
8,1000,20098
8,1000,19958
8,1000,23495
8,1000,19907
8,1000,20238
8,1000,20339
8,1000,20179
8,1000,20168
8,1000,19928
8,1000,19967
8,1000,20349
8,1000,20068
8,1000,20239
8,1000,22884
8,1000,19857
8,1000,20168
8,1000,20048
8,1000,19998
8,1000,19938
8,1000,19738
8,1000,20008
8,1000,20008
8,1000,19797
8,1000,19938
8,1000,22914
8,1000,20539
8,1000,29035
8,1000,25088
8,1000,20118
8,1000,19788
8,1000,20208
8,1000,20088
8,1000,21381
8,1000,25498
8,1000,22974
8,1000,109828
8,1000,81905
8,1000,21631
8,1000,21601
8,1000,23355
8,1000,22793
8,1000,27953
8,1000,37651
8,1000,38082
8,1000,44895
8,1000,38773
8,1000,41408
8,1000,38473
8,1000,24026
8,1000,20549
8,1000,20338
8,1000,20399
8,1000,21350
8,1000,20339
8,1000,20750
8,1000,21150
8,1000,21530
8,1000,20319
8,1000,20599
8,1000,20238
8,1000,21250
8,1000,21691
8,1000,19708
8,1000,19677
8,1000,20959
8,1000,19597
8,1000,20680
8,1000,19828
8,1000,19907
8,1000,19928
8,1000,19787
8,1000,19797
8,1000,21330
8,1000,19858
8,1000,23304
8,1000,19808
8,1000,19988
8,1000,19848
8,1000,20098
8,1000,20559
8,1000,20088
8,1000,19937
8,1000,19808
8,1000,20810
8,1000,19757
9,1000,34175
9,1000,32411
9,1000,36169
9,1000,32321
9,1000,31390
9,1000,32502
9,1000,31480
9,1000,31250
9,1000,31320
9,1000,31589
9,1000,124586
9,1000,74421
9,1000,32992
9,1000,34074
9,1000,39084
9,1000,38253
9,1000,33203
9,1000,32191
9,1000,31881
9,1000,31760
9,1000,32291
9,1000,36429
9,1000,31740
9,1000,127532
9,1000,32101
9,1000,31400
9,1000,32362
9,1000,35608
9,1000,31830
9,1000,31891
9,1000,31810
9,1000,31630
9,1000,32392
9,1000,31820
9,1000,35187
9,1000,31750
9,1000,31670
9,1000,31519
9,1000,31841
9,1000,31900
9,1000,34776
9,1000,31800
9,1000,31410
9,1000,31109
9,1000,31119
9,1000,31850
9,1000,33844
9,1000,37611
9,1000,39234
9,1000,31930
9,1000,31781
9,1000,211470
9,1000,40227
9,1000,47971
9,1000,40387
9,1000,35036
9,1000,65765
9,1000,51979
9,1000,32762
9,1000,33343
9,1000,33043
9,1000,32702
9,1000,33052
9,1000,32572
9,1000,32582
9,1000,44905
9,1000,32321
9,1000,32241
9,1000,32361
9,1000,32572
9,1000,31880
9,1000,32311
9,1000,35167
9,1000,32722
9,1000,31790
9,1000,31760
9,1000,31409
9,1000,31520
9,1000,35598
9,1000,33243
9,1000,32221
9,1000,32351
9,1000,32070
9,1000,31940
9,1000,35728
9,1000,35618
9,1000,32822
9,1000,32161
9,1000,32912
9,1000,32262
9,1000,32531
9,1000,191332
9,1000,37691
9,1000,40116
9,1000,39074
9,1000,32732
9,1000,32381
9,1000,41729
9,1000,33463
9,1000,32351
9,1000,32091
9,1000,32081
9,1000,32762
9,1000,32151
9,1000,31921
9,1000,40437
9,1000,43202
9,1000,37300
9,1000,39325
9,1000,33463
9,1000,31660
9,1000,31790
9,1000,31650
9,1000,36409
9,1000,31720
9,1000,31800
9,1000,31650
9,1000,31670
9,1000,32522
9,1000,34516
9,1000,31510
9,1000,31590
9,1000,31440
9,1000,31430
9,1000,31630
9,1000,34074
9,1000,31550
9,1000,31640
9,1000,32001
9,1000,32762
9,1000,35146
9,1000,210529
9,1000,37050
9,1000,36238
9,1000,37631
9,1000,66175
9,1000,38252
9,1000,31730
9,1000,31950
9,1000,31990
9,1000,32461
9,1000,31840
9,1000,35908
9,1000,31670
9,1000,31580
9,1000,31820
9,1000,31670
9,1000,31269
9,1000,36379
9,1000,31520
9,1000,31340
9,1000,32101
9,1000,31770
9,1000,31620
9,1000,35467
9,1000,31430
9,1000,31620
9,1000,31931
9,1000,31961
9,1000,31509
9,1000,31439
9,1000,35087
9,1000,31399
9,1000,31640
9,1000,31930
9,1000,31610
9,1000,31600
9,1000,34635
9,1000,32060
9,1000,34635
9,1000,32251
9,1000,224135
9,1000,41098
9,1000,52309
9,1000,62929
9,1000,65033
9,1000,64873
9,1000,61757
9,1000,54133
9,1000,33072
9,1000,33152
9,1000,33303
9,1000,32732
9,1000,32291
9,1000,32893
9,1000,32651
9,1000,37100
9,1000,32191
9,1000,32391
9,1000,32211
9,1000,35968
9,1000,32211
9,1000,36188
9,1000,31820
9,1000,32412
9,1000,34174
9,1000,53772
9,1000,35397
9,1000,38272
9,1000,32180
9,1000,33083
9,1000,32482
9,1000,32001
9,1000,33123
9,1000,31690
9,1000,37681
9,1000,32612
9,1000,31960
9,1000,32552
9,1000,32231
9,1000,32001
9,1000,188578
9,1000,38844
9,1000,33303
9,1000,33644
9,1000,32000
9,1000,39635
9,1000,32030
9,1000,32362
9,1000,31871
9,1000,32762
9,1000,31410
9,1000,31069
9,1000,31650
9,1000,31540
9,1000,31450
9,1000,32602
9,1000,32110
9,1000,32311
9,1000,31720
9,1000,31740
9,1000,31540
9,1000,31770
9,1000,30918
9,1000,30799
9,1000,31139
9,1000,30709
9,1000,31229
9,1000,30929
9,1000,31780
9,1000,30668
9,1000,30899
9,1000,51036
9,1000,31299
9,1000,31259
9,1000,32000
9,1000,34656
9,1000,33694
9,1000,32031
9,1000,35097
9,1000,34956
9,1000,215338
9,1000,45416
9,1000,37471
9,1000,38122
9,1000,73589
9,1000,58701
9,1000,67248
9,1000,69692
9,1000,61216
9,1000,57859
9,1000,32151
9,1000,32020
9,1000,32090
9,1000,32091
9,1000,32301
9,1000,31860
9,1000,35267
9,1000,31550
9,1000,31990
9,1000,31750
9,1000,31009
9,1000,31199
9,1000,35157
9,1000,31510
9,1000,32010
9,1000,31540
9,1000,31850
9,1000,35888
9,1000,34205
9,1000,36088
9,1000,32041
9,1000,31630
9,1000,31941
9,1000,31680
9,1000,31520
9,1000,35547
9,1000,31820
9,1000,31810
9,1000,31850
9,1000,31680
9,1000,196782
9,1000,36208
9,1000,38082
9,1000,36580
9,1000,32121
9,1000,37742
9,1000,32451
9,1000,34686
9,1000,31680
9,1000,31700
9,1000,31680
9,1000,36910
9,1000,41188
9,1000,32060
9,1000,31620
9,1000,32080
9,1000,31359
9,1000,34525
9,1000,31289
9,1000,31179
9,1000,32011
9,1000,31520
9,1000,32421
9,1000,31579
9,1000,35567
9,1000,32221
9,1000,31750
9,1000,31750
9,1000,32091
9,1000,31880
9,1000,34124
9,1000,31249
9,1000,31540
9,1000,40727
9,1000,39144
9,1000,38443
9,1000,43483
9,1000,40166
9,1000,34556
9,1000,34174
9,1000,171815
9,1000,37641
9,1000,37091
9,1000,39024
9,1000,32221
9,1000,32361
9,1000,37591
9,1000,31870
9,1000,32682
9,1000,31871
9,1000,31980
9,1000,32141
9,1000,37691
9,1000,31840
9,1000,31780
9,1000,31890
9,1000,30999
9,1000,31710
9,1000,47019
9,1000,31510
9,1000,31750
9,1000,31660
9,1000,31249
9,1000,31750
9,1000,31791
9,1000,35167
9,1000,31600
9,1000,31780
9,1000,31550
9,1000,31239
9,1000,31049
9,1000,34234
9,1000,31480
9,1000,31349
9,1000,31529
9,1000,31851
9,1000,31600
9,1000,34295
9,1000,31800
9,1000,34916
9,1000,206351
9,1000,39665
9,1000,37692
9,1000,54974
9,1000,67779
9,1000,73770
9,1000,58350
9,1000,62939
9,1000,64492
9,1000,39505
9,1000,33042
9,1000,37260
9,1000,32762
9,1000,32862
9,1000,32963
9,1000,33283
9,1000,32261
9,1000,37130
9,1000,32271
9,1000,32091
9,1000,32612
9,1000,32191
9,1000,32021
9,1000,33082
9,1000,37401
9,1000,32211
9,1000,32541
9,1000,32050
9,1000,32421
9,1000,32241
9,1000,35828
9,1000,31941
9,1000,31940
9,1000,32893
9,1000,32251
9,1000,32902
9,1000,35077
9,1000,32421
9,1000,33854
9,1000,32191
9,1000,204137
9,1000,38523
9,1000,38172
9,1000,37821
9,1000,46217
9,1000,65433
9,1000,66025
9,1000,64001
9,1000,63771
9,1000,61096
9,1000,65113
9,1000,32382
9,1000,31970
9,1000,36299
9,1000,32291
9,1000,37772
9,1000,34596
9,1000,32040
9,1000,32061
9,1000,41729
9,1000,32011
9,1000,31820
9,1000,31770
9,1000,32000
9,1000,32181
9,1000,35276
9,1000,31520
9,1000,31569
9,1000,31630
9,1000,31550
9,1000,31660
9,1000,32021
9,1000,35787
9,1000,31680
9,1000,32071
9,1000,31660
9,1000,31670
9,1000,31901
9,1000,34335
9,1000,32582
9,1000,200520
9,1000,47510
9,1000,47490
9,1000,43262
9,1000,34576
9,1000,31039
9,1000,31569
9,1000,31510
9,1000,31710
9,1000,31940
9,1000,32151
9,1000,31099
9,1000,31970
9,1000,32622
9,1000,32091
9,1000,31239
9,1000,32040
9,1000,32071
9,1000,34245
9,1000,37080
9,1000,32081
9,1000,31399
9,1000,31169
9,1000,32752
9,1000,40397
9,1000,31710
9,1000,31440
9,1000,31660
9,1000,31690
9,1000,34716
9,1000,32171
9,1000,32892
9,1000,33273
9,1000,32642
9,1000,32962
9,1000,41098
9,1000,45306
9,1000,33503
9,1000,33533
9,1000,38533
9,1000,183979
9,1000,32581
9,1000,36819
9,1000,66987
9,1000,48602
9,1000,31169
9,1000,30928
9,1000,30958
9,1000,30849
9,1000,31259
9,1000,32361
9,1000,30849
9,1000,30698
9,1000,31379
9,1000,30798
9,1000,30729
9,1000,31009
9,1000,31860
9,1000,30638
9,1000,30828
9,1000,31149
9,1000,31249
9,1000,30818
9,1000,31990
9,1000,31109
9,1000,30829
9,1000,31008
9,1000,30829
9,1000,30759
9,1000,31700
9,1000,37501
9,1000,30618
9,1000,30779
9,1000,30839
9,1000,30708
9,1000,30868
9,1000,31830
9,1000,31009
9,1000,36088
9,1000,31429
9,1000,194488
9,1000,43032
9,1000,41609
9,1000,39084
9,1000,36689
9,1000,39816
9,1000,43843
9,1000,33514
9,1000,36219
9,1000,32121
9,1000,43632
9,1000,32361
9,1000,36730
9,1000,32111
9,1000,31740
9,1000,31720
9,1000,32001
9,1000,31730
9,1000,35217
9,1000,31730
9,1000,31951
9,1000,31430
9,1000,32261
9,1000,31921
9,1000,35067
9,1000,31720
9,1000,31850
9,1000,32151
9,1000,34075
9,1000,31569
9,1000,36509
9,1000,35307
9,1000,31751
9,1000,31931
9,1000,31740
9,1000,38984
9,1000,31630
9,1000,34535
9,1000,32211
9,1000,31751
9,1000,164161
9,1000,32962
9,1000,32482
9,1000,33283
9,1000,31309
9,1000,32632
9,1000,30869
9,1000,31078
9,1000,31179
9,1000,30909
9,1000,30708
9,1000,30738
9,1000,32221
9,1000,31720
9,1000,33714
9,1000,30738
9,1000,30738
9,1000,30698
9,1000,40968
9,1000,31169
9,1000,30668
9,1000,30648
9,1000,30879
9,1000,30689
9,1000,31760
9,1000,30908
9,1000,30638
9,1000,30688
9,1000,30548
9,1000,30588
9,1000,30808
9,1000,31680
9,1000,30818
9,1000,30608
9,1000,30658
9,1000,30648
9,1000,30729
9,1000,32402
9,1000,35036
9,1000,31449
9,1000,173939
9,1000,47951
9,1000,54584
9,1000,32341
9,1000,31810
9,1000,33052
9,1000,31149
9,1000,31520
9,1000,30759
9,1000,30729
9,1000,32802
9,1000,31780
9,1000,31159
9,1000,30769
9,1000,30979
9,1000,30658
9,1000,30718
9,1000,30698
9,1000,35146
9,1000,33333
9,1000,30568
9,1000,30397
9,1000,39164
9,1000,30648
9,1000,42450
9,1000,41128
9,1000,30638
9,1000,30447
9,1000,30738
9,1000,30387
9,1000,31490
9,1000,30658
9,1000,30558
9,1000,30488
9,1000,30528
9,1000,30679
9,1000,30578
9,1000,31360
9,1000,30478
9,1000,30398
9,1000,120929
9,1000,67198
9,1000,49353
9,1000,36028
9,1000,37100
9,1000,38703
9,1000,31961
9,1000,31439
9,1000,33975
9,1000,30588
9,1000,30698
9,1000,30618
9,1000,32011
9,1000,30548
9,1000,30497
9,1000,30718
9,1000,30748
9,1000,30538
9,1000,30909
9,1000,31299
9,1000,30548
9,1000,30458
9,1000,30608
9,1000,30488
9,1000,30648
9,1000,31489
9,1000,30448
9,1000,30598
9,1000,33263
9,1000,34836
9,1000,30738
9,1000,31770
9,1000,36749
9,1000,31600
9,1000,31330
9,1000,30557
9,1000,30668
9,1000,30608
9,1000,32401
9,1000,31279
9,1000,32511
9,1000,163259
9,1000,39195
9,1000,45656
9,1000,59132
9,1000,64211
9,1000,47490
9,1000,33314
9,1000,31900
9,1000,32332
9,1000,32652
9,1000,32271
9,1000,36579
9,1000,32412
9,1000,32011
9,1000,32070
9,1000,31920
9,1000,31580
9,1000,36008
9,1000,31679
9,1000,32010
9,1000,32351
9,1000,32452
9,1000,32501
9,1000,31821
9,1000,36258
9,1000,32131
9,1000,31990
9,1000,32501
9,1000,31620
9,1000,31841
9,1000,34135
9,1000,32361
9,1000,33504
9,1000,38082
9,1000,32381
9,1000,31940
9,1000,39224
9,1000,31940
9,1000,32582
9,1000,32502
9,1000,200169
9,1000,38303
9,1000,37602
9,1000,38744
9,1000,33824
9,1000,32562
9,1000,40958
9,1000,33513
9,1000,31981
9,1000,31740
9,1000,32461
9,1000,32512
9,1000,36409
9,1000,31861
9,1000,32110
9,1000,31690
9,1000,37060
9,1000,31870
9,1000,35988
9,1000,31830
9,1000,32301
9,1000,31650
9,1000,32081
9,1000,31570
9,1000,32080
9,1000,35127
9,1000,31670
9,1000,31720
9,1000,31970
9,1000,31971
9,1000,31891
9,1000,34435
9,1000,32020
9,1000,31950
9,1000,31881
9,1000,31700
9,1000,31390
9,1000,33163
9,1000,31901
9,1000,32321
9,1000,207813
9,1000,34175
9,1000,46638
9,1000,67448
9,1000,66787
9,1000,62408
9,1000,64903
9,1000,67097
9,1000,45757
9,1000,32161
9,1000,32171
9,1000,32040
9,1000,32291
9,1000,33804
9,1000,32241
9,1000,32592
9,1000,41989
9,1000,40987
9,1000,31229
9,1000,31680
9,1000,31299
9,1000,32582
9,1000,31470
9,1000,31690
9,1000,32201
9,1000,31279
9,1000,31260
9,1000,32391
9,1000,31690
9,1000,32541
9,1000,30938
9,1000,31229
9,1000,31169
9,1000,31339
9,1000,32642
9,1000,31700
9,1000,30889
9,1000,31249
9,1000,31369
9,1000,33493
9,1000,238301
9,1000,40466
9,1000,37742
9,1000,39445
9,1000,34846
9,1000,32421
9,1000,32021
9,1000,32030
9,1000,32582
9,1000,33073
9,1000,37060
9,1000,32391
9,1000,32371
9,1000,32281
9,1000,32392
9,1000,32381
9,1000,36669
9,1000,32722
9,1000,34595
9,1000,32832
9,1000,32011
9,1000,32311
9,1000,35056
9,1000,40597
9,1000,31991
9,1000,32702
9,1000,31991
9,1000,31800
9,1000,31409
9,1000,35347
9,1000,31329
9,1000,31930
9,1000,31380
9,1000,31450
9,1000,31469
9,1000,35327
9,1000,36248
9,1000,37732
9,1000,31230
9,1000,31370
9,1000,213625
9,1000,45156
9,1000,93807
9,1000,80142
9,1000,74972
9,1000,69972
9,1000,74160
9,1000,74080
9,1000,45736
9,1000,38433
9,1000,39184
9,1000,38673
9,1000,39384
9,1000,38994
9,1000,42871
9,1000,38232
9,1000,32982
9,1000,32171
9,1000,32602
9,1000,39294
9,1000,36970
9,1000,33173
9,1000,32271
9,1000,32371
9,1000,32572
9,1000,32241
9,1000,31730
9,1000,35197
9,1000,32011
9,1000,33102
9,1000,32512
9,1000,34986
9,1000,32041
9,1000,34896
9,1000,32030
9,1000,33173
9,1000,31720
9,1000,31941
9,1000,33043
9,1000,35126
9,1000,224665
9,1000,37190
9,1000,36730
9,1000,37181
9,1000,35798
9,1000,32241
9,1000,31619
9,1000,31750
9,1000,32151
9,1000,37291
9,1000,31670
9,1000,31790
9,1000,31730
9,1000,31670
9,1000,32141
9,1000,35768
9,1000,31550
9,1000,31710
9,1000,32161
9,1000,32481
9,1000,31549
9,1000,40446
9,1000,34025
9,1000,31760
9,1000,37692
9,1000,31870
9,1000,31920
9,1000,31630
9,1000,34686
9,1000,31991
9,1000,31560
9,1000,31570
9,1000,32001
9,1000,31450
9,1000,34696
9,1000,37231
9,1000,32762
9,1000,31710
9,1000,32191
9,1000,31891
9,1000,188807
9,1000,39896
9,1000,35377
9,1000,36539
9,1000,61096
9,1000,31800
9,1000,31259
9,1000,31770
9,1000,32191
9,1000,32541
9,1000,36960
9,1000,32231
9,1000,31750
9,1000,31901
9,1000,31830
9,1000,31580
9,1000,35888
9,1000,31660
9,1000,31910
9,1000,32070
9,1000,31590
9,1000,31650
9,1000,31640
9,1000,34956
9,1000,31489
9,1000,34465
9,1000,36750
9,1000,31950
9,1000,32381
9,1000,35047
9,1000,36730
9,1000,31760
9,1000,31851
9,1000,31750
9,1000,31610
9,1000,34756
9,1000,32272
9,1000,31590
9,1000,32231
9,1000,31560
9,1000,187275
9,1000,38333
9,1000,37712
9,1000,39205
9,1000,71205
9,1000,70474
9,1000,60955
9,1000,95000
9,1000,64903
9,1000,47770
9,1000,31791
9,1000,36569
9,1000,32301
9,1000,32432
9,1000,31770
9,1000,32061
9,1000,31780
9,1000,32231
9,1000,35838
9,1000,31750
9,1000,31870
9,1000,32050
9,1000,31559
9,1000,31690
9,1000,36550
9,1000,32241
9,1000,31589
9,1000,32271
10,1000,22442
10,1000,19837
10,1000,19758
10,1000,19818
10,1000,28113
10,1000,20258
10,1000,20269
10,1000,20148
10,1000,20118
10,1000,20148
10,1000,20168
10,1000,20088
10,1000,19857
10,1000,20378
10,1000,20068
10,1000,21631
10,1000,20208
10,1000,20188
10,1000,20189
10,1000,20248
10,1000,69441
10,1000,93347
10,1000,24417
10,1000,24135
10,1000,24096
10,1000,26370
10,1000,24497
10,1000,26511
10,1000,20239
10,1000,20028
10,1000,20189
10,1000,20088
10,1000,20589
10,1000,20098
10,1000,20058
10,1000,19917
10,1000,20138
10,1000,20078
10,1000,24346
10,1000,20008
10,1000,20048
10,1000,20278
10,1000,20238
10,1000,20058
10,1000,20169
10,1000,20238
10,1000,19928
10,1000,19928
10,1000,19918
10,1000,24076
10,1000,20058
10,1000,19938
10,1000,20719
10,1000,20048
10,1000,19938
10,1000,20279
10,1000,19988
10,1000,19978
10,1000,20008
10,1000,21190
10,1000,24046
10,1000,20278
10,1000,20309
10,1000,20098
10,1000,19978
10,1000,19938
10,1000,20158
10,1000,20359
10,1000,20319
10,1000,19947
10,1000,23514
10,1000,19948
10,1000,20088
10,1000,24987
10,1000,19827
10,1000,19758
10,1000,20108
10,1000,19787
10,1000,20038
10,1000,20078
10,1000,26150
10,1000,25588
10,1000,19968
10,1000,20008
10,1000,20028
10,1000,20148
10,1000,21541
10,1000,23203
10,1000,24416
10,1000,125107
10,1000,24456
10,1000,24026
10,1000,24146
10,1000,23274
10,1000,24486
10,1000,25037
10,1000,20529
10,1000,20449
10,1000,20319
10,1000,20199
10,1000,20198
10,1000,20238
10,1000,20519
10,1000,26710
10,1000,20359
10,1000,20229
10,1000,20288
10,1000,20168
10,1000,20358
10,1000,20319
10,1000,20138
10,1000,19988
10,1000,20178
10,1000,20118
10,1000,20239
10,1000,20699
10,1000,24125
10,1000,20178
10,1000,19988
10,1000,20058
10,1000,20188
10,1000,20559
10,1000,20038
10,1000,20028
10,1000,19928
10,1000,19898
10,1000,19907
10,1000,23785
10,1000,19978
10,1000,20108
10,1000,20058
10,1000,20469
10,1000,19597
10,1000,20660
10,1000,23395
10,1000,20088
10,1000,20038
10,1000,23465
10,1000,20228
10,1000,20099
10,1000,25578
10,1000,20178
10,1000,19898
10,1000,19918
10,1000,19928
10,1000,20018
10,1000,19958
10,1000,20238
10,1000,23685
10,1000,20209
10,1000,20448
10,1000,19777
10,1000,20068
10,1000,19587
10,1000,19927
10,1000,20038
10,1000,20119
10,1000,87536
10,1000,100080
10,1000,22011
10,1000,21801
10,1000,21260
10,1000,21490
10,1000,22553
10,1000,23765
10,1000,22563
10,1000,20559
10,1000,20429
10,1000,20629
10,1000,20258
10,1000,20589
10,1000,20389
10,1000,20109
10,1000,21501
10,1000,20158
10,1000,20158
10,1000,19758
10,1000,20359
10,1000,21160
10,1000,20609
10,1000,21311
10,1000,20659
10,1000,21811
10,1000,21030
10,1000,21370
10,1000,20219
10,1000,19717
10,1000,19747
10,1000,19838
10,1000,19947
10,1000,19927
10,1000,20028
10,1000,19797
10,1000,19817
10,1000,19828
10,1000,20589
10,1000,20409
10,1000,19697
10,1000,19737
10,1000,20358
10,1000,19918
10,1000,20820
10,1000,19777
10,1000,19988
10,1000,19697
10,1000,20900
10,1000,19727
10,1000,20559
10,1000,19688
10,1000,20979
10,1000,19747
10,1000,20408
10,1000,19527
10,1000,19988
10,1000,22483
10,1000,20418
10,1000,21050
10,1000,19857
10,1000,19868
10,1000,20199
10,1000,19757
10,1000,19877
10,1000,19777
10,1000,19587
10,1000,20569
10,1000,19858
10,1000,76856
10,1000,94689
10,1000,24817
10,1000,27352
10,1000,21661
10,1000,20589
10,1000,22873
10,1000,20720
10,1000,20969
10,1000,20639
10,1000,20820
10,1000,20729
10,1000,28043
10,1000,22162
10,1000,20449
10,1000,21280
10,1000,20479
10,1000,21681
10,1000,20508
10,1000,21210
10,1000,21631
10,1000,21090
10,1000,21551
10,1000,21039
10,1000,24086
10,1000,20078
10,1000,20599
10,1000,20829
10,1000,20469
10,1000,20348
10,1000,21270
10,1000,20930
10,1000,20499
10,1000,20238
10,1000,23685
10,1000,20188
10,1000,20258
10,1000,20438
10,1000,20318
10,1000,20108
10,1000,20730
10,1000,20479
10,1000,20609
10,1000,24056
10,1000,20528
10,1000,24006
10,1000,20269
10,1000,20859
10,1000,20298
10,1000,26741
10,1000,20739
10,1000,20369
10,1000,20028
10,1000,20088
10,1000,20058
10,1000,20179
10,1000,23134
10,1000,20068
10,1000,20448
10,1000,20188
10,1000,20148
10,1000,20418
10,1000,20409
10,1000,20198
10,1000,20188
10,1000,21180
10,1000,20007
10,1000,22503
10,1000,88959
10,1000,94980
10,1000,23705
10,1000,23725
10,1000,22824
10,1000,23505
10,1000,26290
10,1000,22784
10,1000,20339
10,1000,20198
10,1000,20258
10,1000,20098
10,1000,26590
10,1000,19797
10,1000,21180
10,1000,25889
10,1000,20078
10,1000,20188
10,1000,20088
10,1000,20048
10,1000,20088
10,1000,20219
10,1000,20669
10,1000,19978
10,1000,20068
10,1000,23826
10,1000,19988
10,1000,20198
10,1000,20028
10,1000,19988
10,1000,20108
10,1000,19937
10,1000,20609
10,1000,20239
10,1000,19728
10,1000,20258
10,1000,23544
10,1000,19838
10,1000,20228
10,1000,20028
10,1000,20028
10,1000,19977
10,1000,20199
10,1000,20168
10,1000,20068
10,1000,19878
10,1000,19837
10,1000,23224
10,1000,19878
10,1000,24527
10,1000,20168
10,1000,20198
10,1000,20078
10,1000,20058
10,1000,19898
10,1000,19688
10,1000,19938
10,1000,20038
10,1000,23043
10,1000,19958
10,1000,21140
10,1000,26130
10,1000,22693
10,1000,20289
10,1000,20379
10,1000,19957
10,1000,20028
10,1000,20999
10,1000,22914
10,1000,81705
10,1000,98055
10,1000,23514
10,1000,23966
10,1000,23234
10,1000,23464
10,1000,26921
10,1000,22964
10,1000,20358
10,1000,20549
10,1000,20298
10,1000,27021
10,1000,20259
10,1000,20388
10,1000,20489
10,1000,25248
10,1000,20168
10,1000,20088
10,1000,20068
10,1000,20619
10,1000,20229
10,1000,20158
10,1000,20128
10,1000,20348
10,1000,20058
10,1000,20419
10,1000,24286
10,1000,20198
10,1000,20179
10,1000,19998
10,1000,19848
10,1000,20017
10,1000,20199
10,1000,20579
10,1000,20199
10,1000,20289
10,1000,20038
10,1000,23635
10,1000,20068
10,1000,20078
10,1000,20238
10,1000,20078
10,1000,20188
10,1000,20108
10,1000,20178
10,1000,19988
10,1000,20128
10,1000,20088
10,1000,28254
10,1000,20098
10,1000,19978
10,1000,19817
10,1000,20489
10,1000,20118
10,1000,19958
10,1000,20038
10,1000,20208
10,1000,19687
10,1000,21751
10,1000,20088
10,1000,20098
10,1000,20108
10,1000,20529
10,1000,19988
10,1000,20028
10,1000,20058
10,1000,20169
10,1000,20078
10,1000,88337
10,1000,37762
10,1000,81123
10,1000,23164
10,1000,23574
10,1000,22403
10,1000,21911
10,1000,23494
10,1000,22433
10,1000,20899
10,1000,20669
10,1000,20669
10,1000,26320
10,1000,20309
10,1000,20048
10,1000,20108
10,1000,21010
10,1000,24807
10,1000,20249
10,1000,20118
10,1000,20168
10,1000,20018
10,1000,20249
10,1000,20138
10,1000,20528
10,1000,19738
10,1000,20108
10,1000,20119
10,1000,24235
10,1000,20179
10,1000,20209
10,1000,20128
10,1000,20278
10,1000,20379
10,1000,20138
10,1000,19877
10,1000,20108
10,1000,20168
10,1000,23765
10,1000,20038
10,1000,19958
10,1000,20098
10,1000,20318
10,1000,20189
10,1000,20288
10,1000,19938
10,1000,20018
10,1000,19947
10,1000,19878
10,1000,28203
10,1000,20248
10,1000,20258
10,1000,20419
10,1000,19908
10,1000,20008
10,1000,19727
10,1000,20158
10,1000,19887
10,1000,20198
10,1000,19828
10,1000,23064
10,1000,20038
10,1000,20017
10,1000,19818
10,1000,20149
10,1000,20068
10,1000,19828
10,1000,20239
10,1000,19747
10,1000,80392
10,1000,76736
10,1000,21711
10,1000,21942
10,1000,21441
10,1000,21501
10,1000,39875
10,1000,22844
10,1000,26450
10,1000,27682
10,1000,24907
10,1000,29616
10,1000,24637
10,1000,24487
10,1000,25168
10,1000,25248
10,1000,24717
10,1000,24787
10,1000,26510
10,1000,24676
10,1000,24887
10,1000,24686
10,1000,25097
10,1000,25177
10,1000,24637
10,1000,24557
10,1000,24837
10,1000,24636
10,1000,25317
10,1000,26340
10,1000,25668
10,1000,24687
10,1000,24376
10,1000,25328
10,1000,24607
10,1000,24526
10,1000,24827
10,1000,24115
10,1000,19808
10,1000,20840
10,1000,19988
10,1000,28875
10,1000,23745
10,1000,21952
10,1000,20840
10,1000,19577
10,1000,19837
10,1000,20188
10,1000,19667
10,1000,19677
10,1000,20709
10,1000,20739
10,1000,19827
10,1000,20018
10,1000,19757
10,1000,20068
10,1000,20729
10,1000,19647
10,1000,19877
10,1000,19507
10,1000,23534
10,1000,21872
10,1000,20659
10,1000,19968
10,1000,20739
10,1000,22613
10,1000,21781
10,1000,19898
10,1000,61467
10,1000,91713
10,1000,20028
10,1000,20248
10,1000,20238
10,1000,34335
10,1000,24737
10,1000,21461
10,1000,19467
10,1000,19807
10,1000,19487
10,1000,19497
10,1000,19477
10,1000,19497
10,1000,19507
10,1000,19897
10,1000,19397
10,1000,20689
10,1000,19446
10,1000,19687
10,1000,19307
10,1000,19387
10,1000,19496
10,1000,19637
10,1000,19447
10,1000,19527
10,1000,19527
10,1000,19457
10,1000,20458
10,1000,19497
10,1000,19477
10,1000,19547
10,1000,19527
10,1000,19828
10,1000,19457
10,1000,19407
10,1000,19437
10,1000,21220
10,1000,19397
10,1000,20670
10,1000,21901
10,1000,19477
10,1000,19677
10,1000,19497
10,1000,23574
10,1000,21451
10,1000,19496
10,1000,19537
10,1000,19597
10,1000,19517
10,1000,20559
10,1000,19457
10,1000,19697
10,1000,19607
10,1000,19727
10,1000,19497
10,1000,19537
10,1000,19567
10,1000,19918
10,1000,19477
10,1000,20549
10,1000,19476
10,1000,19467
10,1000,19497
10,1000,19778
10,1000,19507
10,1000,19557
10,1000,19467
10,1000,19516
10,1000,96042
10,1000,51136
10,1000,25558
10,1000,25518
10,1000,27883
10,1000,22172
10,1000,19487
10,1000,37000
10,1000,19828
10,1000,19777
10,1000,19527
10,1000,19828
10,1000,20479
10,1000,19727
10,1000,19617
10,1000,20549
10,1000,19457
10,1000,19507
10,1000,19547
10,1000,19737
10,1000,19567
10,1000,19898
10,1000,19617
10,1000,19537
10,1000,19587
10,1000,19547
10,1000,20639
10,1000,19557
10,1000,19567
10,1000,19577
10,1000,21580
10,1000,23234
10,1000,19888
10,1000,19537
10,1000,19567
10,1000,19607
10,1000,19517
10,1000,20178
10,1000,19968
10,1000,21440
10,1000,19517
10,1000,19707
10,1000,19397
10,1000,19467
10,1000,29316
10,1000,19346
10,1000,19397
10,1000,20729
10,1000,19848
10,1000,19678
10,1000,19828
10,1000,19838
10,1000,19607
10,1000,20158
10,1000,19557
10,1000,19366
10,1000,19467
10,1000,19407
10,1000,20589
10,1000,19908
10,1000,19848
10,1000,20048
10,1000,19857
10,1000,19798
10,1000,19887
10,1000,19938
10,1000,21421
10,1000,21330
10,1000,63160
10,1000,106040
10,1000,23094
10,1000,23945
10,1000,22893
10,1000,26390
10,1000,26881
10,1000,29095
10,1000,20609
10,1000,20358
10,1000,20399
10,1000,20479
10,1000,20439
10,1000,20169
10,1000,20378
10,1000,20088
10,1000,21331
10,1000,25277
10,1000,20259
10,1000,20179
10,1000,20169
10,1000,20158
10,1000,20078
10,1000,20159
10,1000,20499
10,1000,20849
10,1000,20298
10,1000,24156
10,1000,20098
10,1000,20448
10,1000,19988
10,1000,20088
10,1000,20288
10,1000,20098
10,1000,20438
10,1000,20178
10,1000,20038
10,1000,19998
10,1000,24486
10,1000,20178
10,1000,20178
10,1000,20649
10,1000,20899
10,1000,20278
10,1000,28514
10,1000,20038
10,1000,20219
10,1000,19918
10,1000,20419
10,1000,23575
10,1000,20118
10,1000,19978
10,1000,20518
10,1000,20338
10,1000,20018
10,1000,19747
10,1000,20158
10,1000,19978
10,1000,19987
10,1000,20078
10,1000,21501
10,1000,20108
10,1000,20529
10,1000,20328
10,1000,20579
10,1000,20268
10,1000,20158
10,1000,20168
10,1000,21260
10,1000,86534
10,1000,34155
10,1000,27162
10,1000,25117
10,1000,25008
10,1000,26260
10,1000,48412
10,1000,20428
10,1000,20158
10,1000,20158
10,1000,19778
10,1000,20037
10,1000,20169
10,1000,20549
10,1000,20138
10,1000,20118
10,1000,20569
10,1000,19447
10,1000,19527
10,1000,19617
10,1000,19527
10,1000,19998
10,1000,19627
10,1000,19477
10,1000,19487
10,1000,19426
10,1000,20489
10,1000,19446
10,1000,21240
10,1000,22883
10,1000,19457
10,1000,19277
10,1000,20058
10,1000,19397
10,1000,19417
10,1000,19547
10,1000,19447
10,1000,20298
10,1000,19397
10,1000,20639
10,1000,22523
10,1000,21671
10,1000,29486
10,1000,19537
10,1000,19507
10,1000,19547
10,1000,19517
10,1000,19567
10,1000,21050
10,1000,19517
10,1000,19537
10,1000,19627
10,1000,19958
10,1000,19507
10,1000,19657
10,1000,19577
10,1000,19588
10,1000,20038
10,1000,19487
10,1000,21431
10,1000,21381
10,1000,20078
10,1000,19827
10,1000,19847
10,1000,19787
10,1000,19697
10,1000,19938
10,1000,21711
10,1000,64082
10,1000,53401
10,1000,24666
10,1000,23835
10,1000,26781
10,1000,22754
10,1000,34105
10,1000,20779
10,1000,20309
10,1000,20248
10,1000,20168
10,1000,20258
10,1000,20088
10,1000,20258
10,1000,21280
10,1000,20509
10,1000,20109
10,1000,20229
10,1000,20118
10,1000,20239
10,1000,20078
10,1000,20088
10,1000,20389
10,1000,20038
10,1000,20408
10,1000,20128
10,1000,20328
10,1000,24807
10,1000,19647
10,1000,19968
10,1000,20028
10,1000,20028
10,1000,20148
10,1000,20659
10,1000,20037
10,1000,20098
10,1000,20048
10,1000,20048
10,1000,24206
10,1000,21411
10,1000,20178
10,1000,19908
10,1000,19827
10,1000,27732
10,1000,20880
10,1000,19778
10,1000,19938
10,1000,20349
10,1000,19878
10,1000,23345
10,1000,19908
10,1000,19878
10,1000,20138
10,1000,19928
10,1000,19808
10,1000,20078
10,1000,19778
10,1000,19788
10,1000,19737
10,1000,22673
10,1000,20148
10,1000,19888
10,1000,20038
10,1000,19537
10,1000,19807
10,1000,19667
10,1000,19888
10,1000,19717
10,1000,19847
10,1000,75312
10,1000,96273
10,1000,25679
10,1000,28103
10,1000,30177
10,1000,22593
10,1000,20319
10,1000,19657
10,1000,19587
10,1000,19597
10,1000,19638
10,1000,19747
10,1000,19667
10,1000,19898
10,1000,19587
10,1000,21140
10,1000,19517
10,1000,19577
10,1000,19537
10,1000,19667
10,1000,19617
10,1000,19928
10,1000,19568
10,1000,19567
10,1000,19406
10,1000,19567
10,1000,20368
10,1000,19617
10,1000,19517
10,1000,20068
10,1000,19597
10,1000,19957
10,1000,19827
10,1000,19487
10,1000,19537
10,1000,19628
10,1000,20429
10,1000,19668
10,1000,19567
10,1000,19977
10,1000,19537
10,1000,19848
10,1000,19637
10,1000,19527
10,1000,19507
10,1000,19377
10,1000,19718
10,1000,21541
10,1000,19657
10,1000,19768
10,1000,19858
10,1000,19768
10,1000,19848
10,1000,19738
10,1000,19768
10,1000,19768
10,1000,19487
10,1000,19547
10,1000,21420
10,1000,19627
10,1000,19877
10,1000,19667
10,1000,19948
10,1000,19527
10,1000,19667
10,1000,19828
10,1000,19668
10,1000,19818
10,1000,19657
10,1000,132801
10,1000,29947
10,1000,31530
10,1000,29716
10,1000,23585
10,1000,24106
10,1000,23554
10,1000,20369
10,1000,20289
10,1000,23204
10,1000,21300
10,1000,20549
10,1000,20429
10,1000,20559
10,1000,20650
10,1000,21540
10,1000,20178
10,1000,20088
10,1000,19848
10,1000,19818
11,1000,24165
11,1000,20248
11,1000,20879
11,1000,20409
11,1000,20328
11,1000,20950
11,1000,25197
11,1000,20269
11,1000,21201
11,1000,20259
11,1000,20008
11,1000,21160
11,1000,20409
11,1000,20148
11,1000,21120
11,1000,20860
11,1000,26590
11,1000,20760
11,1000,22914
11,1000,21180
11,1000,20509
11,1000,20619
11,1000,37441
11,1000,28504
11,1000,20509
11,1000,23194
11,1000,20640
11,1000,24326
11,1000,20219
11,1000,23464
11,1000,20158
11,1000,20509
11,1000,23184
11,1000,20609
11,1000,20078
11,1000,23154
11,1000,20058
11,1000,20409
11,1000,24216
11,1000,23274
11,1000,20289
11,1000,20459
11,1000,19858
11,1000,20720
11,1000,20519
11,1000,20179
11,1000,20389
11,1000,79511
11,1000,152739
11,1000,32461
11,1000,32080
11,1000,32291
11,1000,32852
11,1000,25679
11,1000,25348
11,1000,25158
11,1000,25138
11,1000,25278
11,1000,25558
11,1000,25007
11,1000,25788
11,1000,25378
11,1000,25599
11,1000,24677
11,1000,24516
11,1000,24507
11,1000,24777
11,1000,28383
11,1000,25368
11,1000,24777
11,1000,23634
11,1000,22021
11,1000,21371
11,1000,19958
11,1000,28003
11,1000,19708
11,1000,19978
11,1000,19577
11,1000,19647
11,1000,20128
11,1000,19627
11,1000,19647
11,1000,21100
11,1000,20419
11,1000,19477
11,1000,19527
11,1000,19226
11,1000,19627
11,1000,19507
11,1000,20659
11,1000,19497
11,1000,20449
11,1000,19577
11,1000,19527
11,1000,20279
11,1000,19647
11,1000,19758
11,1000,19467
11,1000,19627
11,1000,19677
11,1000,19647
11,1000,19747
11,1000,19587
11,1000,19647
11,1000,19547
11,1000,21150
11,1000,21310
11,1000,19487
11,1000,28023
11,1000,27241
11,1000,22403
11,1000,23745
11,1000,19808
11,1000,19497
11,1000,19507
11,1000,80412
11,1000,113184
11,1000,22733
11,1000,22913
11,1000,22582
11,1000,22663
11,1000,23775
11,1000,40437
11,1000,21431
11,1000,20268
11,1000,20348
11,1000,19757
11,1000,20118
11,1000,19647
11,1000,19537
11,1000,20429
11,1000,22943
11,1000,20128
11,1000,20098
11,1000,20299
11,1000,19948
11,1000,22342
11,1000,19748
11,1000,19828
11,1000,19577
11,1000,24136
11,1000,19618
11,1000,23455
11,1000,19958
11,1000,19577
11,1000,19597
11,1000,20048
11,1000,20028
11,1000,20579
11,1000,20078
11,1000,19958
11,1000,19738
11,1000,19648
11,1000,23725
11,1000,19977
11,1000,19767
11,1000,19807
11,1000,20118
11,1000,20128
11,1000,19878
11,1000,20088
11,1000,20028
11,1000,19838
11,1000,20048
11,1000,23685
11,1000,20108
11,1000,19897
11,1000,19788
11,1000,20068
11,1000,19727
11,1000,19837
11,1000,19777
11,1000,19617
11,1000,19728
11,1000,23284
11,1000,23454
11,1000,22864
11,1000,21250
11,1000,20609
11,1000,20048
11,1000,20168
11,1000,20078
11,1000,19907
11,1000,20218
11,1000,83668
11,1000,87105
11,1000,24446
11,1000,23103
11,1000,23575
11,1000,41469
11,1000,24155
11,1000,20870
11,1000,20478
11,1000,20569
11,1000,20388
11,1000,25709
11,1000,22022
11,1000,23855
11,1000,20358
11,1000,20179
11,1000,20108
11,1000,20168
11,1000,20038
11,1000,20539
11,1000,20649
11,1000,29736
11,1000,24747
11,1000,19877
11,1000,20849
11,1000,20789
11,1000,20599
11,1000,20078
11,1000,20810
11,1000,20489
11,1000,20609
11,1000,19837
11,1000,25468
11,1000,20008
11,1000,19998
11,1000,19687
11,1000,20148
11,1000,19988
11,1000,20128
11,1000,20068
11,1000,20209
11,1000,20208
11,1000,20389
11,1000,22373
11,1000,19738
11,1000,19828
11,1000,20028
11,1000,19667
11,1000,19697
11,1000,19607
11,1000,20328
11,1000,20118
11,1000,20008
11,1000,20048
11,1000,21611
11,1000,19627
11,1000,19908
11,1000,28374
11,1000,20118
11,1000,20479
11,1000,20068
11,1000,19917
11,1000,20238
11,1000,19617
11,1000,19697
11,1000,22843
11,1000,20229
11,1000,20088
11,1000,64803
11,1000,87916
11,1000,20358
11,1000,20318
11,1000,20429
11,1000,20930
11,1000,20699
11,1000,19947
11,1000,19968
11,1000,19648
11,1000,19728
11,1000,20599
11,1000,19537
11,1000,19817
11,1000,19768
11,1000,19537
11,1000,19457
11,1000,19527
11,1000,21932
11,1000,19447
11,1000,19537
11,1000,20529
11,1000,23364
11,1000,19377
11,1000,19477
11,1000,19377
11,1000,19447
11,1000,19457
11,1000,19386
11,1000,19347
11,1000,19327
11,1000,19427
11,1000,20640
11,1000,19417
11,1000,19387
11,1000,19487
11,1000,19407
11,1000,19367
11,1000,19396
11,1000,19376
11,1000,19327
11,1000,19397
11,1000,19587
11,1000,20559
11,1000,19386
11,1000,19387
11,1000,19367
11,1000,19457
11,1000,19387
11,1000,19387
11,1000,19407
11,1000,19207
11,1000,19447
11,1000,19497
11,1000,20259
11,1000,19297
11,1000,19477
11,1000,20289
11,1000,22282
11,1000,28815
11,1000,19798
11,1000,19778
11,1000,19537
11,1000,19637
11,1000,20559
11,1000,19588
11,1000,19607
11,1000,19497
11,1000,19477
11,1000,73008
11,1000,98807
11,1000,25017
11,1000,24868
11,1000,44554
11,1000,34806
11,1000,31329
11,1000,20509
11,1000,20279
11,1000,20940
11,1000,20599
11,1000,20438
11,1000,20960
11,1000,20478
11,1000,26290
11,1000,20899
11,1000,21320
11,1000,20629
11,1000,26680
11,1000,19948
11,1000,20198
11,1000,20218
11,1000,21019
11,1000,19928
11,1000,20178
11,1000,23695
11,1000,19677
11,1000,20198
11,1000,20279
11,1000,19838
11,1000,20098
11,1000,20629
11,1000,20539
11,1000,21581
11,1000,20499
11,1000,20689
11,1000,23935
11,1000,20148
11,1000,20168
11,1000,19978
11,1000,20128
11,1000,20259
11,1000,20048
11,1000,20338
11,1000,19978
11,1000,19978
11,1000,21120
11,1000,22262
11,1000,19567
11,1000,20238
11,1000,20149
11,1000,20068
11,1000,19948
11,1000,20369
11,1000,19948
11,1000,22523
11,1000,22894
11,1000,23415
11,1000,20128
11,1000,20569
11,1000,20419
11,1000,20068
11,1000,20469
11,1000,20179
11,1000,20038
11,1000,20058
11,1000,20389
11,1000,20058
11,1000,106422
11,1000,25609
11,1000,23955
11,1000,24085
11,1000,23825
11,1000,20909
11,1000,20499
11,1000,20478
11,1000,20429
11,1000,20419
11,1000,20549
11,1000,20568
11,1000,21040
11,1000,20308
11,1000,26711
11,1000,20138
11,1000,20078
11,1000,29476
11,1000,19778
11,1000,19777
11,1000,20539
11,1000,19968
11,1000,20328
11,1000,19687
11,1000,20218
11,1000,22964
11,1000,19798
11,1000,19878
11,1000,20218
11,1000,19907
11,1000,20639
11,1000,20028
11,1000,19748
11,1000,20980
11,1000,20118
11,1000,24988
11,1000,20028
11,1000,20258
11,1000,20889
11,1000,19708
11,1000,20479
11,1000,20358
11,1000,20058
11,1000,19888
11,1000,19767
11,1000,19947
11,1000,22713
11,1000,20458
11,1000,19898
11,1000,19937
11,1000,20749
11,1000,20268
11,1000,22092
11,1000,32772
11,1000,20279
11,1000,20139
11,1000,20679
11,1000,23645
11,1000,19838
11,1000,20138
11,1000,19988
11,1000,20308
11,1000,19998
11,1000,20368
11,1000,21881
11,1000,22423
11,1000,23484
11,1000,22483
11,1000,25638
11,1000,85822
11,1000,83528
11,1000,20138
11,1000,20599
11,1000,20609
11,1000,21100
11,1000,20699
11,1000,20148
11,1000,20178
11,1000,20339
11,1000,20058
11,1000,20559
11,1000,21722
11,1000,20819
11,1000,29316
11,1000,19306
11,1000,19297
11,1000,19337
11,1000,19357
11,1000,19216
11,1000,19286
11,1000,19416
11,1000,19707
11,1000,19436
11,1000,20259
11,1000,19307
11,1000,19327
11,1000,19387
11,1000,19427
11,1000,19406
11,1000,19287
11,1000,19297
11,1000,19788
11,1000,19397
11,1000,20288
11,1000,19386
11,1000,19267
11,1000,19277
11,1000,19297
11,1000,19377
11,1000,19156
11,1000,19277
11,1000,19718
11,1000,19366
11,1000,19417
11,1000,20068
11,1000,19236
11,1000,19386
11,1000,19236
11,1000,19266
11,1000,19577
11,1000,21050
11,1000,30007
11,1000,19587
11,1000,19497
11,1000,19587
11,1000,20358
11,1000,19497
11,1000,19467
11,1000,19447
11,1000,19517
11,1000,19517
11,1000,20890
11,1000,19568
11,1000,19457
11,1000,19697
11,1000,19527
11,1000,20439
11,1000,62187
11,1000,108485
11,1000,22743
11,1000,25057
11,1000,22243
11,1000,23084
11,1000,23194
11,1000,23956
11,1000,20779
11,1000,21170
11,1000,21491
11,1000,20229
11,1000,22292
11,1000,19907
11,1000,24636
11,1000,20118
11,1000,19998
11,1000,20048
11,1000,19647
11,1000,19978
11,1000,19808
11,1000,19577
11,1000,20008
11,1000,19848
11,1000,20159
11,1000,23675
11,1000,19837
11,1000,19988
11,1000,19627
11,1000,20198
11,1000,19688
11,1000,19347
11,1000,19637
11,1000,19888
11,1000,20509
11,1000,19817
11,1000,23374
11,1000,19577
11,1000,19577
11,1000,19547
11,1000,19978
11,1000,20208
11,1000,19637
11,1000,19778
11,1000,20048
11,1000,19797
11,1000,19537
11,1000,22904
11,1000,19808
11,1000,19948
11,1000,19487
11,1000,31169
11,1000,20288
11,1000,19998
11,1000,20198
11,1000,19907
11,1000,19888
11,1000,23224
11,1000,19817
11,1000,20028
11,1000,19838
11,1000,19847
11,1000,19898
11,1000,19958
11,1000,19937
11,1000,19707
11,1000,20098
11,1000,20098
11,1000,23254
11,1000,86273
11,1000,20940
11,1000,20829
11,1000,20579
11,1000,21981
11,1000,20349
11,1000,20128
11,1000,20248
11,1000,20098
11,1000,20258
11,1000,20048
11,1000,20298
11,1000,20208
11,1000,22934
11,1000,34736
11,1000,19467
11,1000,19416
11,1000,19457
11,1000,19447
11,1000,19497
11,1000,19707
11,1000,19427
11,1000,19477
11,1000,19416
11,1000,19597
11,1000,20569
11,1000,19367
11,1000,19457
11,1000,19397
11,1000,19627
11,1000,19467
11,1000,19907
11,1000,19457
11,1000,19287
11,1000,19456
11,1000,19417
11,1000,20489
11,1000,19436
11,1000,19357
11,1000,19487
11,1000,19446
11,1000,19557
11,1000,19587
11,1000,19397
11,1000,19477
11,1000,19407
11,1000,20278
11,1000,19456
11,1000,19367
11,1000,19407
11,1000,19777
11,1000,25669
11,1000,19416
11,1000,19357
11,1000,19236
11,1000,19457
11,1000,19336
11,1000,20248
11,1000,21520
11,1000,19387
11,1000,19347
11,1000,19647
11,1000,19487
11,1000,19446
11,1000,19457
11,1000,19577
11,1000,21952
11,1000,21050
11,1000,69030
11,1000,95260
11,1000,23255
11,1000,23464
11,1000,22994
11,1000,23335
11,1000,23575
11,1000,22202
11,1000,20098
11,1000,20138
11,1000,19768
11,1000,20129
11,1000,19808
11,1000,19748
11,1000,23535
11,1000,26550
11,1000,20099
11,1000,20168
11,1000,20058
11,1000,20088
11,1000,20118
11,1000,19948
11,1000,20579
11,1000,19988
11,1000,20048
11,1000,20108
11,1000,23635
11,1000,19988
11,1000,20068
11,1000,20138
11,1000,20178
11,1000,19737
11,1000,19697
11,1000,20418
11,1000,19978
11,1000,20449
11,1000,20549
11,1000,23925
11,1000,19898
11,1000,19998
11,1000,19617
11,1000,20018
11,1000,20159
11,1000,19808
11,1000,19948
11,1000,20208
11,1000,20078
11,1000,19928
11,1000,22823
11,1000,19928
11,1000,20088
11,1000,25398
11,1000,19608
11,1000,20118
11,1000,20128
11,1000,19987
11,1000,20158
11,1000,19717
11,1000,23414
11,1000,19627
11,1000,20349
11,1000,20068
11,1000,19838
11,1000,19958
11,1000,19927
11,1000,19998
11,1000,19748
11,1000,19778
11,1000,20088
11,1000,84069
11,1000,32922
11,1000,63360
11,1000,23635
11,1000,23484
11,1000,24076
11,1000,23445
11,1000,25118
11,1000,23645
11,1000,20870
11,1000,30458
11,1000,57529
11,1000,35637
11,1000,38453
11,1000,41599
11,1000,38293
11,1000,37721
11,1000,19847
11,1000,20649
11,1000,20209
11,1000,20148
11,1000,20038
11,1000,20018
11,1000,19887
11,1000,20589
11,1000,20058
11,1000,24346
11,1000,19487
11,1000,19888
11,1000,19828
11,1000,19978
11,1000,19657
11,1000,20299
11,1000,20078
11,1000,20178
11,1000,19938
11,1000,19908
11,1000,23725
11,1000,19858
11,1000,20058
11,1000,19767
11,1000,19808
11,1000,20439
11,1000,19998
11,1000,31891
11,1000,22062
11,1000,20188
11,1000,19807
11,1000,22944
11,1000,20008
11,1000,19878
11,1000,20028
11,1000,20098
11,1000,19767
11,1000,20158
11,1000,19938
11,1000,20008
11,1000,19908
11,1000,19998
11,1000,22994
11,1000,20139
11,1000,20048
11,1000,20018
11,1000,20028
11,1000,19968
11,1000,20088
11,1000,19908
11,1000,20028
11,1000,70553
11,1000,101632
11,1000,25087
11,1000,25017
11,1000,22723
11,1000,22994
11,1000,30819
11,1000,20739
11,1000,21070
11,1000,20188
11,1000,20388
11,1000,20298
11,1000,20248
11,1000,20098
11,1000,20048
11,1000,20519
11,1000,20058
11,1000,24697
11,1000,20248
11,1000,19767
11,1000,19978
11,1000,19958
11,1000,23084
11,1000,22062
11,1000,19937
11,1000,20018
11,1000,19978
11,1000,20198
11,1000,24176
11,1000,19908
11,1000,20048
11,1000,20148
11,1000,20008
11,1000,20108
11,1000,20017
11,1000,20149
11,1000,19948
11,1000,20128
11,1000,23254
11,1000,19958
11,1000,22012
11,1000,19958
11,1000,30418
11,1000,20068
11,1000,19828
11,1000,19647
11,1000,20068
11,1000,20179
11,1000,20058
11,1000,23564
11,1000,19948
11,1000,19878
11,1000,19948
11,1000,19688
11,1000,20108
11,1000,19877
11,1000,19727
11,1000,19877
11,1000,19737
11,1000,19757
11,1000,21641
11,1000,22332
11,1000,22973
11,1000,20428
11,1000,24877
11,1000,24266
11,1000,19627
11,1000,20398
11,1000,39285
11,1000,90822
11,1000,96312
11,1000,24767
11,1000,25638
11,1000,39886
11,1000,30368
11,1000,21401
11,1000,20860
11,1000,20839
11,1000,26109
11,1000,20078
11,1000,20810
11,1000,19828
11,1000,21381
11,1000,20329
11,1000,21009
11,1000,20579
11,1000,20018
11,1000,19968
11,1000,24617
11,1000,19708
11,1000,21161
11,1000,20279
11,1000,19898
11,1000,19988
11,1000,20188
11,1000,19807
11,1000,19908
11,1000,20078
11,1000,20148
11,1000,24416
11,1000,21250
11,1000,21401
11,1000,20168
11,1000,20128
11,1000,20018
11,1000,20168
11,1000,26049
11,1000,20219
11,1000,23414
11,1000,23164
11,1000,23013
11,1000,20859
11,1000,20258
11,1000,20158
11,1000,20098
11,1000,20599
11,1000,19958
11,1000,20729
11,1000,19898
11,1000,20078
11,1000,20008
11,1000,23154
11,1000,19967
11,1000,19928
11,1000,20870
11,1000,20399
11,1000,19987
11,1000,20198
11,1000,20228
11,1000,20589
11,1000,20209
11,1000,23645
11,1000,20569
11,1000,21401
11,1000,20068
11,1000,20309
11,1000,20309
11,1000,71605
11,1000,129395
11,1000,26580
11,1000,25940
11,1000,25849
11,1000,27051
11,1000,23775
11,1000,20699
11,1000,20078
11,1000,20028
11,1000,20108
11,1000,20058
11,1000,20148
11,1000,20248
11,1000,20549
11,1000,20529
11,1000,20178
11,1000,19708
11,1000,22953
11,1000,20108
11,1000,19417
11,1000,20319
11,1000,19497
11,1000,19817
11,1000,21230
11,1000,20439
11,1000,21360
11,1000,19427
11,1000,19567
11,1000,20448
11,1000,19627
11,1000,19457
11,1000,19838
11,1000,19487
11,1000,34124
11,1000,23184
11,1000,20659
11,1000,19698
11,1000,19467
11,1000,19717
11,1000,19667
11,1000,19567
11,1000,19868
11,1000,19607
11,1000,21000
11,1000,19687
11,1000,19607
11,1000,21501
11,1000,19567
11,1000,28043
11,1000,25729
11,1000,25428
11,1000,23725
11,1000,19466
11,1000,20759
11,1000,19547
11,1000,19517
11,1000,19697
11,1000,20348
11,1000,19307
11,1000,19447
11,1000,19638
11,1000,20299
12,1000,19617
12,1000,19968
12,1000,19828
12,1000,19627
12,1000,19487
12,1000,75283
12,1000,50305
12,1000,21570
12,1000,20609
12,1000,20489
12,1000,41879
12,1000,41429
12,1000,37240
12,1000,23435
12,1000,19657
12,1000,19416
12,1000,19507
12,1000,19768
12,1000,19447
12,1000,19527
12,1000,19277
12,1000,21030
12,1000,19497
12,1000,19447
12,1000,19426
12,1000,19477
12,1000,19668
12,1000,19487
12,1000,19477
12,1000,19677
12,1000,19547
12,1000,19426
12,1000,20579
12,1000,19457
12,1000,19447
12,1000,19387
12,1000,19477
12,1000,19426
12,1000,22522
12,1000,22493
12,1000,19797
12,1000,19437
12,1000,20579
12,1000,19517
12,1000,19577
12,1000,19517
12,1000,19908
12,1000,19747
12,1000,19537
12,1000,19577
12,1000,19928
12,1000,19617
12,1000,19517
12,1000,20319
12,1000,19497
12,1000,19547
12,1000,19637
12,1000,19487
12,1000,19607
12,1000,19927
12,1000,19587
12,1000,19567
12,1000,19327
12,1000,19577
12,1000,20278
12,1000,19517
12,1000,19476
12,1000,19487
12,1000,19497
12,1000,19597
12,1000,19797
12,1000,19497
12,1000,19437
12,1000,19476
12,1000,120308
12,1000,24998
12,1000,24587
12,1000,44334
12,1000,44334
12,1000,45686
12,1000,49394
12,1000,44494
12,1000,44885
12,1000,50256
12,1000,45206
12,1000,46007
12,1000,45646
12,1000,39184
12,1000,24296
12,1000,24757
12,1000,24707
12,1000,25639
12,1000,23004
12,1000,26871
12,1000,20179
12,1000,20419
12,1000,20158
12,1000,20128
12,1000,20619
12,1000,19567
12,1000,19547
12,1000,19527
12,1000,19637
12,1000,19878
12,1000,19487
12,1000,19587
12,1000,19357
12,1000,19517
12,1000,20409
12,1000,19487
12,1000,19567
12,1000,19497
12,1000,19637
12,1000,19487
12,1000,20649
12,1000,19477
12,1000,19497
12,1000,19517
12,1000,19587
12,1000,20439
12,1000,19587
12,1000,19627
12,1000,19587
12,1000,19527
12,1000,19938
12,1000,19547
12,1000,19537
12,1000,19527
12,1000,19517
12,1000,19527
12,1000,20378
12,1000,27923
12,1000,19537
12,1000,19477
12,1000,19467
12,1000,19737
12,1000,19497
12,1000,19558
12,1000,19457
12,1000,19708
12,1000,19607
12,1000,20309
12,1000,62267
12,1000,93818
12,1000,20118
12,1000,21231
12,1000,20599
12,1000,43492
12,1000,37761
12,1000,37841
12,1000,38042
12,1000,37671
12,1000,41228
12,1000,37601
12,1000,39364
12,1000,43773
12,1000,48542
12,1000,28864
12,1000,19376
12,1000,19387
12,1000,19497
12,1000,19487
12,1000,19327
12,1000,19387
12,1000,19578
12,1000,20910
12,1000,19297
12,1000,19277
12,1000,19587
12,1000,19297
12,1000,19527
12,1000,19206
12,1000,19397
12,1000,19517
12,1000,19367
12,1000,22934
12,1000,23314
12,1000,19287
12,1000,19317
12,1000,19297
12,1000,19316
12,1000,19206
12,1000,19296
12,1000,20088
12,1000,19317
12,1000,19277
12,1000,20118
12,1000,19317
12,1000,19357
12,1000,19317
12,1000,19307
12,1000,19367
12,1000,29385
12,1000,22392
12,1000,21681
12,1000,19497
12,1000,19547
12,1000,20419
12,1000,19457
12,1000,19577
12,1000,19457
12,1000,19447
12,1000,19737
12,1000,19477
12,1000,19867
12,1000,19537
12,1000,19507
12,1000,19517
12,1000,20328
12,1000,19457
12,1000,19466
12,1000,73098
12,1000,34675
12,1000,48332
12,1000,24076
12,1000,22252
12,1000,23395
12,1000,22483
12,1000,25458
12,1000,20548
12,1000,20148
12,1000,20239
12,1000,20008
12,1000,20308
12,1000,30187
12,1000,20890
12,1000,20749
12,1000,25117
12,1000,20258
12,1000,20078
12,1000,20118
12,1000,20058
12,1000,20399
12,1000,20850
12,1000,20338
12,1000,20429
12,1000,19817
12,1000,20289
12,1000,24637
12,1000,19967
12,1000,19587
12,1000,20228
12,1000,19717
12,1000,20018
12,1000,21030
12,1000,20348
12,1000,20409
12,1000,19948
12,1000,23335
12,1000,20178
12,1000,19898
12,1000,19797
12,1000,19817
12,1000,20088
12,1000,19628
12,1000,20018
12,1000,20007
12,1000,19787
12,1000,19948
12,1000,24286
12,1000,29646
12,1000,20589
12,1000,19978
12,1000,20168
12,1000,20068
12,1000,20128
12,1000,20038
12,1000,20088
12,1000,20038
12,1000,19978
12,1000,23986
12,1000,20920
12,1000,24927
12,1000,20128
12,1000,19767
12,1000,19937
12,1000,20248
12,1000,20028
12,1000,21581
12,1000,23675
12,1000,114948
12,1000,78037
12,1000,20579
12,1000,22413
12,1000,20890
12,1000,20278
12,1000,20449
12,1000,19877
12,1000,19898
12,1000,19858
12,1000,31260
12,1000,20178
12,1000,19847
12,1000,19657
12,1000,20058
12,1000,21540
12,1000,19707
12,1000,19667
12,1000,19587
12,1000,19667
12,1000,19657
12,1000,19768
12,1000,19557
12,1000,19998
12,1000,19698
12,1000,20639
12,1000,19627
12,1000,22102
12,1000,19507
12,1000,19777
12,1000,19507
12,1000,19928
12,1000,19557
12,1000,19568
12,1000,19537
12,1000,19677
12,1000,20268
12,1000,19487
12,1000,19517
12,1000,19557
12,1000,19507
12,1000,20228
12,1000,19347
12,1000,19477
12,1000,19607
12,1000,19617
12,1000,19497
12,1000,28464
12,1000,19527
12,1000,19677
12,1000,19466
12,1000,19918
12,1000,19497
12,1000,19426
12,1000,19437
12,1000,19517
12,1000,19517
12,1000,19446
12,1000,20379
12,1000,19547
12,1000,19487
12,1000,19557
12,1000,19958
12,1000,19296
12,1000,19527
12,1000,19467
12,1000,19446
12,1000,19517
12,1000,74542
12,1000,65374
12,1000,20429
12,1000,20870
12,1000,20959
12,1000,20990
12,1000,24025
12,1000,20268
12,1000,20258
12,1000,19998
12,1000,20169
12,1000,20128
12,1000,30598
12,1000,22663
12,1000,19246
12,1000,18866
12,1000,18936
12,1000,19086
12,1000,18735
12,1000,18886
12,1000,18856
12,1000,18876
12,1000,19126
12,1000,19867
12,1000,18886
12,1000,18836
12,1000,19086
12,1000,18886
12,1000,18856
12,1000,18866
12,1000,18856
12,1000,18856
12,1000,18876
12,1000,19346
12,1000,19767
12,1000,18856
12,1000,18856
12,1000,18836
12,1000,18866
12,1000,18705
12,1000,18815
12,1000,18966
12,1000,18826
12,1000,19056
12,1000,18846
12,1000,19858
12,1000,18896
12,1000,18856
12,1000,18856
12,1000,18806
12,1000,28584
12,1000,22383
12,1000,22122
12,1000,19757
12,1000,19517
12,1000,19507
12,1000,20469
12,1000,19517
12,1000,19547
12,1000,19878
12,1000,20969
12,1000,19637
12,1000,19837
12,1000,19947
12,1000,19848
12,1000,19938
12,1000,23414
12,1000,25568
12,1000,30918
12,1000,96433
12,1000,92415
12,1000,20149
12,1000,22252
12,1000,21000
12,1000,20939
12,1000,19807
12,1000,19828
12,1000,19947
12,1000,19707
12,1000,20248
12,1000,29195
12,1000,19617
12,1000,19837
12,1000,19397
12,1000,19867
12,1000,19577
12,1000,19777
12,1000,19547
12,1000,19507
12,1000,19597
12,1000,19687
12,1000,20669
12,1000,19487
12,1000,19768
12,1000,19506
12,1000,19617
12,1000,19677
12,1000,19587
12,1000,19487
12,1000,19547
12,1000,19577
12,1000,19968
12,1000,20288
12,1000,19477
12,1000,19326
12,1000,19567
12,1000,19457
12,1000,19497
12,1000,19477
12,1000,19557
12,1000,19637
12,1000,19717
12,1000,20509
12,1000,19737
12,1000,19547
12,1000,19507
12,1000,19637
12,1000,29315
12,1000,19527
12,1000,19547
12,1000,19597
12,1000,19577
12,1000,19687
12,1000,20478
12,1000,19547
12,1000,19466
12,1000,19717
12,1000,19517
12,1000,19848
12,1000,19577
12,1000,19487
12,1000,19547
12,1000,20017
12,1000,22062
12,1000,20378
12,1000,19457
12,1000,19677
12,1000,71425
12,1000,92626
12,1000,22613
12,1000,22603
12,1000,20329
12,1000,20128
12,1000,20248
12,1000,22442
12,1000,19797
12,1000,19577
12,1000,19597
12,1000,19367
12,1000,24286
12,1000,19807
12,1000,20118
12,1000,19386
12,1000,19016
12,1000,18946
12,1000,19998
12,1000,18986
12,1000,18986
12,1000,18936
12,1000,19026
12,1000,19026
12,1000,19226
12,1000,18976
12,1000,18986
12,1000,19006
12,1000,18966
12,1000,19918
12,1000,18945
12,1000,18875
12,1000,18745
12,1000,18986
12,1000,19457
12,1000,18986
12,1000,18966
12,1000,18946
12,1000,19256
12,1000,18935
12,1000,19737
12,1000,19167
12,1000,19146
12,1000,19036
12,1000,18926
12,1000,19116
12,1000,19006
12,1000,18976
12,1000,18946
12,1000,21220
12,1000,28524
12,1000,19247
12,1000,19207
12,1000,19046
12,1000,19587
12,1000,19497
12,1000,19197
12,1000,19307
12,1000,19227
12,1000,19267
12,1000,19247
12,1000,19978
12,1000,19287
12,1000,19217
12,1000,20068
12,1000,19467
12,1000,19247
12,1000,19287
12,1000,60335
12,1000,141999
12,1000,23315
12,1000,23815
12,1000,23805
12,1000,24877
12,1000,30097
12,1000,20489
12,1000,20109
12,1000,20008
12,1000,20699
12,1000,20089
12,1000,20118
12,1000,23524
12,1000,23505
12,1000,20378
12,1000,20369
12,1000,20189
12,1000,20429
12,1000,20208
12,1000,20108
12,1000,20129
12,1000,20369
12,1000,20318
12,1000,20319
12,1000,20258
12,1000,25117
12,1000,20058
12,1000,20139
12,1000,20389
12,1000,20329
12,1000,20589
12,1000,20799
12,1000,19998
12,1000,20108
12,1000,20038
12,1000,20269
12,1000,24376
12,1000,20038
12,1000,19987
12,1000,20168
12,1000,20118
12,1000,20238
12,1000,20228
12,1000,21961
12,1000,20048
12,1000,20358
12,1000,23224
12,1000,34165
12,1000,22422
12,1000,19417
12,1000,19226
12,1000,19817
12,1000,19487
12,1000,19527
12,1000,19396
12,1000,19527
12,1000,19497
12,1000,22492
12,1000,19446
12,1000,19316
12,1000,19547
12,1000,19497
12,1000,19367
12,1000,19096
12,1000,21651
12,1000,20820
12,1000,19757
12,1000,20949
12,1000,123113
12,1000,20619
12,1000,20659
12,1000,19708
12,1000,20819
12,1000,18936
12,1000,19567
12,1000,19387
12,1000,19377
12,1000,19477
12,1000,19146
12,1000,19216
12,1000,21059
12,1000,20519
12,1000,19166
12,1000,19216
12,1000,19167
12,1000,19206
12,1000,19096
12,1000,19116
12,1000,19386
12,1000,19156
12,1000,19077
12,1000,19076
12,1000,20289
12,1000,19146
12,1000,18925
12,1000,19376
12,1000,19116
12,1000,19547
12,1000,21541
12,1000,22302
12,1000,23544
12,1000,21460
12,1000,19137
12,1000,20048
12,1000,19386
12,1000,19296
12,1000,19066
12,1000,19036
12,1000,19136
12,1000,19337
12,1000,19286
12,1000,19046
12,1000,19026
12,1000,19096
12,1000,22943
12,1000,31389
12,1000,19317
12,1000,19327
12,1000,19256
12,1000,19497
12,1000,19246
12,1000,19246
12,1000,19226
12,1000,19316
12,1000,20258
12,1000,19347
12,1000,19367
12,1000,19226
12,1000,19296
12,1000,19406
12,1000,19276
12,1000,19296
12,1000,19286
12,1000,19276
12,1000,19307
12,1000,21671
12,1000,61266
12,1000,106912
12,1000,24937
12,1000,25439
12,1000,48872
12,1000,35077
12,1000,35898
12,1000,51778
12,1000,38543
12,1000,41609
12,1000,37461
12,1000,37611
12,1000,40527
12,1000,35979
12,1000,19517
12,1000,19307
12,1000,19156
12,1000,19226
12,1000,19077
12,1000,19186
12,1000,19116
12,1000,19367
12,1000,19467
12,1000,18986
12,1000,20048
12,1000,19256
12,1000,19106
12,1000,19187
12,1000,19066
12,1000,19036
12,1000,19437
12,1000,19016
12,1000,19036
12,1000,19196
12,1000,19908
12,1000,19347
12,1000,19036
12,1000,19036
12,1000,19086
12,1000,19026
12,1000,22362
12,1000,22092
12,1000,19307
12,1000,19357
12,1000,19106
12,1000,20108
12,1000,19356
12,1000,19296
12,1000,19537
12,1000,19347
12,1000,19417
12,1000,19216
12,1000,19527
12,1000,19216
12,1000,19296
12,1000,19266
12,1000,20398
12,1000,19777
12,1000,19457
12,1000,19206
12,1000,19467
12,1000,19247
12,1000,19287
12,1000,19237
12,1000,19317
12,1000,19106
12,1000,19246
12,1000,20829
12,1000,19998
12,1000,87696
12,1000,43333
12,1000,20259
12,1000,20159
12,1000,26270
12,1000,31990
12,1000,22322
12,1000,23004
12,1000,20028
12,1000,20509
12,1000,19537
12,1000,19597
12,1000,19647
12,1000,19708
12,1000,19527
12,1000,21120
12,1000,20188
12,1000,19737
12,1000,19727
12,1000,19367
12,1000,19817
12,1000,19677
12,1000,19517
12,1000,19567
12,1000,19547
12,1000,19887
12,1000,20810
12,1000,19597
12,1000,19647
12,1000,19587
12,1000,19507
12,1000,19837
12,1000,19527
12,1000,19607
12,1000,19567
12,1000,19968
12,1000,20739
12,1000,19527
12,1000,19537
12,1000,19527
12,1000,19447
12,1000,19567
12,1000,27763
12,1000,25508
12,1000,20188
12,1000,19838
12,1000,19687
12,1000,20690
12,1000,19567
12,1000,19587
12,1000,19557
12,1000,19547
12,1000,19497
12,1000,19507
12,1000,19557
12,1000,19527
12,1000,20018
12,1000,19577
12,1000,20469
12,1000,19578
12,1000,19557
12,1000,19406
12,1000,19547
12,1000,19547
12,1000,22914
12,1000,20569
12,1000,19777
12,1000,19637
12,1000,68991
12,1000,97675
12,1000,21331
12,1000,20669
12,1000,21731
12,1000,33243
12,1000,30928
12,1000,37241
12,1000,42721
12,1000,38764
12,1000,20990
12,1000,20118
12,1000,20108
12,1000,20068
12,1000,20038
12,1000,20158
12,1000,19817
12,1000,20088
12,1000,20159
12,1000,20139
12,1000,20008
12,1000,20078
12,1000,19988
12,1000,20108
12,1000,21100
12,1000,19567
12,1000,19687
12,1000,19627
12,1000,19557
12,1000,19507
12,1000,19637
12,1000,19717
12,1000,19527
12,1000,19577
12,1000,19648
12,1000,20659
12,1000,19477
12,1000,19748
12,1000,20047
12,1000,31931
12,1000,19517
12,1000,19557
12,1000,19537
12,1000,19547
12,1000,19758
12,1000,19688
12,1000,20579
12,1000,19767
12,1000,19527
12,1000,19567
12,1000,19507
12,1000,19487
12,1000,19516
12,1000,19497
12,1000,19567
12,1000,19487
12,1000,19507
12,1000,20750
12,1000,19437
12,1000,19487
12,1000,19497
12,1000,19477
12,1000,19507
12,1000,19737
12,1000,19537
12,1000,19547
12,1000,22533
12,1000,22302
12,1000,19978
12,1000,82997
12,1000,120158
12,1000,27442
12,1000,30308
12,1000,20739
12,1000,19477
12,1000,19416
12,1000,19347
12,1000,19668
12,1000,19316
12,1000,19467
12,1000,19998
12,1000,19446
12,1000,19156
12,1000,19427
12,1000,19457
12,1000,19206
12,1000,19287
12,1000,19196
12,1000,19226
12,1000,19667
12,1000,19266
12,1000,19227
12,1000,19226
12,1000,20068
12,1000,18765
12,1000,18716
12,1000,18736
12,1000,18775
12,1000,18985
12,1000,19156
12,1000,18725
12,1000,18835
12,1000,18606
12,1000,18746
12,1000,19547
12,1000,18676
12,1000,35126
12,1000,22152
12,1000,19567
12,1000,19567
12,1000,19698
12,1000,21691
12,1000,21651
12,1000,22603
12,1000,22182
12,1000,21380
12,1000,19517
12,1000,19567
12,1000,19456
12,1000,19477
12,1000,19927
12,1000,19437
12,1000,19707
12,1000,19377
12,1000,19457
12,1000,19537
12,1000,20318
12,1000,19487
12,1000,19507
12,1000,19497
12,1000,19617
12,1000,19757
12,1000,22672
12,1000,19527
12,1000,19446
12,1000,19577
12,1000,20428
12,1000,66406
12,1000,64662
12,1000,21130
12,1000,20448
12,1000,20339
12,1000,20279
12,1000,19627
12,1000,19627
12,1000,19638
12,1000,19397
12,1000,19578
12,1000,19607
12,1000,19557
12,1000,20890
12,1000,19787
12,1000,19557
12,1000,19577
12,1000,19818
12,1000,19547
12,1000,19587
12,1000,19497
12,1000,19587
12,1000,19708
12,1000,21020
12,1000,19437
12,1000,19547
12,1000,19527
12,1000,19487
12,1000,19557
12,1000,19607
12,1000,19657
12,1000,19627
12,1000,20088
12,1000,19476
12,1000,20359
12,1000,19557
13,1000,33052
13,1000,30688
13,1000,38904
13,1000,30808
13,1000,31059
13,1000,31590
13,1000,30618
13,1000,30738
13,1000,30758
13,1000,30718
13,1000,30738
13,1000,31460
13,1000,30789
13,1000,30639
13,1000,30638
13,1000,30688
13,1000,30868
13,1000,31049
13,1000,31720
13,1000,170793
13,1000,38102
13,1000,60655
13,1000,65524
13,1000,64853
13,1000,65595
13,1000,62369
13,1000,69041
13,1000,33293
13,1000,32712
13,1000,32873
13,1000,32862
13,1000,33143
13,1000,32973
13,1000,32541
13,1000,37511
13,1000,31860
13,1000,33704
13,1000,31920
13,1000,32982
13,1000,32271
13,1000,36599
13,1000,31820
13,1000,32361
13,1000,32311
13,1000,49093
13,1000,34546
13,1000,34435
13,1000,31269
13,1000,31760
13,1000,31289
13,1000,31379
13,1000,30859
13,1000,31089
13,1000,33133
13,1000,31330
13,1000,30788
13,1000,31239
13,1000,30918
13,1000,31169
13,1000,173118
13,1000,34245
13,1000,32953
13,1000,71065
13,1000,70654
13,1000,67037
13,1000,63179
13,1000,59503
13,1000,63941
13,1000,43201
13,1000,31449
13,1000,31439
13,1000,31450
13,1000,31890
13,1000,31500
13,1000,31870
13,1000,30388
13,1000,30508
13,1000,30909
13,1000,30237
13,1000,30587
13,1000,31871
13,1000,30388
13,1000,30448
13,1000,31059
13,1000,30498
13,1000,44524
13,1000,32682
13,1000,31469
13,1000,30518
13,1000,31500
13,1000,30357
13,1000,30358
13,1000,30348
13,1000,31139
13,1000,30267
13,1000,30578
13,1000,30338
13,1000,30428
13,1000,30618
13,1000,171956
13,1000,47029
13,1000,46739
13,1000,31420
13,1000,62158
13,1000,64863
13,1000,31760
13,1000,30438
13,1000,30437
13,1000,30739
13,1000,31019
13,1000,30347
13,1000,31189
13,1000,30347
13,1000,30357
13,1000,30518
13,1000,30508
13,1000,30288
13,1000,30318
13,1000,31350
13,1000,30337
13,1000,30728
13,1000,30397
13,1000,30378
13,1000,30258
13,1000,31239
13,1000,30318
13,1000,30488
13,1000,30147
13,1000,30568
13,1000,31139
13,1000,49193
13,1000,30478
13,1000,30598
13,1000,30137
13,1000,30368
13,1000,30207
13,1000,32301
13,1000,35848
13,1000,30768
13,1000,132921
13,1000,36359
13,1000,36620
13,1000,37952
13,1000,35498
13,1000,31350
13,1000,31129
13,1000,31499
13,1000,31029
13,1000,31960
13,1000,30628
13,1000,30457
13,1000,30588
13,1000,41919
13,1000,30287
13,1000,31259
13,1000,30357
13,1000,30417
13,1000,30999
13,1000,30508
13,1000,30167
13,1000,30388
13,1000,31159
13,1000,30338
13,1000,30578
13,1000,30337
13,1000,38713
13,1000,30528
13,1000,31199
13,1000,30428
13,1000,30398
13,1000,30228
13,1000,30298
13,1000,30238
13,1000,31299
13,1000,30458
13,1000,30658
13,1000,30237
13,1000,71465
13,1000,63490
13,1000,138662
13,1000,36268
13,1000,35007
13,1000,35697
13,1000,50346
13,1000,63580
13,1000,59924
13,1000,63601
13,1000,66746
13,1000,60415
13,1000,32151
13,1000,31079
13,1000,36018
13,1000,31249
13,1000,47330
13,1000,41519
13,1000,36399
13,1000,31530
13,1000,31760
13,1000,32221
13,1000,31530
13,1000,31570
13,1000,31620
13,1000,35458
13,1000,31560
13,1000,32111
13,1000,31640
13,1000,31650
13,1000,31820
13,1000,34716
13,1000,39485
13,1000,36619
13,1000,32832
13,1000,31449
13,1000,31289
13,1000,34415
13,1000,31519
13,1000,31469
13,1000,38443
13,1000,43763
13,1000,35597
13,1000,199268
13,1000,38153
13,1000,38583
13,1000,39444
13,1000,39455
13,1000,31720
13,1000,32361
13,1000,32120
13,1000,33153
13,1000,31690
13,1000,36689
13,1000,31951
13,1000,32200
13,1000,32041
13,1000,31600
13,1000,31850
13,1000,42841
13,1000,48422
13,1000,31640
13,1000,32221
13,1000,34105
13,1000,31229
13,1000,31770
13,1000,35377
13,1000,31490
13,1000,31449
13,1000,31519
13,1000,32041
13,1000,31700
13,1000,34696
13,1000,32040
13,1000,31740
13,1000,31470
13,1000,31240
13,1000,31229
13,1000,34415
13,1000,36569
13,1000,39685
13,1000,40948
13,1000,47530
13,1000,229294
13,1000,36960
13,1000,36629
13,1000,41008
13,1000,39084
13,1000,51267
13,1000,61025
13,1000,67768
13,1000,51558
13,1000,32241
13,1000,32241
13,1000,32171
13,1000,32171
13,1000,32471
13,1000,31930
13,1000,32001
13,1000,36158
13,1000,32301
13,1000,47400
13,1000,31620
13,1000,31500
13,1000,31450
13,1000,35797
13,1000,31911
13,1000,31780
13,1000,31470
13,1000,31740
13,1000,31599
13,1000,31530
13,1000,35137
13,1000,31439
13,1000,31520
13,1000,31429
13,1000,31450
13,1000,31460
13,1000,35127
13,1000,31630
13,1000,31931
13,1000,31169
13,1000,31229
13,1000,182155
13,1000,51066
13,1000,39365
13,1000,38933
13,1000,39986
13,1000,31880
13,1000,32231
13,1000,31530
13,1000,32001
13,1000,31670
13,1000,32000
13,1000,36229
13,1000,31760
13,1000,32031
13,1000,31660
13,1000,31740
13,1000,32091
13,1000,36269
13,1000,31570
13,1000,32311
13,1000,31680
13,1000,31850
13,1000,31780
13,1000,45907
13,1000,34035
13,1000,31870
13,1000,31750
13,1000,31650
13,1000,31420
13,1000,31509
13,1000,34656
13,1000,31740
13,1000,31620
13,1000,31519
13,1000,31379
13,1000,34706
13,1000,41799
13,1000,31660
13,1000,31589
13,1000,31680
13,1000,228102
13,1000,52800
13,1000,57158
13,1000,63450
13,1000,73950
13,1000,36099
13,1000,32321
13,1000,31870
13,1000,31740
13,1000,32161
13,1000,32111
13,1000,36559
13,1000,31730
13,1000,31810
13,1000,31810
13,1000,31740
13,1000,32081
13,1000,35827
13,1000,32070
13,1000,31500
13,1000,32581
13,1000,31830
13,1000,32041
13,1000,35627
13,1000,31480
13,1000,37901
13,1000,34285
13,1000,35488
13,1000,31349
13,1000,31770
13,1000,35257
13,1000,31610
13,1000,31790
13,1000,31620
13,1000,31590
13,1000,31840
13,1000,34896
13,1000,31740
13,1000,31920
13,1000,31570
13,1000,198716
13,1000,32752
13,1000,56647
13,1000,74541
13,1000,63150
13,1000,67257
13,1000,57870
13,1000,60365
13,1000,50215
13,1000,30759
13,1000,30859
13,1000,30879
13,1000,30788
13,1000,31099
13,1000,31610
13,1000,29887
13,1000,29887
13,1000,29877
13,1000,30077
13,1000,29967
13,1000,29987
13,1000,30849
13,1000,29897
13,1000,29756
13,1000,30237
13,1000,29957
13,1000,38382
13,1000,30758
13,1000,32302
13,1000,35708
13,1000,31219
13,1000,30768
13,1000,30648
13,1000,31569
13,1000,30678
13,1000,30818
13,1000,30839
13,1000,31069
13,1000,30618
13,1000,31068
13,1000,193537
13,1000,32572
13,1000,32782
13,1000,35387
13,1000,32561
13,1000,32282
13,1000,31690
13,1000,49884
13,1000,31830
13,1000,37100
13,1000,31540
13,1000,31410
13,1000,31590
13,1000,31630
13,1000,32982
13,1000,30928
13,1000,30819
13,1000,30788
13,1000,31079
13,1000,30838
13,1000,32302
13,1000,30828
13,1000,30809
13,1000,30789
13,1000,30908
13,1000,30949
13,1000,31269
13,1000,31570
13,1000,30748
13,1000,30728
13,1000,30728
13,1000,30628
13,1000,40837
13,1000,31660
13,1000,31029
13,1000,34445
13,1000,36489
13,1000,40336
13,1000,33423
13,1000,32502
13,1000,211761
13,1000,38924
13,1000,38252
13,1000,39765
13,1000,73109
13,1000,40016
13,1000,32021
13,1000,32832
13,1000,32001
13,1000,32421
13,1000,44855
13,1000,32782
13,1000,34796
13,1000,31840
13,1000,31639
13,1000,32792
13,1000,36249
13,1000,31990
13,1000,31640
13,1000,31740
13,1000,32912
13,1000,31850
13,1000,32031
13,1000,35267
13,1000,32272
13,1000,31650
13,1000,32071
13,1000,32071
13,1000,31550
13,1000,34886
13,1000,32572
13,1000,31901
13,1000,33162
13,1000,31750
13,1000,32932
13,1000,39385
13,1000,32381
13,1000,35808
13,1000,32682
13,1000,32762
13,1000,191192
13,1000,38623
13,1000,38322
13,1000,34265
13,1000,33704
13,1000,32011
13,1000,31880
13,1000,31860
13,1000,31870
13,1000,32391
13,1000,32141
13,1000,32672
13,1000,32481
13,1000,32381
13,1000,37321
13,1000,32081
13,1000,39414
13,1000,31730
13,1000,34275
13,1000,35628
13,1000,35668
13,1000,32161
13,1000,31690
13,1000,31630
13,1000,32100
13,1000,31700
13,1000,34996
13,1000,31730
13,1000,31640
13,1000,31700
13,1000,31850
13,1000,32641
13,1000,31860
13,1000,36309
13,1000,31831
13,1000,31520
13,1000,31680
13,1000,31670
13,1000,32622
13,1000,35197
13,1000,198386
13,1000,46458
13,1000,49443
13,1000,32962
13,1000,57218
13,1000,55495
13,1000,29466
13,1000,29556
13,1000,29456
13,1000,29456
13,1000,32472
13,1000,30497
13,1000,29686
13,1000,29646
13,1000,29726
13,1000,29697
13,1000,29766
13,1000,32862
13,1000,29546
13,1000,29646
13,1000,29556
13,1000,48562
13,1000,33002
13,1000,30508
13,1000,31680
13,1000,30487
13,1000,30588
13,1000,30748
13,1000,30448
13,1000,30538
13,1000,31490
13,1000,30467
13,1000,30598
13,1000,30598
13,1000,30699
13,1000,30428
13,1000,31489
13,1000,30848
13,1000,30648
13,1000,30397
13,1000,180302
13,1000,40166
13,1000,44694
13,1000,37661
13,1000,32201
13,1000,31219
13,1000,39264
13,1000,32111
13,1000,31469
13,1000,31880
13,1000,31420
13,1000,31951
13,1000,35858
13,1000,31910
13,1000,31740
13,1000,31449
13,1000,31730
13,1000,31429
13,1000,31620
13,1000,35837
13,1000,31540
13,1000,31540
13,1000,33604
13,1000,31851
13,1000,31851
13,1000,35186
13,1000,31460
13,1000,45817
13,1000,32020
13,1000,31260
13,1000,31530
13,1000,34806
13,1000,31669
13,1000,31660
13,1000,31480
13,1000,31580
13,1000,31981
13,1000,31420
13,1000,34244
13,1000,31690
13,1000,184780
13,1000,39104
13,1000,37681
13,1000,39275
13,1000,35026
13,1000,31901
13,1000,32141
13,1000,50426
13,1000,37411
13,1000,32051
13,1000,31891
13,1000,31880
13,1000,31830
13,1000,37371
13,1000,32101
13,1000,31660
13,1000,31790
13,1000,31901
13,1000,31590
13,1000,32011
13,1000,35327
13,1000,31580
13,1000,31700
13,1000,32421
13,1000,31930
13,1000,31610
13,1000,38553
13,1000,31791
13,1000,32091
13,1000,31870
13,1000,31780
13,1000,31600
13,1000,52810
13,1000,32742
13,1000,31489
13,1000,31801
13,1000,31921
13,1000,31450
13,1000,31449
13,1000,34165
13,1000,183317
13,1000,47159
13,1000,47730
13,1000,31279
13,1000,30818
13,1000,31009
13,1000,30758
13,1000,31610
13,1000,30317
13,1000,30488
13,1000,30447
13,1000,30298
13,1000,48312
13,1000,37291
13,1000,33233
13,1000,30498
13,1000,30508
13,1000,30447
13,1000,31049
13,1000,31409
13,1000,30568
13,1000,30488
13,1000,30699
13,1000,30699
13,1000,30648
13,1000,30498
13,1000,31239
13,1000,30577
13,1000,36820
13,1000,41319
13,1000,35467
13,1000,30538
13,1000,31479
13,1000,30378
13,1000,30628
13,1000,30408
13,1000,30588
13,1000,41709
13,1000,41849
13,1000,30698
13,1000,188367
13,1000,50857
13,1000,75653
13,1000,80422
13,1000,79551
13,1000,75273
13,1000,79771
13,1000,86484
13,1000,54894
13,1000,38473
13,1000,32432
13,1000,31990
13,1000,32352
13,1000,32722
13,1000,36570
13,1000,32111
13,1000,31780
13,1000,32622
13,1000,32010
13,1000,32481
13,1000,31941
13,1000,36770
13,1000,32081
13,1000,31840
13,1000,33393
13,1000,32542
13,1000,32201
13,1000,35297
13,1000,32271
13,1000,32030
13,1000,32221
13,1000,31500
13,1000,31781
13,1000,42300
13,1000,31510
13,1000,35367
13,1000,33654
13,1000,31540
13,1000,31520
13,1000,31560
13,1000,134234
13,1000,35357
13,1000,33674
13,1000,35447
13,1000,31299
13,1000,31129
13,1000,31068
13,1000,31420
13,1000,31489
13,1000,31139
13,1000,32441
13,1000,31330
13,1000,31369
13,1000,31549
13,1000,36650
13,1000,31259
13,1000,33593
13,1000,31359
13,1000,31289
13,1000,31600
13,1000,31079
13,1000,31159
13,1000,32262
13,1000,30969
13,1000,31660
13,1000,31209
13,1000,31219
13,1000,31279
13,1000,31190
13,1000,31780
13,1000,30708
13,1000,30688
13,1000,30849
13,1000,30799
13,1000,33563
13,1000,32272
13,1000,33413
13,1000,30728
13,1000,30878
13,1000,30678
13,1000,36759
13,1000,179961
13,1000,36149
13,1000,37291
13,1000,37852
13,1000,41789
13,1000,31640
13,1000,31539
13,1000,31500
13,1000,32311
13,1000,31730
13,1000,36649
13,1000,31760
13,1000,31489
13,1000,31790
13,1000,31961
13,1000,31460
13,1000,31690
13,1000,35608
13,1000,31450
13,1000,32050
13,1000,36549
13,1000,31299
13,1000,31399
13,1000,35658
13,1000,36519
13,1000,31680
13,1000,31449
13,1000,31089
13,1000,31209
13,1000,34466
13,1000,31580
13,1000,31219
13,1000,31389
13,1000,31149
13,1000,31469
13,1000,30708
13,1000,34766
13,1000,31250
13,1000,31700
13,1000,31339
13,1000,171605
13,1000,38804
13,1000,31660
13,1000,39886
13,1000,31249
13,1000,33754
13,1000,29917
13,1000,30287
13,1000,30107
13,1000,30057
13,1000,30077
13,1000,31449
13,1000,30367
13,1000,29857
13,1000,29956
13,1000,29877
13,1000,29907
13,1000,29997
13,1000,31530
13,1000,29947
13,1000,30117
13,1000,29806
13,1000,29977
13,1000,29977
13,1000,31159
13,1000,29856
13,1000,29786
13,1000,35557
13,1000,29836
13,1000,32682
13,1000,35297
13,1000,38824
13,1000,30237
13,1000,30257
13,1000,30247
13,1000,30428
13,1000,30568
13,1000,32211
13,1000,31169
13,1000,31039
13,1000,188056
13,1000,38533
13,1000,37290
13,1000,38433
13,1000,37050
13,1000,31470
13,1000,36980
13,1000,32131
13,1000,35908
13,1000,33223
13,1000,34615
13,1000,31540
13,1000,35567
13,1000,31770
13,1000,31419
13,1000,31590
13,1000,31399
13,1000,31379
13,1000,31850
13,1000,36179
13,1000,31310
13,1000,31710
13,1000,31350
13,1000,31540
13,1000,31409
13,1000,34696
13,1000,31459
13,1000,31309
13,1000,31129
13,1000,30968
13,1000,30959
13,1000,34224
13,1000,31219
13,1000,36219
13,1000,31189
13,1000,35577
13,1000,31290
13,1000,31379
13,1000,32391
13,1000,31911
13,1000,168459
13,1000,31700
13,1000,32562
13,1000,31991
13,1000,31249
13,1000,31259
13,1000,32071
13,1000,30849
13,1000,30458
13,1000,30608
13,1000,30467
13,1000,30268
13,1000,32071
13,1000,30388
13,1000,30538
13,1000,37872
13,1000,30618
13,1000,32842
13,1000,32281
13,1000,37602
13,1000,30367
13,1000,30297
13,1000,30358
13,1000,30337
13,1000,30468
13,1000,31279
13,1000,30317
13,1000,30307
13,1000,30408
13,1000,30327
13,1000,30348
13,1000,31240
13,1000,31189
13,1000,31089
13,1000,30928
13,1000,31039
13,1000,30918
13,1000,30347
13,1000,36970
13,1000,30267
13,1000,140456
13,1000,53712
13,1000,47600
13,1000,40798
13,1000,30548
13,1000,30658
13,1000,30728
13,1000,30598
13,1000,30809
13,1000,30849
13,1000,30578
13,1000,30749
13,1000,30658
13,1000,31199
13,1000,31349
13,1000,31820
13,1000,30398
13,1000,30598
13,1000,30498
13,1000,31119
13,1000,30768
13,1000,30478
13,1000,49133
13,1000,30739
13,1000,30828
13,1000,30918
13,1000,30658
13,1000,30568
13,1000,31610
13,1000,30658
13,1000,30367
13,1000,30608
13,1000,30588
13,1000,30377
13,1000,31410
13,1000,30498
13,1000,30488
13,1000,30608
13,1000,30698
13,1000,30418
13,1000,71546
13,1000,95331
13,1000,32211
13,1000,34105
13,1000,37120
13,1000,30778
13,1000,33304
13,1000,30508
13,1000,30999
13,1000,31710
13,1000,30367
13,1000,30418
13,1000,30498
13,1000,30598
13,1000,30618
13,1000,31730
13,1000,30438
13,1000,30328
13,1000,30638
14,1000,20559
14,1000,19928
14,1000,19147
14,1000,19307
14,1000,19297
14,1000,20499
14,1000,19286
14,1000,19317
14,1000,19447
14,1000,19316
14,1000,19377
14,1000,19517
14,1000,19346
14,1000,19336
14,1000,19276
14,1000,19286
14,1000,20268
14,1000,19347
14,1000,19327
14,1000,19838
14,1000,21862
14,1000,22954
14,1000,19396
14,1000,19306
14,1000,19377
14,1000,19346
14,1000,20328
14,1000,20058
14,1000,19407
14,1000,19437
14,1000,19366
14,1000,19537
14,1000,19467
14,1000,19437
14,1000,19457
14,1000,19417
14,1000,19376
14,1000,67027
14,1000,64732
14,1000,20488
14,1000,20649
14,1000,21160
14,1000,19396
14,1000,19597
14,1000,19607
14,1000,20128
14,1000,19437
14,1000,19287
14,1000,19547
14,1000,21160
14,1000,28754
14,1000,19457
14,1000,19457
14,1000,22773
14,1000,19487
14,1000,19407
14,1000,19447
14,1000,19507
14,1000,19657
14,1000,19507
14,1000,20649
14,1000,21461
14,1000,19427
14,1000,19457
14,1000,19387
14,1000,19618
14,1000,19397
14,1000,19426
14,1000,19738
14,1000,19417
14,1000,19397
14,1000,20229
14,1000,19427
14,1000,19417
14,1000,19597
14,1000,19417
14,1000,19507
14,1000,19457
14,1000,19396
14,1000,19557
14,1000,19447
14,1000,19387
14,1000,20078
14,1000,19437
14,1000,20078
14,1000,19386
14,1000,19347
14,1000,19397
14,1000,19466
14,1000,19377
14,1000,21951
14,1000,21491
14,1000,20178
14,1000,19366
14,1000,19477
14,1000,19357
14,1000,19447
14,1000,19767
14,1000,19617
14,1000,19687
14,1000,19396
14,1000,19327
14,1000,19447
14,1000,20238
14,1000,19487
14,1000,19416
14,1000,71606
14,1000,74471
14,1000,20319
14,1000,20078
14,1000,21891
14,1000,19667
14,1000,19357
14,1000,19557
14,1000,19587
14,1000,19507
14,1000,19647
14,1000,20809
14,1000,19727
14,1000,19557
14,1000,29205
14,1000,19447
14,1000,19487
14,1000,21821
14,1000,21882
14,1000,19527
14,1000,19467
14,1000,19827
14,1000,21250
14,1000,19417
14,1000,19487
14,1000,19507
14,1000,19427
14,1000,21921
14,1000,22312
14,1000,19427
14,1000,19497
14,1000,19948
14,1000,20448
14,1000,20138
14,1000,22433
14,1000,19426
14,1000,19547
14,1000,19397
14,1000,19406
14,1000,19657
14,1000,19367
14,1000,19687
14,1000,19357
14,1000,20419
14,1000,19456
14,1000,19457
14,1000,20007
14,1000,19457
14,1000,19206
14,1000,19427
14,1000,19516
14,1000,28694
14,1000,19457
14,1000,19347
14,1000,23595
14,1000,19427
14,1000,19367
14,1000,19387
14,1000,21321
14,1000,19377
14,1000,19367
14,1000,19357
14,1000,19557
14,1000,19347
14,1000,19347
14,1000,20108
14,1000,19317
14,1000,19466
14,1000,66726
14,1000,51969
14,1000,20609
14,1000,20138
14,1000,20488
14,1000,22293
14,1000,19527
14,1000,19497
14,1000,19707
14,1000,19597
14,1000,20639
14,1000,19487
14,1000,19467
14,1000,19807
14,1000,19467
14,1000,19407
14,1000,19667
14,1000,19416
14,1000,19537
14,1000,22513
14,1000,19416
14,1000,20639
14,1000,19406
14,1000,19497
14,1000,19296
14,1000,19497
14,1000,19537
14,1000,19487
14,1000,19406
14,1000,19407
14,1000,19377
14,1000,20068
14,1000,20339
14,1000,19387
14,1000,19427
14,1000,19436
14,1000,19447
14,1000,19437
14,1000,19467
14,1000,19446
14,1000,19457
14,1000,19396
14,1000,19948
14,1000,20218
14,1000,19396
14,1000,19346
14,1000,19417
14,1000,19487
14,1000,19346
14,1000,19347
14,1000,19427
14,1000,19396
14,1000,19608
14,1000,28995
14,1000,19907
14,1000,19437
14,1000,20949
14,1000,19296
14,1000,19337
14,1000,19406
14,1000,19256
14,1000,19367
14,1000,20028
14,1000,19336
14,1000,20108
14,1000,19287
14,1000,19236
14,1000,19306
14,1000,19236
14,1000,71034
14,1000,95220
14,1000,22602
14,1000,24136
14,1000,22282
14,1000,23124
14,1000,22963
14,1000,23504
14,1000,20759
14,1000,20098
14,1000,19697
14,1000,24977
14,1000,19787
14,1000,19928
14,1000,19888
14,1000,28494
14,1000,19938
14,1000,19877
14,1000,19807
14,1000,22312
14,1000,21190
14,1000,19798
14,1000,24055
14,1000,20308
14,1000,19838
14,1000,19648
14,1000,19637
14,1000,19857
14,1000,19938
14,1000,20499
14,1000,19717
14,1000,20027
14,1000,20199
14,1000,23485
14,1000,20289
14,1000,19557
14,1000,19477
14,1000,19738
14,1000,19798
14,1000,19828
14,1000,20058
14,1000,19497
14,1000,19887
14,1000,19887
14,1000,23284
14,1000,19897
14,1000,19697
14,1000,19947
14,1000,19888
14,1000,19638
14,1000,19687
14,1000,19838
14,1000,26170
14,1000,19798
14,1000,22192
14,1000,19918
14,1000,19898
14,1000,19688
14,1000,20098
14,1000,21701
14,1000,19237
14,1000,19036
14,1000,19167
14,1000,19176
14,1000,19197
14,1000,21330
14,1000,19036
14,1000,19287
14,1000,66897
14,1000,103776
14,1000,26410
14,1000,25890
14,1000,25969
14,1000,43993
14,1000,42941
14,1000,49854
14,1000,44935
14,1000,45326
14,1000,50115
14,1000,45536
14,1000,52008
14,1000,24086
14,1000,20669
14,1000,20519
14,1000,20719
14,1000,21000
14,1000,19888
14,1000,20229
14,1000,20108
14,1000,20479
14,1000,20219
14,1000,20469
14,1000,20379
14,1000,21701
14,1000,19788
14,1000,19607
14,1000,20288
14,1000,20128
14,1000,19937
14,1000,19637
14,1000,19597
14,1000,19537
14,1000,19938
14,1000,19487
14,1000,21110
14,1000,19847
14,1000,19677
14,1000,20038
14,1000,19848
14,1000,19477
14,1000,19657
14,1000,25058
14,1000,19547
14,1000,19447
14,1000,19617
14,1000,21791
14,1000,20388
14,1000,19868
14,1000,20509
14,1000,19737
14,1000,20289
14,1000,20379
14,1000,19707
14,1000,19557
14,1000,19677
14,1000,20699
14,1000,19547
14,1000,19657
14,1000,19757
14,1000,19507
14,1000,20399
14,1000,19588
14,1000,19577
14,1000,19597
14,1000,19447
14,1000,19908
14,1000,20869
14,1000,145084
14,1000,22393
14,1000,21480
14,1000,21581
14,1000,21220
14,1000,21961
14,1000,21250
14,1000,20388
14,1000,39685
14,1000,41819
14,1000,41348
14,1000,20729
14,1000,20579
14,1000,20399
14,1000,19928
14,1000,20529
14,1000,20428
14,1000,20850
14,1000,20679
14,1000,20549
14,1000,20609
14,1000,20499
14,1000,20339
14,1000,20509
14,1000,20779
14,1000,21691
14,1000,20038
14,1000,19788
14,1000,19777
14,1000,20328
14,1000,19617
14,1000,19697
14,1000,19607
14,1000,19598
14,1000,19778
14,1000,19577
14,1000,21350
14,1000,20549
14,1000,19948
14,1000,20489
14,1000,19988
14,1000,19737
14,1000,20529
14,1000,19948
14,1000,19868
14,1000,19837
14,1000,20328
14,1000,21891
14,1000,19136
14,1000,19778
14,1000,19086
14,1000,19046
14,1000,19026
14,1000,19046
14,1000,18976
14,1000,19016
14,1000,19136
14,1000,19347
14,1000,19998
14,1000,19066
14,1000,19587
14,1000,19477
14,1000,19998
14,1000,19177
14,1000,19267
14,1000,20819
14,1000,22673
14,1000,59693
14,1000,78789
14,1000,19677
14,1000,19967
14,1000,19817
14,1000,19978
14,1000,27723
14,1000,19376
14,1000,19346
14,1000,24416
14,1000,23504
14,1000,22763
14,1000,19407
14,1000,19387
14,1000,19557
14,1000,20669
14,1000,19517
14,1000,19367
14,1000,19447
14,1000,19687
14,1000,19377
14,1000,19457
14,1000,19497
14,1000,21871
14,1000,22042
14,1000,20639
14,1000,20709
14,1000,19447
14,1000,19748
14,1000,19507
14,1000,19406
14,1000,19447
14,1000,19467
14,1000,19286
14,1000,19407
14,1000,19377
14,1000,19487
14,1000,20489
14,1000,19997
14,1000,19397
14,1000,19907
14,1000,19717
14,1000,19417
14,1000,29526
14,1000,19457
14,1000,19387
14,1000,22032
14,1000,21882
14,1000,19507
14,1000,19417
14,1000,19356
14,1000,19397
14,1000,19958
14,1000,19407
14,1000,19257
14,1000,19357
14,1000,19427
14,1000,19357
14,1000,20228
14,1000,19467
14,1000,19427
14,1000,19446
14,1000,19377
14,1000,19337
14,1000,19456
14,1000,19377
14,1000,19417
14,1000,19346
14,1000,19517
14,1000,72066
14,1000,98226
14,1000,23054
14,1000,23926
14,1000,22393
14,1000,28514
14,1000,27973
14,1000,37922
14,1000,42431
14,1000,36328
14,1000,36850
14,1000,39725
14,1000,35818
14,1000,36168
14,1000,39364
14,1000,41579
14,1000,20890
14,1000,19998
14,1000,20539
14,1000,20219
14,1000,20068
14,1000,20158
14,1000,20008
14,1000,20228
14,1000,20088
14,1000,20068
14,1000,24176
14,1000,19648
14,1000,20018
14,1000,20008
14,1000,20479
14,1000,19948
14,1000,20228
14,1000,19868
14,1000,20139
14,1000,20018
14,1000,20008
14,1000,24286
14,1000,20008
14,1000,22472
14,1000,22132
14,1000,20970
14,1000,20108
14,1000,20149
14,1000,19978
14,1000,20018
14,1000,19818
14,1000,23264
14,1000,19918
14,1000,19887
14,1000,19928
14,1000,20138
14,1000,19848
14,1000,19828
14,1000,19788
14,1000,20308
14,1000,19908
14,1000,20028
14,1000,22843
14,1000,19827
14,1000,19888
14,1000,20058
14,1000,19727
14,1000,19737
14,1000,19707
14,1000,19977
14,1000,19928
14,1000,19688
14,1000,60585
14,1000,57328
14,1000,24075
14,1000,23935
14,1000,27031
14,1000,23835
14,1000,23935
14,1000,22743
14,1000,20088
14,1000,20159
14,1000,20229
14,1000,20219
14,1000,20038
14,1000,24877
14,1000,20489
14,1000,20008
14,1000,19948
14,1000,19958
14,1000,19667
14,1000,19737
14,1000,20158
14,1000,20218
14,1000,20329
14,1000,19838
14,1000,24496
14,1000,20018
14,1000,19978
14,1000,19687
14,1000,20068
14,1000,19898
14,1000,19928
14,1000,19888
14,1000,20589
14,1000,19968
14,1000,23846
14,1000,30298
14,1000,20188
14,1000,20018
14,1000,19818
14,1000,20078
14,1000,19978
14,1000,20188
14,1000,19978
14,1000,19897
14,1000,19847
14,1000,22913
14,1000,19868
14,1000,19887
14,1000,19577
14,1000,20128
14,1000,19828
14,1000,20378
14,1000,20188
14,1000,19928
14,1000,20098
14,1000,19627
14,1000,23033
14,1000,19757
14,1000,19968
14,1000,20338
14,1000,21941
14,1000,20599
14,1000,24036
14,1000,23314
14,1000,20068
14,1000,19767
14,1000,19888
14,1000,22673
14,1000,20218
14,1000,76354
14,1000,29706
14,1000,61025
14,1000,20709
14,1000,20309
14,1000,20318
14,1000,22022
14,1000,20679
14,1000,20168
14,1000,20148
14,1000,20299
14,1000,20048
14,1000,20278
14,1000,20228
14,1000,21551
14,1000,19567
14,1000,20288
14,1000,19487
14,1000,19427
14,1000,19407
14,1000,19587
14,1000,23554
14,1000,23544
14,1000,23395
14,1000,24326
14,1000,24346
14,1000,19416
14,1000,19417
14,1000,19417
14,1000,19808
14,1000,19647
14,1000,19407
14,1000,26530
14,1000,19396
14,1000,19457
14,1000,19417
14,1000,20339
14,1000,19407
14,1000,19367
14,1000,19507
14,1000,19597
14,1000,19517
14,1000,20028
14,1000,19467
14,1000,19247
14,1000,19446
14,1000,19467
14,1000,20379
14,1000,19406
14,1000,19357
14,1000,19427
14,1000,19406
14,1000,19747
14,1000,19397
14,1000,19417
14,1000,19436
14,1000,19367
14,1000,20289
14,1000,19447
14,1000,19417
14,1000,19367
14,1000,19477
14,1000,19346
14,1000,19527
14,1000,19456
14,1000,19427
14,1000,19417
14,1000,19346
14,1000,20308
14,1000,104919
14,1000,66015
14,1000,22232
14,1000,22683
14,1000,23464
14,1000,20018
14,1000,20469
14,1000,19858
14,1000,19887
14,1000,19887
14,1000,20008
14,1000,22092
14,1000,20819
14,1000,20268
14,1000,19827
14,1000,19747
14,1000,19958
14,1000,19828
14,1000,19778
14,1000,19527
14,1000,20178
14,1000,19738
14,1000,19808
14,1000,19788
14,1000,20790
14,1000,19347
14,1000,19327
14,1000,19267
14,1000,19477
14,1000,19387
14,1000,19326
14,1000,19346
14,1000,27241
14,1000,19366
14,1000,19337
14,1000,20449
14,1000,19276
14,1000,20188
14,1000,20199
14,1000,19406
14,1000,19407
14,1000,19406
14,1000,19407
14,1000,19487
14,1000,19417
14,1000,19527
14,1000,20499
14,1000,19407
14,1000,19957
14,1000,19427
14,1000,19648
14,1000,19377
14,1000,19387
14,1000,19356
14,1000,19377
14,1000,19467
14,1000,20438
14,1000,19487
14,1000,19567
14,1000,19357
14,1000,19487
14,1000,19808
14,1000,19407
14,1000,19446
14,1000,20910
14,1000,21080
14,1000,19647
14,1000,20449
14,1000,79530
14,1000,84961
14,1000,21261
14,1000,19978
14,1000,26841
14,1000,31770
14,1000,19357
14,1000,19638
14,1000,19357
14,1000,19627
14,1000,19287
14,1000,19557
14,1000,19477
14,1000,21040
14,1000,19397
14,1000,19346
14,1000,19807
14,1000,19326
14,1000,19327
14,1000,19337
14,1000,19407
14,1000,19477
14,1000,19357
14,1000,19387
14,1000,20479
14,1000,19327
14,1000,19406
14,1000,19547
14,1000,19377
14,1000,19587
14,1000,19297
14,1000,19317
14,1000,19948
14,1000,19326
14,1000,28173
14,1000,19357
14,1000,19307
14,1000,19116
14,1000,19296
14,1000,19406
14,1000,19337
14,1000,19317
14,1000,19617
14,1000,19417
14,1000,19357
14,1000,20409
14,1000,19366
14,1000,19326
14,1000,19377
14,1000,19246
14,1000,19246
14,1000,19487
14,1000,19537
14,1000,19256
14,1000,19326
14,1000,19286
14,1000,20399
14,1000,19307
14,1000,19146
14,1000,19297
14,1000,19447
14,1000,19256
14,1000,19617
14,1000,19497
14,1000,19286
14,1000,19346
14,1000,19256
14,1000,20258
14,1000,61085
14,1000,74061
14,1000,20138
14,1000,20108
14,1000,20980
14,1000,19446
14,1000,20479
14,1000,19396
14,1000,19287
14,1000,19407
14,1000,19397
14,1000,19496
14,1000,20629
14,1000,19507
14,1000,19577
14,1000,19357
14,1000,19347
14,1000,19397
14,1000,19287
14,1000,19437
14,1000,19296
14,1000,19356
14,1000,19627
14,1000,20589
14,1000,19316
14,1000,19346
14,1000,19266
14,1000,19407
14,1000,19317
14,1000,19307
14,1000,19337
14,1000,19327
14,1000,19296
14,1000,19747
14,1000,20368
14,1000,19146
14,1000,19336
14,1000,19326
14,1000,19317
14,1000,19336
14,1000,19346
14,1000,19347
14,1000,19307
14,1000,19487
14,1000,19336
14,1000,20418
14,1000,19397
14,1000,19537
14,1000,19297
14,1000,19327
14,1000,19377
14,1000,19347
14,1000,19296
14,1000,19507
14,1000,19527
14,1000,20268
14,1000,19106
14,1000,19277
14,1000,19888
14,1000,19277
14,1000,19317
14,1000,19297
14,1000,19277
14,1000,19397
14,1000,19257
14,1000,19297
14,1000,20239
14,1000,19277
14,1000,19206
14,1000,72197
14,1000,21380
14,1000,20429
14,1000,24857
14,1000,26751
14,1000,52449
14,1000,37682
14,1000,37411
14,1000,42080
14,1000,39795
14,1000,38803
14,1000,37682
14,1000,36900
14,1000,20108
14,1000,19607
14,1000,19477
14,1000,19637
14,1000,19507
14,1000,19467
14,1000,19557
14,1000,21240
14,1000,19577
14,1000,19537
14,1000,19447
14,1000,19497
14,1000,19507
14,1000,19477
14,1000,19467
14,1000,19477
14,1000,19668
14,1000,27242
14,1000,24186
14,1000,21491
14,1000,19747
14,1000,19748
14,1000,20219
14,1000,19337
14,1000,19336
14,1000,19437
14,1000,19808
14,1000,19357
14,1000,19346
14,1000,20408
14,1000,19337
14,1000,19347
14,1000,19347
14,1000,19417
14,1000,19357
14,1000,19397
14,1000,19467
14,1000,19297
14,1000,19357
14,1000,19998
14,1000,19316
14,1000,19226
14,1000,19286
14,1000,19296
14,1000,19246
14,1000,19326
14,1000,19306
14,1000,19407
14,1000,19347
14,1000,19287
14,1000,20209
14,1000,19256
14,1000,19286
14,1000,19828
14,1000,25048
14,1000,65284
14,1000,108025
14,1000,27102
14,1000,25489
14,1000,23444
15,1000,20188
15,1000,21020
15,1000,20910
15,1000,20779
15,1000,22783
15,1000,26260
15,1000,21491
15,1000,21611
15,1000,26140
15,1000,20258
15,1000,20158
15,1000,19968
15,1000,20980
15,1000,19958
15,1000,20188
15,1000,20419
15,1000,21030
15,1000,20198
15,1000,24857
15,1000,20228
15,1000,19868
15,1000,20158
15,1000,19798
15,1000,26962
15,1000,19878
15,1000,20409
15,1000,20980
15,1000,20058
15,1000,19847
15,1000,24486
15,1000,22523
15,1000,23184
15,1000,20078
15,1000,20839
15,1000,20238
15,1000,20689
15,1000,20108
15,1000,20869
15,1000,20980
15,1000,20498
15,1000,24196
15,1000,20088
15,1000,20058
15,1000,20058
15,1000,20869
15,1000,20218
15,1000,20368
15,1000,20038
15,1000,20539
15,1000,20088
15,1000,20038
15,1000,23645
15,1000,20078
15,1000,20148
15,1000,19797
15,1000,20779
15,1000,20309
15,1000,19898
15,1000,20339
15,1000,26239
15,1000,20058
15,1000,22843
15,1000,20689
15,1000,102524
15,1000,42550
15,1000,49704
15,1000,24006
15,1000,22312
15,1000,22042
15,1000,23644
15,1000,22944
15,1000,20369
15,1000,20319
15,1000,20319
15,1000,25268
15,1000,20108
15,1000,19987
15,1000,20469
15,1000,19777
15,1000,19907
15,1000,20038
15,1000,19978
15,1000,20018
15,1000,20319
15,1000,20189
15,1000,24677
15,1000,20178
15,1000,19968
15,1000,19938
15,1000,25629
15,1000,19978
15,1000,20119
15,1000,19908
15,1000,20018
15,1000,20078
15,1000,19977
15,1000,24376
15,1000,19817
15,1000,19928
15,1000,19938
15,1000,20228
15,1000,19937
15,1000,19988
15,1000,19807
15,1000,20349
15,1000,19858
15,1000,23986
15,1000,19867
15,1000,19587
15,1000,19917
15,1000,19738
15,1000,19898
15,1000,19928
15,1000,19807
15,1000,19907
15,1000,20058
15,1000,20378
15,1000,22963
15,1000,19897
15,1000,19878
15,1000,19888
15,1000,19947
15,1000,19948
15,1000,19898
15,1000,26871
15,1000,26821
15,1000,20519
15,1000,19898
15,1000,22152
15,1000,20169
15,1000,20289
15,1000,19838
15,1000,75232
15,1000,56648
15,1000,23264
15,1000,24045
15,1000,24106
15,1000,24055
15,1000,22433
15,1000,21400
15,1000,20539
15,1000,20328
15,1000,20238
15,1000,25438
15,1000,20068
15,1000,20199
15,1000,20419
15,1000,20298
15,1000,20058
15,1000,19928
15,1000,20118
15,1000,20149
15,1000,20028
15,1000,19927
15,1000,24677
15,1000,20528
15,1000,20108
15,1000,27111
15,1000,20619
15,1000,20539
15,1000,25097
15,1000,20318
15,1000,20118
15,1000,21571
15,1000,20468
15,1000,24797
15,1000,19858
15,1000,20148
15,1000,19818
15,1000,20028
15,1000,20018
15,1000,20279
15,1000,19848
15,1000,19958
15,1000,19898
15,1000,19838
15,1000,23925
15,1000,19737
15,1000,19917
15,1000,19928
15,1000,19857
15,1000,19938
15,1000,20028
15,1000,19988
15,1000,19918
15,1000,19817
15,1000,23394
15,1000,20138
15,1000,19667
15,1000,19908
15,1000,20088
15,1000,20148
15,1000,20138
15,1000,19687
15,1000,20108
15,1000,20259
15,1000,19758
15,1000,23044
15,1000,19988
15,1000,20438
15,1000,71375
15,1000,133853
15,1000,23744
15,1000,22853
15,1000,22523
15,1000,23034
15,1000,23625
15,1000,23385
15,1000,20118
15,1000,20369
15,1000,20248
15,1000,20209
15,1000,20259
15,1000,25809
15,1000,20178
15,1000,20699
15,1000,20780
15,1000,20148
15,1000,19988
15,1000,19958
15,1000,19877
15,1000,20028
15,1000,19807
15,1000,27702
15,1000,24205
15,1000,20038
15,1000,20018
15,1000,19978
15,1000,19878
15,1000,19797
15,1000,19877
15,1000,19897
15,1000,20008
15,1000,20139
15,1000,23705
15,1000,19817
15,1000,19858
15,1000,19848
15,1000,19828
15,1000,19918
15,1000,19717
15,1000,19968
15,1000,19948
15,1000,20038
15,1000,19908
15,1000,23775
15,1000,19878
15,1000,20138
15,1000,19948
15,1000,20218
15,1000,19928
15,1000,19817
15,1000,19888
15,1000,19858
15,1000,19907
15,1000,19707
15,1000,23334
15,1000,20078
15,1000,20238
15,1000,20208
15,1000,20248
15,1000,19597
15,1000,20148
15,1000,20258
15,1000,19918
15,1000,20098
15,1000,20268
15,1000,22803
15,1000,20549
15,1000,79491
15,1000,36309
15,1000,110319
15,1000,22032
15,1000,21280
15,1000,21861
15,1000,21421
15,1000,43052
15,1000,37150
15,1000,38512
15,1000,41679
15,1000,38513
15,1000,42180
15,1000,38012
15,1000,43963
15,1000,42150
15,1000,34645
15,1000,33875
15,1000,23505
15,1000,20579
15,1000,20268
15,1000,20218
15,1000,20368
15,1000,20619
15,1000,20358
15,1000,20599
15,1000,20188
15,1000,20549
15,1000,20809
15,1000,19657
15,1000,20589
15,1000,19988
15,1000,19707
15,1000,19758
15,1000,19617
15,1000,19627
15,1000,19557
15,1000,19597
15,1000,19817
15,1000,20619
15,1000,19868
15,1000,19447
15,1000,19487
15,1000,20228
15,1000,20348
15,1000,20279
15,1000,19467
15,1000,19677
15,1000,19687
15,1000,27592
15,1000,19958
15,1000,19808
15,1000,20048
15,1000,19627
15,1000,20108
15,1000,20459
15,1000,20259
15,1000,19417
15,1000,19226
15,1000,19356
15,1000,20499
15,1000,19257
15,1000,19557
15,1000,19567
15,1000,19397
15,1000,19497
15,1000,19457
15,1000,19537
15,1000,70944
15,1000,72617
15,1000,20278
15,1000,20178
15,1000,20359
15,1000,19687
15,1000,21411
15,1000,19527
15,1000,20259
15,1000,19397
15,1000,19316
15,1000,19397
15,1000,19427
15,1000,19166
15,1000,25729
15,1000,19297
15,1000,19708
15,1000,20609
15,1000,19326
15,1000,19517
15,1000,19416
15,1000,22393
15,1000,21952
15,1000,19437
15,1000,19647
15,1000,19517
15,1000,19447
15,1000,19527
15,1000,20609
15,1000,19437
15,1000,19397
15,1000,19476
15,1000,19437
15,1000,19436
15,1000,19687
15,1000,19497
15,1000,19427
15,1000,19387
15,1000,20508
15,1000,19397
15,1000,19427
15,1000,19407
15,1000,19547
15,1000,19507
15,1000,19487
15,1000,19547
15,1000,19447
15,1000,19467
15,1000,19427
15,1000,20429
15,1000,19376
15,1000,19437
15,1000,24457
15,1000,19406
15,1000,19447
15,1000,19617
15,1000,19427
15,1000,19697
15,1000,21781
15,1000,19316
15,1000,20289
15,1000,22563
15,1000,21751
15,1000,19648
15,1000,26841
15,1000,24546
15,1000,19527
15,1000,39936
15,1000,32742
15,1000,76815
15,1000,21802
15,1000,20248
15,1000,20439
15,1000,39916
15,1000,43622
15,1000,36399
15,1000,37982
15,1000,41599
15,1000,45126
15,1000,38974
15,1000,41618
15,1000,37761
15,1000,39345
15,1000,19687
15,1000,19397
15,1000,19407
15,1000,19507
15,1000,19357
15,1000,19367
15,1000,19426
15,1000,20649
15,1000,19337
15,1000,19377
15,1000,19357
15,1000,19377
15,1000,19376
15,1000,19447
15,1000,19638
15,1000,19357
15,1000,19327
15,1000,19326
15,1000,20088
15,1000,19267
15,1000,19327
15,1000,19286
15,1000,19376
15,1000,19286
15,1000,19227
15,1000,19277
15,1000,19787
15,1000,19236
15,1000,20178
15,1000,19277
15,1000,26660
15,1000,19247
15,1000,19306
15,1000,19326
15,1000,19317
15,1000,19317
15,1000,19467
15,1000,19076
15,1000,19237
15,1000,20148
15,1000,19226
15,1000,19296
15,1000,19206
15,1000,19196
15,1000,19276
15,1000,19236
15,1000,19487
15,1000,19317
15,1000,19237
15,1000,19237
15,1000,20198
15,1000,19286
15,1000,19216
15,1000,19266
15,1000,72637
15,1000,37732
15,1000,55685
15,1000,24447
15,1000,23805
15,1000,22002
15,1000,20028
15,1000,22443
15,1000,27102
15,1000,20249
15,1000,21150
15,1000,20419
15,1000,20719
15,1000,25208
15,1000,23965
15,1000,29185
15,1000,24937
15,1000,20779
15,1000,20599
15,1000,20218
15,1000,21070
15,1000,21160
15,1000,20198
15,1000,21241
15,1000,21370
15,1000,24256
15,1000,20058
15,1000,20299
15,1000,20169
15,1000,20008
15,1000,20870
15,1000,19758
15,1000,20088
15,1000,21451
15,1000,19867
15,1000,23785
15,1000,20819
15,1000,19787
15,1000,19908
15,1000,20078
15,1000,19838
15,1000,20228
15,1000,19958
15,1000,25749
15,1000,22603
15,1000,19627
15,1000,23695
15,1000,20770
15,1000,19537
15,1000,20268
15,1000,24055
15,1000,19737
15,1000,19797
15,1000,20639
15,1000,20248
15,1000,19958
15,1000,19818
15,1000,24126
15,1000,19797
15,1000,19887
15,1000,19807
15,1000,21280
15,1000,21561
15,1000,22092
15,1000,21531
15,1000,33293
15,1000,38132
15,1000,44134
15,1000,40757
15,1000,135085
15,1000,55384
15,1000,23745
15,1000,22833
15,1000,23275
15,1000,23395
15,1000,23314
15,1000,20238
15,1000,19948
15,1000,20208
15,1000,21741
15,1000,19748
15,1000,19617
15,1000,24907
15,1000,19567
15,1000,19858
15,1000,19778
15,1000,19467
15,1000,19758
15,1000,19648
15,1000,20058
15,1000,20438
15,1000,20128
15,1000,24056
15,1000,19357
15,1000,19557
15,1000,19537
15,1000,19457
15,1000,19477
15,1000,19627
15,1000,19537
15,1000,20088
15,1000,19507
15,1000,19527
15,1000,23404
15,1000,19427
15,1000,19476
15,1000,26179
15,1000,19677
15,1000,19637
15,1000,19457
15,1000,19657
15,1000,19527
15,1000,19427
15,1000,19527
15,1000,26250
15,1000,23103
15,1000,20028
15,1000,19837
15,1000,19858
15,1000,19838
15,1000,19887
15,1000,19988
15,1000,19798
15,1000,19978
15,1000,19827
15,1000,22473
15,1000,19998
15,1000,19988
15,1000,20489
15,1000,21160
15,1000,19898
15,1000,22402
15,1000,21220
15,1000,20098
15,1000,20008
15,1000,20660
15,1000,23234
15,1000,82647
15,1000,107684
15,1000,22303
15,1000,22963
15,1000,22623
15,1000,23955
15,1000,24456
15,1000,42420
15,1000,45596
15,1000,37481
15,1000,38553
15,1000,42861
15,1000,37801
15,1000,41699
15,1000,38383
15,1000,42981
15,1000,42060
15,1000,24587
15,1000,19947
15,1000,20228
15,1000,20248
15,1000,19848
15,1000,19968
15,1000,19887
15,1000,20870
15,1000,24356
15,1000,20268
15,1000,19988
15,1000,19958
15,1000,20508
15,1000,19988
15,1000,20109
15,1000,19728
15,1000,20228
15,1000,20098
15,1000,22713
15,1000,25969
15,1000,20118
15,1000,19857
15,1000,19897
15,1000,19918
15,1000,19858
15,1000,19718
15,1000,20329
15,1000,19788
15,1000,19897
15,1000,20409
15,1000,23435
15,1000,20048
15,1000,19968
15,1000,19998
15,1000,20028
15,1000,20358
15,1000,20028
15,1000,19897
15,1000,19847
15,1000,19928
15,1000,19718
15,1000,23815
15,1000,20018
15,1000,20018
15,1000,20288
15,1000,20288
15,1000,19647
15,1000,25318
15,1000,20088
15,1000,19708
15,1000,19848
15,1000,22483
15,1000,87346
15,1000,78689
15,1000,23144
15,1000,23885
15,1000,23204
15,1000,24116
15,1000,29466
15,1000,33474
15,1000,42701
15,1000,38282
15,1000,38072
15,1000,41799
15,1000,38112
15,1000,37742
15,1000,41579
15,1000,30067
15,1000,20379
15,1000,20188
15,1000,20449
15,1000,20458
15,1000,27632
15,1000,20199
15,1000,20179
15,1000,20629
15,1000,20218
15,1000,20208
15,1000,25318
15,1000,24547
15,1000,24717
15,1000,21240
15,1000,20218
15,1000,20259
15,1000,20008
15,1000,20098
15,1000,19887
15,1000,19988
15,1000,20078
15,1000,24266
15,1000,19707
15,1000,20008
15,1000,20188
15,1000,20369
15,1000,20068
15,1000,20078
15,1000,19757
15,1000,20158
15,1000,19857
15,1000,19898
15,1000,24146
15,1000,19857
15,1000,19908
15,1000,19958
15,1000,19807
15,1000,19908
15,1000,19808
15,1000,20008
15,1000,19918
15,1000,19968
15,1000,23945
15,1000,20118
15,1000,19878
15,1000,19978
15,1000,19838
15,1000,20760
15,1000,22973
15,1000,19877
15,1000,19717
15,1000,19857
15,1000,76204
15,1000,115138
15,1000,29205
15,1000,28494
15,1000,26019
15,1000,26761
15,1000,28724
15,1000,20820
15,1000,20188
15,1000,20218
15,1000,20228
15,1000,20168
15,1000,20018
15,1000,22924
15,1000,22783
15,1000,20178
15,1000,28714
15,1000,28965
15,1000,20760
15,1000,19918
15,1000,23334
15,1000,20188
15,1000,20519
15,1000,22743
15,1000,20328
15,1000,19918
15,1000,19898
15,1000,24096
15,1000,19817
15,1000,20028
15,1000,19918
15,1000,20038
15,1000,20379
15,1000,19977
15,1000,19808
15,1000,19627
15,1000,19867
15,1000,19838
15,1000,24026
15,1000,19988
15,1000,19848
15,1000,19947
15,1000,20288
15,1000,19868
15,1000,20028
15,1000,20118
15,1000,19838
15,1000,19977
15,1000,20008
15,1000,23805
15,1000,19938
15,1000,19838
15,1000,20088
15,1000,19828
15,1000,20218
15,1000,20027
15,1000,19818
15,1000,19898
15,1000,20539
15,1000,23154
15,1000,27803
15,1000,24377
15,1000,20329
15,1000,19867
15,1000,20338
15,1000,20128
15,1000,19847
15,1000,20028
15,1000,20119
15,1000,191092
15,1000,22643
15,1000,21481
15,1000,21140
15,1000,21531
15,1000,38934
15,1000,38833
15,1000,41249
15,1000,37942
15,1000,44584
15,1000,41618
15,1000,35317
15,1000,44424
15,1000,39034
15,1000,35327
15,1000,21341
15,1000,20338
15,1000,21110
15,1000,20118
15,1000,21090
15,1000,20168
15,1000,21170
15,1000,20650
15,1000,20789
15,1000,20328
15,1000,22322
15,1000,19487
15,1000,20008
15,1000,19497
15,1000,19537
15,1000,22252
15,1000,19727
15,1000,20168
15,1000,19557
15,1000,20348
15,1000,20619
15,1000,21320
15,1000,20228
15,1000,19637
15,1000,20398
15,1000,19627
15,1000,27091
15,1000,19658
15,1000,20128
15,1000,19457
15,1000,20178
15,1000,20428
15,1000,22643
15,1000,21671
15,1000,20469
15,1000,19567
15,1000,20419
15,1000,19337
15,1000,19487
15,1000,19306
15,1000,20168
15,1000,19487
15,1000,19527
15,1000,20929
15,1000,19347
15,1000,19567
15,1000,19737
15,1000,19817
15,1000,19527
15,1000,19767
15,1000,19537
15,1000,19888
15,1000,19668
15,1000,84650
15,1000,22393
15,1000,20238
15,1000,20138
15,1000,21551
15,1000,19717
15,1000,25649
15,1000,19908
15,1000,19607
15,1000,20599
15,1000,19266
15,1000,19417
15,1000,19667
15,1000,19617
15,1000,19387
15,1000,19407
15,1000,19347
15,1000,19356
15,1000,19396
15,1000,19317
15,1000,20439
15,1000,19336
15,1000,19297
15,1000,19477
15,1000,19376
15,1000,19316
15,1000,19367
15,1000,19347
15,1000,19247
15,1000,19076
15,1000,20779
15,1000,19256
15,1000,19337
15,1000,19257
15,1000,19287
15,1000,19276
15,1000,19376
15,1000,19247
15,1000,19447
15,1000,19467
15,1000,19297
15,1000,20269
15,1000,19327
15,1000,19327
15,1000,25818
15,1000,19307
15,1000,19277
15,1000,19317
15,1000,19327
15,1000,19306
15,1000,19117
15,1000,19517
15,1000,20128
15,1000,19256
15,1000,19356
15,1000,19226
15,1000,19517
15,1000,19517
15,1000,19657
15,1000,20820
15,1000,20189
15,1000,21811
15,1000,21370
15,1000,20389
15,1000,20389
15,1000,20148
15,1000,19266
15,1000,19467
15,1000,67999
15,1000,59262
15,1000,27432
15,1000,25208
15,1000,25458
15,1000,31871
15,1000,20359
15,1000,19517
15,1000,20308
15,1000,19427
15,1000,19297
15,1000,19417
15,1000,19306
15,1000,19697
15,1000,19487
15,1000,19396
15,1000,19226
15,1000,19317
15,1000,19266
15,1000,20299
15,1000,19277
15,1000,19307
15,1000,19487
15,1000,19357
15,1000,19477
15,1000,19296
15,1000,19106
15,1000,19336
15,1000,19497
15,1000,19307
15,1000,20148
15,1000,19667
15,1000,19717
15,1000,19577
15,1000,19276
15,1000,19366
15,1000,19266
15,1000,19266
15,1000,19327
15,1000,19267
15,1000,20158
15,1000,19648
15,1000,19407
15,1000,19297
15,1000,24186
15,1000,19297
15,1000,19417
16,1000,19327
16,1000,19096
16,1000,19306
16,1000,19226
16,1000,20128
16,1000,19337
16,1000,19437
16,1000,19347
16,1000,21540
16,1000,19036
16,1000,19146
16,1000,19026
16,1000,19036
16,1000,19047
16,1000,19226
16,1000,19887
16,1000,19166
16,1000,19016
16,1000,19146
16,1000,19086
16,1000,19006
16,1000,53251
16,1000,131900
16,1000,24206
16,1000,22874
16,1000,22352
16,1000,22512
16,1000,27833
16,1000,39655
16,1000,37722
16,1000,40687
16,1000,34375
16,1000,42661
16,1000,42410
16,1000,38272
16,1000,41850
16,1000,29576
16,1000,19917
16,1000,20168
16,1000,19968
16,1000,19978
16,1000,20489
16,1000,19968
16,1000,20569
16,1000,20629
16,1000,19597
16,1000,19968
16,1000,24526
16,1000,20008
16,1000,19848
16,1000,19958
16,1000,19938
16,1000,20078
16,1000,19928
16,1000,19917
16,1000,19627
16,1000,19957
16,1000,19697
16,1000,24115
16,1000,24426
16,1000,19988
16,1000,19707
16,1000,20669
16,1000,19948
16,1000,19857
16,1000,19787
16,1000,19417
16,1000,19908
16,1000,19777
16,1000,23554
16,1000,20258
16,1000,19557
16,1000,19638
16,1000,22292
16,1000,22293
16,1000,19567
16,1000,19497
16,1000,19567
16,1000,19677
16,1000,22663
16,1000,19687
16,1000,19698
16,1000,19617
16,1000,19638
16,1000,19697
16,1000,19256
16,1000,19638
16,1000,19186
16,1000,19807
16,1000,19808
16,1000,79872
16,1000,80082
16,1000,22894
16,1000,23123
16,1000,22954
16,1000,28574
16,1000,22823
16,1000,19847
16,1000,23073
16,1000,22452
16,1000,19958
16,1000,20279
16,1000,20128
16,1000,20098
16,1000,20438
16,1000,25148
16,1000,19967
16,1000,20228
16,1000,20068
16,1000,20248
16,1000,19697
16,1000,20018
16,1000,20238
16,1000,19777
16,1000,20248
16,1000,20268
16,1000,24105
16,1000,20078
16,1000,19988
16,1000,20038
16,1000,20218
16,1000,19937
16,1000,20679
16,1000,20188
16,1000,20108
16,1000,19828
16,1000,20168
16,1000,32561
16,1000,20058
16,1000,19977
16,1000,20048
16,1000,19717
16,1000,20088
16,1000,19877
16,1000,23365
16,1000,20389
16,1000,24166
16,1000,22552
16,1000,29005
16,1000,19948
16,1000,19837
16,1000,20018
16,1000,20519
16,1000,19888
16,1000,19937
16,1000,19838
16,1000,19808
16,1000,19808
16,1000,22924
16,1000,19978
16,1000,20389
16,1000,22352
16,1000,20809
16,1000,19968
16,1000,19928
16,1000,19677
16,1000,19767
16,1000,23614
16,1000,67257
16,1000,105620
16,1000,23134
16,1000,23104
16,1000,22682
16,1000,23654
16,1000,27151
16,1000,20780
16,1000,20038
16,1000,20158
16,1000,20849
16,1000,20448
16,1000,20108
16,1000,20368
16,1000,19868
16,1000,20098
16,1000,25178
16,1000,20178
16,1000,20148
16,1000,20078
16,1000,20128
16,1000,20058
16,1000,20258
16,1000,20088
16,1000,19877
16,1000,20709
16,1000,20188
16,1000,24266
16,1000,19798
16,1000,20199
16,1000,19818
16,1000,20609
16,1000,20419
16,1000,19987
16,1000,19998
16,1000,30889
16,1000,19908
16,1000,24346
16,1000,19697
16,1000,19947
16,1000,20248
16,1000,20298
16,1000,20298
16,1000,20178
16,1000,20308
16,1000,20028
16,1000,19998
16,1000,19708
16,1000,23234
16,1000,20258
16,1000,19898
16,1000,19938
16,1000,20018
16,1000,19868
16,1000,20098
16,1000,19898
16,1000,19897
16,1000,20038
16,1000,19567
16,1000,22944
16,1000,19998
16,1000,20158
16,1000,20328
16,1000,19968
16,1000,19627
16,1000,19837
16,1000,19567
16,1000,19577
16,1000,19747
16,1000,87606
16,1000,70584
16,1000,23755
16,1000,23945
16,1000,24787
16,1000,23935
16,1000,36028
16,1000,34966
16,1000,45737
16,1000,34575
16,1000,37331
16,1000,40897
16,1000,33574
16,1000,39575
16,1000,31209
16,1000,34776
16,1000,25007
16,1000,20158
16,1000,19978
16,1000,20088
16,1000,19828
16,1000,19848
16,1000,20228
16,1000,23495
16,1000,22092
16,1000,19938
16,1000,19778
16,1000,36208
16,1000,20278
16,1000,20399
16,1000,20379
16,1000,20829
16,1000,20308
16,1000,19817
16,1000,19968
16,1000,19627
16,1000,20128
16,1000,19907
16,1000,23946
16,1000,20038
16,1000,20209
16,1000,20599
16,1000,19998
16,1000,19987
16,1000,19848
16,1000,20008
16,1000,19908
16,1000,20048
16,1000,23595
16,1000,19698
16,1000,20028
16,1000,20188
16,1000,19928
16,1000,19717
16,1000,19647
16,1000,20048
16,1000,19878
16,1000,20388
16,1000,20038
16,1000,22703
16,1000,19958
16,1000,19838
16,1000,19687
16,1000,27142
16,1000,19858
16,1000,19778
16,1000,20108
16,1000,19828
16,1000,67438
16,1000,114667
16,1000,23023
16,1000,23224
16,1000,22974
16,1000,23705
16,1000,21110
16,1000,20229
16,1000,19957
16,1000,20769
16,1000,19898
16,1000,19917
16,1000,20138
16,1000,21621
16,1000,20028
16,1000,25197
16,1000,19998
16,1000,20238
16,1000,19878
16,1000,19987
16,1000,20348
16,1000,20389
16,1000,20078
16,1000,20028
16,1000,20278
16,1000,39174
16,1000,25067
16,1000,20178
16,1000,20539
16,1000,20619
16,1000,20089
16,1000,20329
16,1000,23455
16,1000,20198
16,1000,19907
16,1000,19907
16,1000,20058
16,1000,23665
16,1000,20579
16,1000,20058
16,1000,19908
16,1000,19947
16,1000,19878
16,1000,20028
16,1000,20168
16,1000,20168
16,1000,20188
16,1000,23063
16,1000,19938
16,1000,19887
16,1000,19787
16,1000,19838
16,1000,20108
16,1000,19878
16,1000,19967
16,1000,19838
16,1000,19938
16,1000,19667
16,1000,25197
16,1000,20879
16,1000,31139
16,1000,20018
16,1000,19857
16,1000,20719
16,1000,19958
16,1000,20248
16,1000,20979
16,1000,19998
16,1000,24907
16,1000,202884
16,1000,23365
16,1000,23986
16,1000,24155
16,1000,23986
16,1000,22913
16,1000,20559
16,1000,19988
16,1000,20048
16,1000,20198
16,1000,20078
16,1000,19958
16,1000,20028
16,1000,20689
16,1000,20008
16,1000,25108
16,1000,20149
16,1000,19798
16,1000,20008
16,1000,19818
16,1000,29576
16,1000,20048
16,1000,19898
16,1000,19968
16,1000,20048
16,1000,19978
16,1000,24406
16,1000,21721
16,1000,22122
16,1000,19958
16,1000,20138
16,1000,20699
16,1000,19988
16,1000,20169
16,1000,20018
16,1000,19928
16,1000,20128
16,1000,24456
16,1000,19948
16,1000,20169
16,1000,20128
16,1000,19848
16,1000,20179
16,1000,20419
16,1000,20058
16,1000,20218
16,1000,19968
16,1000,23565
16,1000,20068
16,1000,19617
16,1000,20098
16,1000,20008
16,1000,19878
16,1000,19948
16,1000,19878
16,1000,19868
16,1000,26941
16,1000,19707
16,1000,23043
16,1000,19938
16,1000,19858
16,1000,19978
16,1000,20138
16,1000,19627
16,1000,19867
16,1000,19868
16,1000,19818
16,1000,21291
16,1000,78959
16,1000,107043
16,1000,19667
16,1000,19638
16,1000,19808
16,1000,20158
16,1000,20869
16,1000,19447
16,1000,19357
16,1000,19307
16,1000,19457
16,1000,19076
16,1000,19697
16,1000,19086
16,1000,19607
16,1000,20319
16,1000,19026
16,1000,19036
16,1000,18986
16,1000,19076
16,1000,19096
16,1000,18986
16,1000,19187
16,1000,18996
16,1000,18966
16,1000,18835
16,1000,20308
16,1000,19006
16,1000,21952
16,1000,22573
16,1000,19336
16,1000,19827
16,1000,19838
16,1000,19337
16,1000,19326
16,1000,19296
16,1000,19326
16,1000,20348
16,1000,19377
16,1000,19467
16,1000,19327
16,1000,19427
16,1000,19506
16,1000,19277
16,1000,19297
16,1000,19337
16,1000,19186
16,1000,19307
16,1000,20258
16,1000,19266
16,1000,19256
16,1000,19357
16,1000,19457
16,1000,19276
16,1000,19397
16,1000,19377
16,1000,19257
16,1000,29947
16,1000,22593
16,1000,19697
16,1000,19657
16,1000,19778
16,1000,19917
16,1000,19697
16,1000,19958
16,1000,22312
16,1000,22022
16,1000,19487
16,1000,62589
16,1000,99509
16,1000,22423
16,1000,23594
16,1000,23234
16,1000,23084
16,1000,24005
16,1000,26610
16,1000,21701
16,1000,20138
16,1000,19977
16,1000,20008
16,1000,20078
16,1000,20038
16,1000,20018
16,1000,20448
16,1000,19998
16,1000,24657
16,1000,19797
16,1000,19938
16,1000,30979
16,1000,19768
16,1000,21070
16,1000,20639
16,1000,20129
16,1000,19808
16,1000,19878
16,1000,20209
16,1000,27853
16,1000,19847
16,1000,19928
16,1000,19897
16,1000,19697
16,1000,20439
16,1000,19898
16,1000,20028
16,1000,19758
16,1000,19848
16,1000,23524
16,1000,19807
16,1000,19928
16,1000,20037
16,1000,19958
16,1000,20048
16,1000,19527
16,1000,19867
16,1000,19678
16,1000,19788
16,1000,19918
16,1000,22543
16,1000,19647
16,1000,19687
16,1000,19758
16,1000,20068
16,1000,19958
16,1000,19628
16,1000,26751
16,1000,19868
16,1000,19647
16,1000,19648
16,1000,23324
16,1000,19948
16,1000,19758
16,1000,20008
16,1000,19858
16,1000,22934
16,1000,19728
16,1000,19888
16,1000,19568
16,1000,77467
16,1000,72747
16,1000,20178
16,1000,20108
16,1000,21310
16,1000,21982
16,1000,19326
16,1000,19427
16,1000,19417
16,1000,19416
16,1000,19297
16,1000,19407
16,1000,19427
16,1000,19627
16,1000,19327
16,1000,19608
16,1000,20619
16,1000,19447
16,1000,19357
16,1000,19156
16,1000,19357
16,1000,19577
16,1000,19376
16,1000,19326
16,1000,19357
16,1000,19317
16,1000,20219
16,1000,19247
16,1000,20830
16,1000,21701
16,1000,19256
16,1000,19767
16,1000,19266
16,1000,19297
16,1000,19477
16,1000,19346
16,1000,19336
16,1000,20118
16,1000,19256
16,1000,19276
16,1000,19216
16,1000,19266
16,1000,19487
16,1000,19346
16,1000,19296
16,1000,19276
16,1000,19337
16,1000,19577
16,1000,21590
16,1000,19627
16,1000,19718
16,1000,19677
16,1000,19687
16,1000,19617
16,1000,19567
16,1000,19547
16,1000,20088
16,1000,30277
16,1000,19237
16,1000,21711
16,1000,21050
16,1000,19477
16,1000,19938
16,1000,19687
16,1000,19798
16,1000,20640
16,1000,22212
16,1000,19818
16,1000,63029
16,1000,112733
16,1000,23104
16,1000,24026
16,1000,24256
16,1000,23294
16,1000,49894
16,1000,37180
16,1000,41830
16,1000,38313
16,1000,37601
16,1000,41920
16,1000,37841
16,1000,48111
16,1000,41719
16,1000,37611
16,1000,27632
16,1000,20559
16,1000,20238
16,1000,20589
16,1000,23004
16,1000,23705
16,1000,20709
16,1000,20268
16,1000,21020
16,1000,20479
16,1000,20108
16,1000,25058
16,1000,20378
16,1000,20839
16,1000,21060
16,1000,20178
16,1000,20169
16,1000,20208
16,1000,19968
16,1000,19948
16,1000,20099
16,1000,23414
16,1000,20198
16,1000,19938
16,1000,20038
16,1000,19918
16,1000,20418
16,1000,19797
16,1000,19878
16,1000,19928
16,1000,20449
16,1000,24396
16,1000,23334
16,1000,20058
16,1000,19807
16,1000,20098
16,1000,19978
16,1000,20188
16,1000,19918
16,1000,19948
16,1000,22602
16,1000,21621
16,1000,19487
16,1000,22773
16,1000,19848
16,1000,19728
16,1000,20068
16,1000,19748
16,1000,19828
16,1000,19868
16,1000,19917
16,1000,19727
16,1000,19947
16,1000,78348
16,1000,67858
16,1000,20268
16,1000,20239
16,1000,20309
16,1000,20820
16,1000,20999
16,1000,19627
16,1000,19757
16,1000,19837
16,1000,19647
16,1000,30418
16,1000,19537
16,1000,19727
16,1000,20068
16,1000,20739
16,1000,19386
16,1000,19437
16,1000,19437
16,1000,19818
16,1000,19466
16,1000,19477
16,1000,19648
16,1000,19427
16,1000,19537
16,1000,19647
16,1000,20529
16,1000,19517
16,1000,19397
16,1000,19457
16,1000,19427
16,1000,19527
16,1000,19948
16,1000,19287
16,1000,19427
16,1000,19487
16,1000,20428
16,1000,19447
16,1000,19658
16,1000,19387
16,1000,19387
16,1000,19436
16,1000,19447
16,1000,19728
16,1000,19427
16,1000,19396
16,1000,20058
16,1000,20328
16,1000,27111
16,1000,19357
16,1000,19447
16,1000,19356
16,1000,19437
16,1000,19567
16,1000,19226
16,1000,19527
16,1000,19357
16,1000,21862
16,1000,22543
16,1000,19386
16,1000,22583
16,1000,20899
16,1000,19697
16,1000,19718
16,1000,19547
16,1000,19717
16,1000,19677
16,1000,20118
16,1000,73188
16,1000,66997
16,1000,28013
16,1000,27512
16,1000,23074
16,1000,23745
16,1000,23485
16,1000,27362
16,1000,21651
16,1000,43031
16,1000,40036
16,1000,36229
16,1000,35738
16,1000,28234
16,1000,20319
16,1000,25007
16,1000,20779
16,1000,20058
16,1000,20058
16,1000,19978
16,1000,23866
16,1000,23124
16,1000,20258
16,1000,20008
16,1000,19938
16,1000,19778
16,1000,25368
16,1000,19908
16,1000,20509
16,1000,19868
16,1000,20108
16,1000,19668
16,1000,19948
16,1000,20289
16,1000,19978
16,1000,19938
16,1000,23485
16,1000,19908
16,1000,20589
16,1000,19837
16,1000,20188
16,1000,19928
16,1000,19818
16,1000,28314
16,1000,20249
16,1000,19827
16,1000,20068
16,1000,23915
16,1000,20098
16,1000,20068
16,1000,19808
16,1000,20138
16,1000,19607
16,1000,19968
16,1000,19908
16,1000,19867
16,1000,19887
16,1000,20068
16,1000,23003
16,1000,19948
16,1000,19948
16,1000,19977
16,1000,20048
16,1000,19647
16,1000,19768
16,1000,20148
16,1000,19928
16,1000,19887
16,1000,20369
16,1000,89800
16,1000,91283
16,1000,20219
16,1000,20308
16,1000,20750
16,1000,30948
16,1000,19627
16,1000,19778
16,1000,24216
16,1000,21530
16,1000,19647
16,1000,19778
16,1000,19738
16,1000,21050
16,1000,19527
16,1000,19547
16,1000,19486
16,1000,19998
16,1000,19406
16,1000,19617
16,1000,19547
16,1000,19547
16,1000,19447
16,1000,19897
16,1000,20579
16,1000,19678
16,1000,19397
16,1000,19296
16,1000,19407
16,1000,19447
16,1000,19437
16,1000,19397
16,1000,19396
16,1000,19387
16,1000,19457
16,1000,20799
16,1000,21000
16,1000,22462
16,1000,19627
16,1000,19396
16,1000,19507
16,1000,19476
16,1000,19456
16,1000,19397
16,1000,19527
16,1000,19396
16,1000,21030
16,1000,19507
16,1000,19267
16,1000,20228
16,1000,21530
16,1000,19487
16,1000,19377
16,1000,19346
16,1000,19387
16,1000,19467
16,1000,20459
16,1000,19337
16,1000,19396
16,1000,19427
16,1000,19377
16,1000,19387
16,1000,19356
16,1000,19377
16,1000,19607
16,1000,19397
16,1000,19487
16,1000,21781
16,1000,69932
16,1000,105941
16,1000,24276
16,1000,22723
16,1000,23675
16,1000,23164
16,1000,25098
16,1000,34395
16,1000,37450
16,1000,41568
16,1000,35458
16,1000,37100
16,1000,41539
16,1000,34395
16,1000,37882
16,1000,46338
16,1000,34325
16,1000,23855
16,1000,20008
16,1000,19948
16,1000,20228
16,1000,20007
16,1000,19868
16,1000,20028
16,1000,19677
16,1000,20399
16,1000,24527
16,1000,19988
16,1000,19998
16,1000,20128
16,1000,19808
16,1000,19827
16,1000,19928
16,1000,20239
16,1000,26961
16,1000,19837
16,1000,23444
16,1000,20038
16,1000,20048
16,1000,20269
16,1000,19988
16,1000,20018
16,1000,20679
16,1000,19908
16,1000,19947
16,1000,19747
16,1000,20489
16,1000,23735
16,1000,19908
16,1000,19778
16,1000,19868
16,1000,19867
16,1000,20028
16,1000,20098
16,1000,19868
16,1000,19938
16,1000,20068
16,1000,19858
16,1000,22813
16,1000,19827
16,1000,20118
16,1000,19828
16,1000,19867
16,1000,19677
16,1000,19807
16,1000,19787
16,1000,19667
16,1000,19927
16,1000,20159
16,1000,86444
16,1000,103596
16,1000,24536
16,1000,24527
16,1000,25889
16,1000,23895
16,1000,20218
16,1000,20569
16,1000,20939
16,1000,21340
16,1000,20298
16,1000,21410
16,1000,21461
16,1000,20599
16,1000,20739
16,1000,20659
16,1000,21120
16,1000,20488
16,1000,20529
16,1000,20408
17,1000,34996
17,1000,33514
17,1000,37411
17,1000,31881
17,1000,31971
17,1000,32962
17,1000,33404
17,1000,32711
17,1000,36118
17,1000,32261
17,1000,32882
17,1000,32872
17,1000,32732
17,1000,32582
17,1000,31540
17,1000,35557
17,1000,31841
17,1000,31499
17,1000,31670
17,1000,32301
17,1000,31780
17,1000,35808
17,1000,34986
17,1000,33353
17,1000,36309
17,1000,35327
17,1000,32632
17,1000,35888
17,1000,153621
17,1000,80382
17,1000,36439
17,1000,37201
17,1000,37451
17,1000,31920
17,1000,33984
17,1000,31730
17,1000,31790
17,1000,32101
17,1000,36610
17,1000,31529
17,1000,31730
17,1000,31630
17,1000,31710
17,1000,31419
17,1000,35798
17,1000,31600
17,1000,31991
17,1000,31379
17,1000,31189
17,1000,31269
17,1000,34656
17,1000,31169
17,1000,31640
17,1000,31490
17,1000,31520
17,1000,31610
17,1000,31169
17,1000,35297
17,1000,31489
17,1000,31470
17,1000,31579
17,1000,34615
17,1000,31750
17,1000,34135
17,1000,31710
17,1000,31520
17,1000,31831
17,1000,31549
17,1000,98908
17,1000,125308
17,1000,36579
17,1000,37270
17,1000,41157
17,1000,57839
17,1000,31881
17,1000,32131
17,1000,31669
17,1000,32301
17,1000,31900
17,1000,37321
17,1000,31650
17,1000,31630
17,1000,32281
17,1000,32311
17,1000,31539
17,1000,36309
17,1000,31690
17,1000,32281
17,1000,31790
17,1000,31399
17,1000,31199
17,1000,31409
17,1000,35427
17,1000,31850
17,1000,31760
17,1000,31800
17,1000,31420
17,1000,37992
17,1000,42981
17,1000,31700
17,1000,31460
17,1000,31369
17,1000,31409
17,1000,31800
17,1000,34566
17,1000,31780
17,1000,31400
17,1000,31469
17,1000,31800
17,1000,217843
17,1000,32421
17,1000,32893
17,1000,75112
17,1000,65213
17,1000,61767
17,1000,70664
17,1000,63640
17,1000,60044
17,1000,34926
17,1000,31931
17,1000,30818
17,1000,30788
17,1000,30849
17,1000,30689
17,1000,30708
17,1000,31580
17,1000,30708
17,1000,31028
17,1000,30748
17,1000,30598
17,1000,30458
17,1000,30557
17,1000,31510
17,1000,31058
17,1000,30628
17,1000,30548
17,1000,30638
17,1000,30497
17,1000,36840
17,1000,30648
17,1000,30547
17,1000,30447
17,1000,30678
17,1000,30377
17,1000,31650
17,1000,32792
17,1000,33003
17,1000,30487
17,1000,30758
17,1000,168529
17,1000,37150
17,1000,36419
17,1000,40076
17,1000,57649
17,1000,49193
17,1000,32221
17,1000,31900
17,1000,31750
17,1000,33133
17,1000,37371
17,1000,31830
17,1000,31770
17,1000,31830
17,1000,32472
17,1000,36128
17,1000,31460
17,1000,34235
17,1000,32572
17,1000,31771
17,1000,32261
17,1000,36088
17,1000,31630
17,1000,31680
17,1000,31569
17,1000,31380
17,1000,31780
17,1000,31299
17,1000,35567
17,1000,31780
17,1000,31399
17,1000,31650
17,1000,31670
17,1000,31489
17,1000,34426
17,1000,36119
17,1000,36680
17,1000,30888
17,1000,36399
17,1000,35988
17,1000,199528
17,1000,54112
17,1000,40587
17,1000,32642
17,1000,32402
17,1000,32581
17,1000,39905
17,1000,34455
17,1000,33022
17,1000,33113
17,1000,32702
17,1000,33213
17,1000,33664
17,1000,33162
17,1000,39245
17,1000,36459
17,1000,32001
17,1000,32762
17,1000,32061
17,1000,32000
17,1000,31960
17,1000,37431
17,1000,32772
17,1000,31730
17,1000,32191
17,1000,31710
17,1000,31600
17,1000,32231
17,1000,35256
17,1000,31801
17,1000,31290
17,1000,31530
17,1000,31970
17,1000,31710
17,1000,35437
17,1000,31790
17,1000,31670
17,1000,31670
17,1000,31880
17,1000,37591
17,1000,200540
17,1000,38993
17,1000,36920
17,1000,37361
17,1000,73709
17,1000,63721
17,1000,60885
17,1000,65674
17,1000,68330
17,1000,63510
17,1000,36810
17,1000,31680
17,1000,31439
17,1000,31420
17,1000,40146
17,1000,31440
17,1000,35837
17,1000,31350
17,1000,31520
17,1000,31790
17,1000,31750
17,1000,33443
17,1000,40336
17,1000,31500
17,1000,32031
17,1000,31619
17,1000,31280
17,1000,31229
17,1000,31971
17,1000,34956
17,1000,31880
17,1000,31240
17,1000,31670
17,1000,31640
17,1000,31690
17,1000,34465
17,1000,31910
17,1000,31370
17,1000,31760
17,1000,36930
17,1000,181023
17,1000,40426
17,1000,38463
17,1000,38734
17,1000,42580
17,1000,32101
17,1000,31741
17,1000,32061
17,1000,32812
17,1000,32291
17,1000,32211
17,1000,36419
17,1000,32100
17,1000,32362
17,1000,32431
17,1000,31840
17,1000,31620
17,1000,36048
17,1000,31380
17,1000,32221
17,1000,39175
17,1000,31289
17,1000,31430
17,1000,34946
17,1000,31429
17,1000,32161
17,1000,32081
17,1000,31750
17,1000,31399
17,1000,31309
17,1000,34505
17,1000,31680
17,1000,37100
17,1000,38533
17,1000,39595
17,1000,35617
17,1000,41809
17,1000,60064
17,1000,57449
17,1000,35417
17,1000,194047
17,1000,34495
17,1000,33364
17,1000,42130
17,1000,66686
17,1000,60745
17,1000,64242
17,1000,69291
17,1000,60454
17,1000,33573
17,1000,33344
17,1000,33273
17,1000,33414
17,1000,32652
17,1000,32101
17,1000,32491
17,1000,33764
17,1000,31319
17,1000,31791
17,1000,37841
17,1000,30929
17,1000,32151
17,1000,33514
17,1000,31440
17,1000,31430
17,1000,31170
17,1000,36319
17,1000,31700
17,1000,32271
17,1000,32261
17,1000,31730
17,1000,34505
17,1000,31940
17,1000,31480
17,1000,31089
17,1000,32502
17,1000,31530
17,1000,31590
17,1000,31340
17,1000,31119
17,1000,168248
17,1000,40617
17,1000,36719
17,1000,37421
17,1000,41759
17,1000,32822
17,1000,31871
17,1000,32301
17,1000,34615
17,1000,31800
17,1000,31710
17,1000,36409
17,1000,31410
17,1000,31359
17,1000,32191
17,1000,31570
17,1000,31439
17,1000,35808
17,1000,31470
17,1000,31429
17,1000,31951
17,1000,31149
17,1000,31260
17,1000,35578
17,1000,31350
17,1000,52169
17,1000,35306
17,1000,32752
17,1000,33073
17,1000,33033
17,1000,33824
17,1000,31229
17,1000,36439
17,1000,31760
17,1000,31800
17,1000,31840
17,1000,39385
17,1000,31830
17,1000,31690
17,1000,31210
17,1000,171445
17,1000,34345
17,1000,35377
17,1000,32602
17,1000,34575
17,1000,52098
17,1000,31590
17,1000,31039
17,1000,30798
17,1000,31640
17,1000,31951
17,1000,32541
17,1000,31139
17,1000,34075
17,1000,34846
17,1000,31509
17,1000,31400
17,1000,32231
17,1000,31290
17,1000,32020
17,1000,31269
17,1000,31430
17,1000,30949
17,1000,31119
17,1000,33002
17,1000,32091
17,1000,30708
17,1000,30517
17,1000,30698
17,1000,30547
17,1000,31760
17,1000,38433
17,1000,30548
17,1000,30538
17,1000,30768
17,1000,30398
17,1000,32351
17,1000,31119
17,1000,31360
17,1000,40236
17,1000,123554
17,1000,34926
17,1000,37692
17,1000,38282
17,1000,39495
17,1000,33202
17,1000,36499
17,1000,30989
17,1000,31359
17,1000,31250
17,1000,31280
17,1000,39766
17,1000,35638
17,1000,31159
17,1000,31349
17,1000,31049
17,1000,31539
17,1000,31079
17,1000,31019
17,1000,40637
17,1000,32411
17,1000,31480
17,1000,31620
17,1000,31340
17,1000,31380
17,1000,35597
17,1000,31610
17,1000,31449
17,1000,31209
17,1000,31529
17,1000,31399
17,1000,35137
17,1000,31400
17,1000,31349
17,1000,31289
17,1000,30978
17,1000,31269
17,1000,38463
17,1000,33924
17,1000,31279
17,1000,35888
17,1000,171275
17,1000,37481
17,1000,37241
17,1000,36329
17,1000,35828
17,1000,31880
17,1000,31580
17,1000,36579
17,1000,32853
17,1000,31931
17,1000,31460
17,1000,31589
17,1000,31560
17,1000,36118
17,1000,31720
17,1000,31490
17,1000,41289
17,1000,31500
17,1000,31540
17,1000,35698
17,1000,31509
17,1000,31460
17,1000,31700
17,1000,31209
17,1000,35858
17,1000,31259
17,1000,35187
17,1000,31619
17,1000,31400
17,1000,31570
17,1000,31539
17,1000,31510
17,1000,34595
17,1000,31510
17,1000,31620
17,1000,31670
17,1000,31560
17,1000,31059
17,1000,34345
17,1000,31450
17,1000,198887
17,1000,37261
17,1000,37310
17,1000,45005
17,1000,78008
17,1000,65694
17,1000,62228
17,1000,66766
17,1000,69852
17,1000,41859
17,1000,31910
17,1000,31761
17,1000,31590
17,1000,31770
17,1000,37691
17,1000,36620
17,1000,31590
17,1000,48532
17,1000,32492
17,1000,31770
17,1000,36018
17,1000,31550
17,1000,31540
17,1000,31690
17,1000,35638
17,1000,31771
17,1000,31540
17,1000,35418
17,1000,31510
17,1000,31510
17,1000,31860
17,1000,31610
17,1000,31800
17,1000,34686
17,1000,39374
17,1000,32832
17,1000,31549
17,1000,31740
17,1000,31340
17,1000,32913
17,1000,187665
17,1000,36309
17,1000,33012
17,1000,32391
17,1000,34275
17,1000,33964
17,1000,31500
17,1000,32402
17,1000,30889
17,1000,30508
17,1000,30558
17,1000,30608
17,1000,30748
17,1000,30638
17,1000,31880
17,1000,30568
17,1000,30658
17,1000,30638
17,1000,30968
17,1000,30938
17,1000,31690
17,1000,30518
17,1000,30488
17,1000,41599
17,1000,30898
17,1000,30648
17,1000,31590
17,1000,30698
17,1000,30487
17,1000,30378
17,1000,31250
17,1000,31069
17,1000,30267
17,1000,31710
17,1000,30538
17,1000,31720
17,1000,33013
17,1000,30758
17,1000,30638
17,1000,36299
17,1000,158290
17,1000,31801
17,1000,32211
17,1000,32782
17,1000,31220
17,1000,41198
17,1000,31139
17,1000,32181
17,1000,30908
17,1000,30367
17,1000,30227
17,1000,30388
17,1000,30488
17,1000,36229
17,1000,33824
17,1000,30457
17,1000,30428
17,1000,30779
17,1000,30517
17,1000,30929
17,1000,31429
17,1000,30468
17,1000,30417
17,1000,30708
17,1000,30598
17,1000,30618
17,1000,31439
17,1000,30588
17,1000,30427
17,1000,30408
17,1000,30518
17,1000,38172
17,1000,30518
17,1000,31520
17,1000,30377
17,1000,30518
17,1000,30458
17,1000,30598
17,1000,30548
17,1000,34105
17,1000,178638
17,1000,36088
17,1000,35737
17,1000,37030
17,1000,40486
17,1000,31479
17,1000,31720
17,1000,40276
17,1000,31569
17,1000,37090
17,1000,31870
17,1000,31530
17,1000,43152
17,1000,32141
17,1000,31670
17,1000,35808
17,1000,31239
17,1000,38072
17,1000,36980
17,1000,34295
17,1000,36710
17,1000,38362
17,1000,33844
17,1000,31931
17,1000,31610
17,1000,31420
17,1000,31239
17,1000,31470
17,1000,34816
17,1000,31279
17,1000,31440
17,1000,31520
17,1000,31369
17,1000,31900
17,1000,33203
17,1000,31780
17,1000,39896
17,1000,31820
17,1000,32201
17,1000,31730
17,1000,160875
17,1000,33434
17,1000,34335
17,1000,70724
17,1000,60194
17,1000,64422
17,1000,63250
17,1000,59854
17,1000,49584
17,1000,31109
17,1000,31500
17,1000,31489
17,1000,31580
17,1000,42150
17,1000,31399
17,1000,32712
17,1000,30598
17,1000,30979
17,1000,30929
17,1000,30608
17,1000,30838
17,1000,30628
17,1000,32000
17,1000,31089
17,1000,30558
17,1000,30457
17,1000,30468
17,1000,30477
17,1000,31660
17,1000,30718
17,1000,30498
17,1000,30518
17,1000,30628
17,1000,30517
17,1000,31460
17,1000,30437
17,1000,30738
17,1000,30408
17,1000,30377
17,1000,34656
17,1000,111742
17,1000,126890
17,1000,62839
17,1000,35768
17,1000,36339
17,1000,39666
17,1000,32371
17,1000,31720
17,1000,31319
17,1000,31580
17,1000,32432
17,1000,31680
17,1000,31710
17,1000,31600
17,1000,33102
17,1000,38373
17,1000,31549
17,1000,31730
17,1000,44995
17,1000,31400
17,1000,31951
17,1000,32010
17,1000,31520
17,1000,31369
17,1000,35798
17,1000,31319
17,1000,34004
17,1000,36499
17,1000,31790
17,1000,31630
17,1000,31760
17,1000,35176
17,1000,31851
17,1000,31900
17,1000,31339
17,1000,31179
17,1000,34836
17,1000,34495
17,1000,31069
17,1000,31089
17,1000,31139
17,1000,191342
17,1000,38573
17,1000,37020
17,1000,38673
17,1000,34816
17,1000,32011
17,1000,37010
17,1000,31450
17,1000,31990
17,1000,31930
17,1000,31660
17,1000,31961
17,1000,36529
17,1000,31940
17,1000,31620
17,1000,31560
17,1000,31691
17,1000,31640
17,1000,35778
17,1000,32161
17,1000,31690
17,1000,31830
17,1000,31439
17,1000,38974
17,1000,31469
17,1000,35087
17,1000,31249
17,1000,31509
17,1000,31329
17,1000,31650
17,1000,32452
17,1000,40076
17,1000,31519
17,1000,31550
17,1000,31429
17,1000,31470
17,1000,31459
17,1000,34646
17,1000,31510
17,1000,31409
17,1000,215909
17,1000,42150
17,1000,55735
17,1000,61566
17,1000,62318
17,1000,64181
17,1000,60344
17,1000,53281
17,1000,31790
17,1000,31470
17,1000,32061
17,1000,31530
17,1000,32682
17,1000,32261
17,1000,36540
17,1000,31580
17,1000,32411
17,1000,31790
17,1000,31880
17,1000,31840
17,1000,35858
17,1000,31579
17,1000,32792
17,1000,31960
17,1000,38653
17,1000,32562
17,1000,34876
17,1000,31810
17,1000,32782
17,1000,32732
17,1000,31690
17,1000,31079
17,1000,31420
17,1000,34235
17,1000,31530
17,1000,31800
17,1000,31941
17,1000,31239
17,1000,31570
17,1000,34315
17,1000,194869
17,1000,40848
17,1000,37912
17,1000,73039
17,1000,31490
17,1000,31720
17,1000,31450
17,1000,31479
17,1000,31961
17,1000,32802
17,1000,32001
17,1000,31860
17,1000,32232
17,1000,31700
17,1000,31700
17,1000,36359
17,1000,31760
17,1000,31199
17,1000,32381
17,1000,31400
17,1000,31590
17,1000,35457
17,1000,31269
17,1000,31229
17,1000,31510
17,1000,31750
17,1000,31669
17,1000,31330
17,1000,35327
17,1000,31440
17,1000,31770
17,1000,31660
17,1000,31369
17,1000,31339
17,1000,34836
17,1000,36589
17,1000,34555
17,1000,31309
17,1000,31509
17,1000,36188
17,1000,173709
17,1000,31830
17,1000,34806
17,1000,37922
17,1000,31630
17,1000,30678
17,1000,30778
17,1000,30608
17,1000,30548
17,1000,32342
17,1000,36879
17,1000,30658
17,1000,30688
17,1000,30608
17,1000,30618
17,1000,31560
17,1000,30649
17,1000,30468
17,1000,30498
17,1000,31649
17,1000,30518
17,1000,30408
17,1000,31360
17,1000,30628
17,1000,30638
17,1000,30768
17,1000,30508
17,1000,30578
17,1000,31760
17,1000,30477
17,1000,30588
17,1000,30798
17,1000,30508
17,1000,30498
17,1000,33082
17,1000,30879
17,1000,35728
17,1000,30879
17,1000,30628
17,1000,30809
17,1000,241878
17,1000,89740
17,1000,88157
17,1000,87376
17,1000,87816
17,1000,92265
17,1000,101943
17,1000,86243
17,1000,36970
17,1000,32231
17,1000,32181
17,1000,32351
17,1000,34054
17,1000,41739
17,1000,32001
17,1000,31810
17,1000,31690
17,1000,32051
17,1000,31740
17,1000,36159
17,1000,31710
17,1000,32070
17,1000,31680
17,1000,32321
17,1000,32531
17,1000,34596
17,1000,32021
17,1000,32772
17,1000,31921
17,1000,31701
17,1000,31871
17,1000,31460
17,1000,34816
17,1000,31690
17,1000,31780
17,1000,31760
17,1000,32712
17,1000,31540
17,1000,34977
17,1000,32692
17,1000,190922
17,1000,32471
17,1000,51517
17,1000,72707
17,1000,64662
17,1000,60154
17,1000,74972
17,1000,63230
17,1000,53542
17,1000,31740
17,1000,31619
17,1000,31320
17,1000,31459
17,1000,32211
17,1000,32201
17,1000,30488
17,1000,30638
17,1000,31019
17,1000,32942
17,1000,30728
17,1000,31499
17,1000,30568
17,1000,30668
17,1000,30528
17,1000,31069
17,1000,30588
17,1000,31350
17,1000,30638
17,1000,30719
17,1000,30659
17,1000,30689
17,1000,41299
17,1000,35507
17,1000,34516
17,1000,30688
17,1000,30638
17,1000,30658
17,1000,30738
17,1000,31129
17,1000,32131
17,1000,176053
17,1000,32392
17,1000,57278
17,1000,47019
17,1000,45156
17,1000,45626
17,1000,37280
17,1000,31710
17,1000,41418
18,1000,21420
18,1000,30668
18,1000,19907
18,1000,19758
18,1000,19988
18,1000,19988
18,1000,20038
18,1000,20108
18,1000,20559
18,1000,20599
18,1000,19477
18,1000,19497
18,1000,19547
18,1000,19427
18,1000,19487
18,1000,19497
18,1000,19436
18,1000,19557
18,1000,19898
18,1000,20399
18,1000,19487
18,1000,19497
18,1000,19837
18,1000,19647
18,1000,19317
18,1000,19517
18,1000,19457
18,1000,19507
18,1000,19767
18,1000,19477
18,1000,20398
18,1000,19587
18,1000,19657
18,1000,19477
18,1000,19397
18,1000,19397
18,1000,19517
18,1000,19407
18,1000,26500
18,1000,19698
18,1000,19397
18,1000,20429
18,1000,19427
18,1000,19406
18,1000,19507
18,1000,19237
18,1000,20529
18,1000,19908
18,1000,19708
18,1000,22532
18,1000,30928
18,1000,33313
18,1000,82617
18,1000,30568
18,1000,21240
18,1000,20309
18,1000,22243
18,1000,19728
18,1000,19948
18,1000,19678
18,1000,19527
18,1000,19477
18,1000,19537
18,1000,19688
18,1000,19908
18,1000,19648
18,1000,19477
18,1000,19497
18,1000,19467
18,1000,19587
18,1000,31259
18,1000,19467
18,1000,19987
18,1000,19547
18,1000,19527
18,1000,19547
18,1000,19618
18,1000,19627
18,1000,20268
18,1000,19326
18,1000,19156
18,1000,19236
18,1000,19617
18,1000,23114
18,1000,19327
18,1000,19237
18,1000,19217
18,1000,19227
18,1000,20268
18,1000,19006
18,1000,19217
18,1000,19307
18,1000,19237
18,1000,19367
18,1000,19286
18,1000,19787
18,1000,19207
18,1000,19357
18,1000,19177
18,1000,20228
18,1000,19226
18,1000,19176
18,1000,19197
18,1000,19267
18,1000,19126
18,1000,19316
18,1000,19106
18,1000,30418
18,1000,19137
18,1000,19156
18,1000,19867
18,1000,19257
18,1000,19156
18,1000,19166
18,1000,19367
18,1000,19427
18,1000,19497
18,1000,19367
18,1000,22152
18,1000,21520
18,1000,26821
18,1000,84911
18,1000,132210
18,1000,27212
18,1000,25989
18,1000,26891
18,1000,24977
18,1000,23485
18,1000,23625
18,1000,22863
18,1000,21471
18,1000,20309
18,1000,20168
18,1000,19847
18,1000,20108
18,1000,19988
18,1000,30788
18,1000,25829
18,1000,20229
18,1000,20459
18,1000,20549
18,1000,21000
18,1000,20859
18,1000,21550
18,1000,23665
18,1000,24627
18,1000,20409
18,1000,20468
18,1000,24537
18,1000,20278
18,1000,22222
18,1000,20289
18,1000,20098
18,1000,19998
18,1000,19907
18,1000,20719
18,1000,20609
18,1000,20118
18,1000,19838
18,1000,24507
18,1000,20158
18,1000,19727
18,1000,19807
18,1000,19617
18,1000,19737
18,1000,19997
18,1000,19837
18,1000,20459
18,1000,19798
18,1000,19938
18,1000,23295
18,1000,27192
18,1000,19787
18,1000,19928
18,1000,19798
18,1000,19437
18,1000,19637
18,1000,19678
18,1000,19808
18,1000,19827
18,1000,22212
18,1000,19667
18,1000,19777
18,1000,19607
18,1000,20189
18,1000,19647
18,1000,20098
18,1000,19877
18,1000,19707
18,1000,80492
18,1000,107464
18,1000,26971
18,1000,22994
18,1000,22493
18,1000,27181
18,1000,26350
18,1000,20278
18,1000,19888
18,1000,20048
18,1000,19617
18,1000,19958
18,1000,27182
18,1000,20228
18,1000,19987
18,1000,19958
18,1000,19848
18,1000,24436
18,1000,19997
18,1000,20028
18,1000,19887
18,1000,20388
18,1000,20018
18,1000,20048
18,1000,19757
18,1000,19907
18,1000,19888
18,1000,19758
18,1000,24296
18,1000,19757
18,1000,19847
18,1000,20509
18,1000,19958
18,1000,19808
18,1000,20098
18,1000,19647
18,1000,19867
18,1000,20288
18,1000,23955
18,1000,19587
18,1000,19848
18,1000,19977
18,1000,19848
18,1000,23835
18,1000,22152
18,1000,22963
18,1000,19877
18,1000,19928
18,1000,25078
18,1000,23214
18,1000,19928
18,1000,20229
18,1000,19687
18,1000,19687
18,1000,19777
18,1000,19567
18,1000,19507
18,1000,19727
18,1000,19437
18,1000,19356
18,1000,23404
18,1000,20088
18,1000,20218
18,1000,19717
18,1000,19727
18,1000,19998
18,1000,20218
18,1000,22783
18,1000,19697
18,1000,109919
18,1000,83819
18,1000,23123
18,1000,23104
18,1000,24797
18,1000,24236
18,1000,29275
18,1000,20158
18,1000,20028
18,1000,30418
18,1000,23695
18,1000,20379
18,1000,19857
18,1000,20669
18,1000,20228
18,1000,20268
18,1000,19807
18,1000,24436
18,1000,19837
18,1000,20038
18,1000,19757
18,1000,20599
18,1000,21741
18,1000,20318
18,1000,20188
18,1000,20188
18,1000,19827
18,1000,19757
18,1000,24477
18,1000,20108
18,1000,20399
18,1000,20780
18,1000,19938
18,1000,20469
18,1000,19837
18,1000,19867
18,1000,20178
18,1000,19847
18,1000,23965
18,1000,19908
18,1000,19937
18,1000,20399
18,1000,19918
18,1000,20048
18,1000,20259
18,1000,26150
18,1000,19858
18,1000,20068
18,1000,19567
18,1000,23254
18,1000,19917
18,1000,20369
18,1000,20068
18,1000,20048
18,1000,19868
18,1000,20078
18,1000,20238
18,1000,19918
18,1000,20058
18,1000,19948
18,1000,22793
18,1000,20119
18,1000,19938
18,1000,19988
18,1000,20058
18,1000,19988
18,1000,19968
18,1000,20268
18,1000,81233
18,1000,120739
18,1000,23305
18,1000,22844
18,1000,22723
18,1000,23114
18,1000,44124
18,1000,38052
18,1000,43442
18,1000,37681
18,1000,40156
18,1000,36709
18,1000,36589
18,1000,40657
18,1000,36369
18,1000,39865
18,1000,24607
18,1000,20830
18,1000,20740
18,1000,20509
18,1000,20388
18,1000,20429
18,1000,20199
18,1000,20569
18,1000,20759
18,1000,20278
18,1000,20098
18,1000,24056
18,1000,20028
18,1000,20008
18,1000,19918
18,1000,19768
18,1000,20539
18,1000,19948
18,1000,19887
18,1000,20178
18,1000,26170
18,1000,20008
18,1000,24106
18,1000,19888
18,1000,20018
18,1000,20449
18,1000,19928
18,1000,19858
18,1000,20089
18,1000,21521
18,1000,19988
18,1000,19947
18,1000,19968
18,1000,27633
18,1000,19848
18,1000,20218
18,1000,20068
18,1000,19928
18,1000,19857
18,1000,19948
18,1000,19967
18,1000,19888
18,1000,19797
18,1000,23414
18,1000,19777
18,1000,20008
18,1000,20149
18,1000,19958
18,1000,20008
18,1000,20449
18,1000,19426
18,1000,19918
18,1000,19817
18,1000,135847
18,1000,26470
18,1000,25117
18,1000,25528
18,1000,26701
18,1000,20900
18,1000,19567
18,1000,19357
18,1000,19767
18,1000,21991
18,1000,20559
18,1000,19608
18,1000,19447
18,1000,19467
18,1000,19367
18,1000,19407
18,1000,20389
18,1000,19447
18,1000,19477
18,1000,20098
18,1000,19527
18,1000,19297
18,1000,19416
18,1000,19367
18,1000,19417
18,1000,19457
18,1000,19346
18,1000,20248
18,1000,19417
18,1000,21430
18,1000,27763
18,1000,25629
18,1000,40136
18,1000,19647
18,1000,19377
18,1000,19477
18,1000,19417
18,1000,20368
18,1000,19347
18,1000,19557
18,1000,19657
18,1000,19457
18,1000,19256
18,1000,19547
18,1000,19817
18,1000,22602
18,1000,19396
18,1000,19477
18,1000,20388
18,1000,19437
18,1000,19497
18,1000,19486
18,1000,19367
18,1000,19466
18,1000,19427
18,1000,19326
18,1000,19437
18,1000,19356
18,1000,21030
18,1000,20630
18,1000,22954
18,1000,20159
18,1000,23234
18,1000,21160
18,1000,20058
18,1000,19637
18,1000,22022
18,1000,19978
18,1000,182876
18,1000,20589
18,1000,21401
18,1000,56287
18,1000,20479
18,1000,24156
18,1000,26791
18,1000,24376
18,1000,24336
18,1000,24306
18,1000,24366
18,1000,24306
18,1000,24647
18,1000,25819
18,1000,24266
18,1000,24487
18,1000,24596
18,1000,24456
18,1000,24096
18,1000,24366
18,1000,24627
18,1000,24286
18,1000,24326
18,1000,24456
18,1000,34305
18,1000,24837
18,1000,24246
18,1000,24336
18,1000,24416
18,1000,24236
18,1000,25017
18,1000,24366
18,1000,24306
18,1000,25087
18,1000,26390
18,1000,22292
18,1000,21170
18,1000,21982
18,1000,22262
18,1000,20218
18,1000,19437
18,1000,19767
18,1000,19517
18,1000,19447
18,1000,19487
18,1000,19537
18,1000,21260
18,1000,19657
18,1000,19968
18,1000,19657
18,1000,19778
18,1000,19938
18,1000,19757
18,1000,19417
18,1000,19466
18,1000,19557
18,1000,21861
18,1000,19627
18,1000,28324
18,1000,23274
18,1000,21371
18,1000,22773
18,1000,21550
18,1000,19637
18,1000,19747
18,1000,19747
18,1000,19757
18,1000,22072
18,1000,95361
18,1000,35968
18,1000,60565
18,1000,21080
18,1000,22803
18,1000,20690
18,1000,43974
18,1000,37801
18,1000,42720
18,1000,27181
18,1000,19898
18,1000,19958
18,1000,21540
18,1000,23024
18,1000,22853
18,1000,20208
18,1000,20098
18,1000,30538
18,1000,23084
18,1000,19618
18,1000,19738
18,1000,20007
18,1000,20249
18,1000,19948
18,1000,20478
18,1000,21200
18,1000,19878
18,1000,20819
18,1000,19697
18,1000,20068
18,1000,19477
18,1000,20138
18,1000,19617
18,1000,19847
18,1000,19888
18,1000,20800
18,1000,19667
18,1000,19366
18,1000,20509
18,1000,19718
18,1000,19537
18,1000,19577
18,1000,19707
18,1000,19417
18,1000,20008
18,1000,19908
18,1000,19567
18,1000,19737
18,1000,19637
18,1000,20679
18,1000,19738
18,1000,19617
18,1000,19557
18,1000,24807
18,1000,21431
18,1000,19787
18,1000,19908
18,1000,19637
18,1000,19296
18,1000,20920
18,1000,19537
18,1000,19717
18,1000,19768
18,1000,19718
18,1000,19577
18,1000,19557
18,1000,19547
18,1000,21931
18,1000,70984
18,1000,45596
18,1000,112062
18,1000,24907
18,1000,25088
18,1000,25959
18,1000,24897
18,1000,20810
18,1000,19607
18,1000,20408
18,1000,19658
18,1000,19497
18,1000,19517
18,1000,19457
18,1000,30859
18,1000,22824
18,1000,24216
18,1000,19998
18,1000,19367
18,1000,19367
18,1000,19476
18,1000,19888
18,1000,19507
18,1000,19587
18,1000,19767
18,1000,19677
18,1000,19607
18,1000,20499
18,1000,22723
18,1000,21901
18,1000,22092
18,1000,21971
18,1000,22733
18,1000,21049
18,1000,19217
18,1000,19968
18,1000,19597
18,1000,19647
18,1000,20368
18,1000,19367
18,1000,19356
18,1000,19447
18,1000,19557
18,1000,19507
18,1000,19517
18,1000,19577
18,1000,19768
18,1000,19417
18,1000,20318
18,1000,19457
18,1000,27852
18,1000,23174
18,1000,19567
18,1000,19627
18,1000,19427
18,1000,19287
18,1000,19718
18,1000,19406
18,1000,19537
18,1000,20549
18,1000,19397
18,1000,19487
18,1000,19397
18,1000,19346
18,1000,19397
18,1000,19467
18,1000,19537
18,1000,19837
18,1000,19367
18,1000,73870
18,1000,86193
18,1000,23444
18,1000,23274
18,1000,23926
18,1000,23675
18,1000,24617
18,1000,21320
18,1000,20659
18,1000,20018
18,1000,20258
18,1000,20278
18,1000,28694
18,1000,24015
18,1000,20699
18,1000,20228
18,1000,25168
18,1000,19998
18,1000,20028
18,1000,20148
18,1000,20138
18,1000,20218
18,1000,20459
18,1000,20168
18,1000,20289
18,1000,20418
18,1000,19867
18,1000,24637
18,1000,20027
18,1000,20118
18,1000,19788
18,1000,20198
18,1000,20970
18,1000,20358
18,1000,20188
18,1000,20318
18,1000,20449
18,1000,20409
18,1000,24566
18,1000,20329
18,1000,20569
18,1000,20519
18,1000,20739
18,1000,20388
18,1000,20008
18,1000,20710
18,1000,21371
18,1000,19918
18,1000,31670
18,1000,26680
18,1000,21461
18,1000,19797
18,1000,20429
18,1000,20159
18,1000,20078
18,1000,19958
18,1000,20038
18,1000,19768
18,1000,19898
18,1000,22993
18,1000,20248
18,1000,20980
18,1000,20379
18,1000,20149
18,1000,20259
18,1000,23965
18,1000,23033
18,1000,19807
18,1000,66426
18,1000,53782
18,1000,48282
18,1000,20769
18,1000,20159
18,1000,19887
18,1000,30608
18,1000,40076
18,1000,38583
18,1000,45606
18,1000,41709
18,1000,38453
18,1000,41308
18,1000,38323
18,1000,37811
18,1000,24026
18,1000,19888
18,1000,21110
18,1000,23044
18,1000,22051
18,1000,20309
18,1000,20148
18,1000,20549
18,1000,21100
18,1000,21391
18,1000,21932
18,1000,22463
18,1000,21291
18,1000,19356
18,1000,19487
18,1000,20088
18,1000,19968
18,1000,19557
18,1000,19537
18,1000,19527
18,1000,19527
18,1000,19407
18,1000,19847
18,1000,20890
18,1000,19477
18,1000,30728
18,1000,22794
18,1000,19497
18,1000,19437
18,1000,19517
18,1000,19547
18,1000,19486
18,1000,19627
18,1000,19577
18,1000,20699
18,1000,19507
18,1000,19507
18,1000,19417
18,1000,19867
18,1000,19487
18,1000,19387
18,1000,19567
18,1000,19377
18,1000,19777
18,1000,19567
18,1000,20539
18,1000,19577
18,1000,19898
18,1000,19487
18,1000,19517
18,1000,19477
18,1000,19627
18,1000,19487
18,1000,19708
18,1000,76966
18,1000,101503
18,1000,31450
18,1000,22823
18,1000,23996
18,1000,33012
18,1000,50235
18,1000,37291
18,1000,40868
18,1000,36770
18,1000,36359
18,1000,41128
18,1000,36239
18,1000,39705
18,1000,36850
18,1000,21401
18,1000,20238
18,1000,20559
18,1000,20328
18,1000,20228
18,1000,20689
18,1000,20459
18,1000,21110
18,1000,20690
18,1000,20249
18,1000,24396
18,1000,20038
18,1000,20038
18,1000,20168
18,1000,20168
18,1000,20619
18,1000,20178
18,1000,20198
18,1000,20208
18,1000,19988
18,1000,19977
18,1000,24016
18,1000,19937
18,1000,20389
18,1000,20538
18,1000,20589
18,1000,20268
18,1000,20128
18,1000,19958
18,1000,20099
18,1000,20058
18,1000,20008
18,1000,24246
18,1000,19828
18,1000,20218
18,1000,19967
18,1000,20299
18,1000,20119
18,1000,20309
18,1000,20369
18,1000,20228
18,1000,20128
18,1000,23695
18,1000,20018
18,1000,20098
18,1000,19908
18,1000,19857
18,1000,19818
18,1000,20679
18,1000,20349
18,1000,20429
18,1000,19747
18,1000,29496
18,1000,77627
18,1000,122322
18,1000,26060
18,1000,25308
18,1000,25138
18,1000,43793
18,1000,20218
18,1000,20409
18,1000,20148
18,1000,33944
18,1000,43533
18,1000,38603
18,1000,40377
18,1000,20118
18,1000,20469
18,1000,19647
18,1000,19727
18,1000,19437
18,1000,20109
18,1000,19748
18,1000,19718
18,1000,19567
18,1000,19497
18,1000,19487
18,1000,30026
18,1000,20348
18,1000,19447
18,1000,19597
18,1000,19657
18,1000,19737
18,1000,19386
18,1000,20038
18,1000,19797
18,1000,19447
18,1000,19527
18,1000,20398
18,1000,19697
18,1000,19377
18,1000,19537
18,1000,20028
18,1000,19707
18,1000,19417
18,1000,19346
18,1000,19477
18,1000,19386
18,1000,19367
18,1000,20528
18,1000,19477
18,1000,19417
18,1000,19597
18,1000,19367
18,1000,19436
18,1000,19427
18,1000,19336
18,1000,19467
18,1000,19437
18,1000,19376
18,1000,20359
18,1000,19416
18,1000,19497
18,1000,19396
18,1000,19377
18,1000,31260
18,1000,19236
18,1000,19407
18,1000,19567
18,1000,19346
18,1000,19407
18,1000,24776
18,1000,92616
18,1000,25759
18,1000,27211
18,1000,28594
18,1000,23614
18,1000,20709
18,1000,19557
18,1000,19487
18,1000,19457
18,1000,19427
18,1000,19406
18,1000,19537
18,1000,19427
18,1000,20008
18,1000,19407
18,1000,20359
18,1000,19487
18,1000,19516
18,1000,19307
18,1000,19456
18,1000,19467
18,1000,19927
18,1000,19407
18,1000,19477
18,1000,28133
18,1000,19437
18,1000,20368
18,1000,19397
18,1000,19446
18,1000,19407
18,1000,19436
18,1000,19887
18,1000,19437
18,1000,19396
18,1000,19477
18,1000,19416
18,1000,20349
18,1000,19397
18,1000,19668
18,1000,21851
18,1000,21692
18,1000,19407
18,1000,19627
18,1000,19437
18,1000,19457
18,1000,19417
18,1000,19377
18,1000,20358
18,1000,19377
18,1000,19356
18,1000,19397
18,1000,20048
18,1000,19758
18,1000,19377
18,1000,19467
18,1000,19357
18,1000,19427
18,1000,19337
19,1000,20138
19,1000,19467
19,1000,19217
19,1000,19497
19,1000,31760
19,1000,19578
19,1000,19697
19,1000,20488
19,1000,19737
19,1000,20118
19,1000,72467
19,1000,85432
19,1000,24346
19,1000,25688
19,1000,24186
19,1000,22342
19,1000,21040
19,1000,19868
19,1000,19698
19,1000,19757
19,1000,19968
19,1000,19517
19,1000,19717
19,1000,19597
19,1000,19817
19,1000,20629
19,1000,19286
19,1000,19427
19,1000,19557
19,1000,19527
19,1000,19387
19,1000,19436
19,1000,19767
19,1000,19417
19,1000,19537
19,1000,28784
19,1000,20448
19,1000,19357
19,1000,20058
19,1000,20779
19,1000,19377
19,1000,20007
19,1000,20068
19,1000,19407
19,1000,19527
19,1000,19376
19,1000,20258
19,1000,19237
19,1000,19447
19,1000,19427
19,1000,22974
19,1000,19417
19,1000,19608
19,1000,19367
19,1000,19407
19,1000,19417
19,1000,19386
19,1000,20369
19,1000,19397
19,1000,19447
19,1000,19407
19,1000,19447
19,1000,19537
19,1000,19407
19,1000,19446
19,1000,19377
19,1000,19386
19,1000,19407
19,1000,19997
19,1000,19417
19,1000,19356
19,1000,19357
19,1000,19477
19,1000,19507
19,1000,19367
19,1000,19447
19,1000,19487
19,1000,19367
19,1000,19337
19,1000,147739
19,1000,25608
19,1000,28293
19,1000,38463
19,1000,38693
19,1000,34946
19,1000,41298
19,1000,20629
19,1000,20759
19,1000,20799
19,1000,21100
19,1000,20068
19,1000,19747
19,1000,19778
19,1000,19857
19,1000,19958
19,1000,19857
19,1000,19808
19,1000,20419
19,1000,20158
19,1000,19998
19,1000,27382
19,1000,19878
19,1000,20720
19,1000,19357
19,1000,19447
19,1000,19436
19,1000,19627
19,1000,19477
19,1000,19397
19,1000,19366
19,1000,19477
19,1000,19376
19,1000,19317
19,1000,20209
19,1000,19347
19,1000,19467
19,1000,19797
19,1000,20088
19,1000,22452
19,1000,21882
19,1000,19487
19,1000,19497
19,1000,19507
19,1000,19496
19,1000,20499
19,1000,19527
19,1000,19637
19,1000,19647
19,1000,19727
19,1000,19437
19,1000,19457
19,1000,19537
19,1000,19457
19,1000,19296
19,1000,19537
19,1000,20609
19,1000,19507
19,1000,19678
19,1000,19497
19,1000,19517
19,1000,19457
19,1000,20008
19,1000,19817
19,1000,19467
19,1000,19457
19,1000,20829
19,1000,63931
19,1000,119577
19,1000,24155
19,1000,23805
19,1000,27422
19,1000,21180
19,1000,21641
19,1000,20680
19,1000,21441
19,1000,22603
19,1000,20679
19,1000,21050
19,1000,19958
19,1000,20007
19,1000,20278
19,1000,20378
19,1000,20158
19,1000,20028
19,1000,20408
19,1000,20418
19,1000,20278
19,1000,26540
19,1000,20399
19,1000,19998
19,1000,19917
19,1000,24827
19,1000,19858
19,1000,19928
19,1000,19758
19,1000,19738
19,1000,20469
19,1000,19898
19,1000,20389
19,1000,19718
19,1000,19988
19,1000,20259
19,1000,25048
19,1000,19527
19,1000,20298
19,1000,20408
19,1000,21320
19,1000,22683
19,1000,22232
19,1000,20248
19,1000,19918
19,1000,20219
19,1000,20408
19,1000,24346
19,1000,20419
19,1000,20359
19,1000,20128
19,1000,20589
19,1000,20269
19,1000,19768
19,1000,20268
19,1000,20709
19,1000,20208
19,1000,29526
19,1000,20228
19,1000,20790
19,1000,19897
19,1000,19928
19,1000,20018
19,1000,20178
19,1000,20078
19,1000,20098
19,1000,21210
19,1000,20138
19,1000,25668
19,1000,108736
19,1000,52560
19,1000,27883
19,1000,23925
19,1000,23345
19,1000,26290
19,1000,21341
19,1000,20078
19,1000,20389
19,1000,20228
19,1000,20138
19,1000,20188
19,1000,20208
19,1000,20779
19,1000,20198
19,1000,25057
19,1000,20048
19,1000,20038
19,1000,19837
19,1000,25789
19,1000,20098
19,1000,20498
19,1000,20048
19,1000,20118
19,1000,19958
19,1000,20038
19,1000,24647
19,1000,20239
19,1000,19827
19,1000,20148
19,1000,19937
19,1000,20429
19,1000,20189
19,1000,19927
19,1000,20068
19,1000,20088
19,1000,20118
19,1000,23845
19,1000,20008
19,1000,20048
19,1000,20058
19,1000,20319
19,1000,20038
19,1000,20158
19,1000,20098
19,1000,20018
19,1000,20138
19,1000,20068
19,1000,24006
19,1000,19768
19,1000,19977
19,1000,20018
19,1000,19958
19,1000,20048
19,1000,20649
19,1000,28424
19,1000,19987
19,1000,19868
19,1000,23043
19,1000,20048
19,1000,20138
19,1000,20138
19,1000,19917
19,1000,20098
19,1000,20128
19,1000,20028
19,1000,20408
19,1000,20299
19,1000,89800
19,1000,36940
19,1000,31329
19,1000,31259
19,1000,30789
19,1000,34055
19,1000,28123
19,1000,24426
19,1000,24326
19,1000,24567
19,1000,29055
19,1000,24897
19,1000,24126
19,1000,32651
19,1000,29907
19,1000,25398
19,1000,23765
19,1000,23675
19,1000,23664
19,1000,23885
19,1000,25799
19,1000,24386
19,1000,24115
19,1000,23845
19,1000,24166
19,1000,24226
19,1000,25358
19,1000,22503
19,1000,19708
19,1000,19998
19,1000,19717
19,1000,19717
19,1000,20439
19,1000,20318
19,1000,20038
19,1000,20189
19,1000,20479
19,1000,20419
19,1000,21030
19,1000,19717
19,1000,19747
19,1000,19647
19,1000,19917
19,1000,19768
19,1000,19668
19,1000,19638
19,1000,19317
19,1000,31349
19,1000,24276
19,1000,19647
19,1000,19537
19,1000,19778
19,1000,19938
19,1000,20038
19,1000,19497
19,1000,19818
19,1000,19587
19,1000,19927
19,1000,20759
19,1000,19958
19,1000,20098
19,1000,19887
19,1000,19727
19,1000,19728
19,1000,22092
19,1000,22312
19,1000,19617
19,1000,19698
19,1000,19658
19,1000,85873
19,1000,31991
19,1000,23655
19,1000,24436
19,1000,23645
19,1000,23795
19,1000,23535
19,1000,26881
19,1000,34906
19,1000,24086
19,1000,20348
19,1000,20078
19,1000,19978
19,1000,20710
19,1000,20038
19,1000,21020
19,1000,25208
19,1000,20279
19,1000,20118
19,1000,20389
19,1000,20198
19,1000,20138
19,1000,19968
19,1000,20419
19,1000,20139
19,1000,20379
19,1000,23384
19,1000,24827
19,1000,19887
19,1000,20349
19,1000,20098
19,1000,19888
19,1000,20098
19,1000,20569
19,1000,20088
19,1000,20078
19,1000,20950
19,1000,20048
19,1000,23555
19,1000,19838
19,1000,20048
19,1000,20078
19,1000,20339
19,1000,19778
19,1000,29986
19,1000,23625
19,1000,20128
19,1000,20078
19,1000,20248
19,1000,23785
19,1000,19727
19,1000,19998
19,1000,20068
19,1000,20158
19,1000,20098
19,1000,19907
19,1000,19828
19,1000,20139
19,1000,20279
19,1000,23114
19,1000,20038
19,1000,19848
19,1000,20158
19,1000,19948
19,1000,19857
19,1000,20098
19,1000,20299
19,1000,20258
19,1000,74641
19,1000,98176
19,1000,23344
19,1000,25167
19,1000,22974
19,1000,22893
19,1000,40216
19,1000,33493
19,1000,20419
19,1000,20239
19,1000,20328
19,1000,20339
19,1000,20359
19,1000,20008
19,1000,20329
19,1000,20489
19,1000,22263
19,1000,26901
19,1000,20098
19,1000,19818
19,1000,20358
19,1000,20158
19,1000,20208
19,1000,20749
19,1000,21922
19,1000,23615
19,1000,21170
19,1000,20138
19,1000,24216
19,1000,20148
19,1000,20108
19,1000,20028
19,1000,19998
19,1000,20479
19,1000,20339
19,1000,19817
19,1000,19878
19,1000,19757
19,1000,20138
19,1000,24857
19,1000,19867
19,1000,23655
19,1000,24066
19,1000,20368
19,1000,21140
19,1000,19948
19,1000,20058
19,1000,20028
19,1000,20278
19,1000,20088
19,1000,23765
19,1000,20438
19,1000,19948
19,1000,20098
19,1000,19948
19,1000,19918
19,1000,20328
19,1000,20479
19,1000,20088
19,1000,20088
19,1000,23425
19,1000,20158
19,1000,20018
19,1000,21300
19,1000,19957
19,1000,20128
19,1000,20128
19,1000,19958
19,1000,20109
19,1000,103857
19,1000,21381
19,1000,20699
19,1000,34976
19,1000,30588
19,1000,21190
19,1000,19758
19,1000,19617
19,1000,19678
19,1000,20098
19,1000,19618
19,1000,19748
19,1000,19857
19,1000,20018
19,1000,19728
19,1000,19637
19,1000,20920
19,1000,19597
19,1000,19537
19,1000,19607
19,1000,19587
19,1000,19827
19,1000,19537
19,1000,19667
19,1000,19857
19,1000,19637
19,1000,19537
19,1000,20979
19,1000,19517
19,1000,19527
19,1000,19486
19,1000,19958
19,1000,19627
19,1000,19567
19,1000,19557
19,1000,19568
19,1000,19417
19,1000,20639
19,1000,19748
19,1000,26470
19,1000,23594
19,1000,20389
19,1000,19537
19,1000,19597
19,1000,19477
19,1000,19568
19,1000,19557
19,1000,19677
19,1000,20639
19,1000,19547
19,1000,19487
19,1000,19477
19,1000,19677
19,1000,19717
19,1000,19978
19,1000,19677
19,1000,19827
19,1000,19477
19,1000,19827
19,1000,20769
19,1000,19587
19,1000,19527
19,1000,19757
19,1000,19827
19,1000,19527
19,1000,19527
19,1000,19497
19,1000,19547
19,1000,75753
19,1000,86894
19,1000,20339
19,1000,28224
19,1000,23144
19,1000,20559
19,1000,19768
19,1000,19697
19,1000,19807
19,1000,20078
19,1000,19748
19,1000,19587
19,1000,19707
19,1000,19918
19,1000,19617
19,1000,20919
19,1000,19627
19,1000,22242
19,1000,19617
19,1000,19497
19,1000,19517
19,1000,20178
19,1000,19507
19,1000,19547
19,1000,19707
19,1000,20509
19,1000,22293
19,1000,21400
19,1000,21100
19,1000,21230
19,1000,21611
19,1000,22954
19,1000,20149
19,1000,19567
19,1000,19416
19,1000,19627
19,1000,19567
19,1000,20409
19,1000,19657
19,1000,27412
19,1000,21150
19,1000,19667
19,1000,20298
19,1000,19818
19,1000,19647
19,1000,19607
19,1000,19557
19,1000,20559
19,1000,19507
19,1000,19497
19,1000,19527
19,1000,19567
19,1000,19697
19,1000,19497
19,1000,19788
19,1000,20378
19,1000,19778
19,1000,19567
19,1000,20439
19,1000,19347
19,1000,19377
19,1000,19417
19,1000,19416
19,1000,19587
19,1000,20248
19,1000,19417
19,1000,19457
19,1000,19407
19,1000,19507
19,1000,88007
19,1000,33133
19,1000,20890
19,1000,20739
19,1000,20759
19,1000,26470
19,1000,21631
19,1000,20349
19,1000,20609
19,1000,20058
19,1000,44404
19,1000,38373
19,1000,23735
19,1000,19577
19,1000,20418
19,1000,19537
19,1000,19517
19,1000,19457
19,1000,19447
19,1000,20048
19,1000,19858
19,1000,19587
19,1000,19397
19,1000,19507
19,1000,20368
19,1000,19547
19,1000,19356
19,1000,19427
19,1000,19688
19,1000,19487
19,1000,19297
19,1000,19457
19,1000,19446
19,1000,19507
19,1000,19817
19,1000,20288
19,1000,28754
19,1000,19407
19,1000,20088
19,1000,19587
19,1000,19497
19,1000,19387
19,1000,19507
19,1000,19437
19,1000,19376
19,1000,19377
19,1000,20219
19,1000,19487
19,1000,19397
19,1000,19607
19,1000,19357
19,1000,19266
19,1000,19346
19,1000,19397
19,1000,19377
19,1000,22383
19,1000,22042
19,1000,20338
19,1000,19497
19,1000,19677
19,1000,19527
19,1000,19457
19,1000,19648
19,1000,19447
19,1000,19727
19,1000,19507
19,1000,19487
19,1000,20389
19,1000,68570
19,1000,117573
19,1000,22422
19,1000,21811
19,1000,21741
19,1000,21230
19,1000,40056
19,1000,34916
19,1000,42541
19,1000,38012
19,1000,38813
19,1000,42971
19,1000,38342
19,1000,42080
19,1000,38293
19,1000,38794
19,1000,38813
19,1000,19988
19,1000,20219
19,1000,19938
19,1000,20148
19,1000,19968
19,1000,20149
19,1000,19888
19,1000,20308
19,1000,19697
19,1000,20369
19,1000,21321
19,1000,37031
19,1000,19718
19,1000,19827
19,1000,20007
19,1000,20329
19,1000,19857
19,1000,20409
19,1000,19787
19,1000,19868
19,1000,20559
19,1000,20589
19,1000,19828
19,1000,19867
19,1000,20088
19,1000,20619
19,1000,20509
19,1000,20378
19,1000,22182
19,1000,19677
19,1000,20679
19,1000,20499
19,1000,19507
19,1000,19768
19,1000,19898
19,1000,19727
19,1000,19437
19,1000,19337
19,1000,19467
19,1000,19597
19,1000,19688
19,1000,19537
19,1000,20739
19,1000,19737
19,1000,20559
19,1000,20178
19,1000,19597
19,1000,25328
19,1000,19668
19,1000,20209
19,1000,19658
19,1000,19768
19,1000,88367
19,1000,64813
19,1000,23274
19,1000,23204
19,1000,23074
19,1000,23885
19,1000,27913
19,1000,26150
19,1000,20478
19,1000,20218
19,1000,22533
19,1000,23153
19,1000,20780
19,1000,20259
19,1000,20619
19,1000,20780
19,1000,25568
19,1000,20378
19,1000,20489
19,1000,20388
19,1000,20279
19,1000,20239
19,1000,20159
19,1000,20379
19,1000,19857
19,1000,26200
19,1000,20509
19,1000,24687
19,1000,20129
19,1000,20148
19,1000,20279
19,1000,19988
19,1000,20088
19,1000,20789
19,1000,20058
19,1000,20258
19,1000,20058
19,1000,19947
19,1000,24417
19,1000,19998
19,1000,20388
19,1000,19978
19,1000,20238
19,1000,20269
19,1000,20058
19,1000,19798
19,1000,20249
19,1000,20007
19,1000,20228
19,1000,23344
19,1000,20048
19,1000,20108
19,1000,20078
19,1000,20198
19,1000,19808
19,1000,20018
19,1000,19888
19,1000,19788
19,1000,20078
19,1000,22873
19,1000,20609
19,1000,29867
19,1000,22653
19,1000,20108
19,1000,20539
19,1000,20388
19,1000,19798
19,1000,20038
19,1000,79521
19,1000,98056
19,1000,27823
19,1000,26701
19,1000,25458
19,1000,24927
19,1000,22913
19,1000,29295
19,1000,21380
19,1000,20158
19,1000,19868
19,1000,19888
19,1000,20078
19,1000,20037
19,1000,19948
19,1000,20178
19,1000,20529
19,1000,19867
19,1000,24777
19,1000,19948
19,1000,20108
19,1000,19567
19,1000,19817
19,1000,27131
19,1000,20018
19,1000,19917
19,1000,20008
19,1000,19857
19,1000,20188
19,1000,24056
19,1000,20299
19,1000,19888
19,1000,19938
19,1000,20619
19,1000,20118
19,1000,19858
19,1000,19837
19,1000,19938
19,1000,20038
19,1000,23755
19,1000,20058
19,1000,19927
19,1000,19828
19,1000,19998
19,1000,22783
19,1000,23334
19,1000,19908
19,1000,20088
19,1000,19978
19,1000,20018
19,1000,22983
19,1000,20078
19,1000,19958
19,1000,20730
19,1000,20017
19,1000,19888
19,1000,19677
19,1000,19788
19,1000,20058
19,1000,25178
19,1000,20028
19,1000,22673
19,1000,20008
19,1000,19728
19,1000,19698
19,1000,19898
19,1000,20038
19,1000,20038
19,1000,20158
19,1000,111091
19,1000,25809
19,1000,24567
19,1000,24657
19,1000,26750
19,1000,25027
19,1000,21471
19,1000,20378
19,1000,20199
19,1000,20058
19,1000,20038
19,1000,25628
19,1000,35727
19,1000,21019
19,1000,20790
19,1000,20249
19,1000,20789
19,1000,20479
19,1000,20028
19,1000,27211
19,1000,20649
19,1000,20078
19,1000,20909
19,1000,20569
19,1000,20348
19,1000,21170
19,1000,20338
19,1000,25087
19,1000,23535
19,1000,21351
19,1000,21370
19,1000,20148
19,1000,21040
19,1000,20488
19,1000,19787
19,1000,22733
19,1000,23364
19,1000,24436
19,1000,20779
19,1000,19787
19,1000,20288
19,1000,19948
19,1000,20138
19,1000,20048
19,1000,21341
19,1000,20159
19,1000,19998
19,1000,20358
19,1000,24377
19,1000,20219
19,1000,20710
19,1000,19888
19,1000,20299
19,1000,20088
19,1000,27903
19,1000,19787
19,1000,19888
19,1000,20829
19,1000,20589
19,1000,23254
19,1000,20419
19,1000,20869
19,1000,19998
19,1000,20099
19,1000,20349
19,1000,20259
19,1000,20959
19,1000,20288
19,1000,88458
19,1000,121911
19,1000,24106
19,1000,22523
19,1000,22573
19,1000,22422
19,1000,27212
19,1000,49073
19,1000,37972
19,1000,38232
19,1000,44034
19,1000,45426
19,1000,41940
19,1000,37992
19,1000,37661
19,1000,38934
19,1000,38152
19,1000,21320
19,1000,24947
19,1000,19988
19,1000,20018
19,1000,20188
19,1000,19998
19,1000,20819
19,1000,23585
19,1000,21812
19,1000,20519
19,1000,19968
19,1000,24496
19,1000,20519
19,1000,20058
19,1000,20018
20,1000,19897
20,1000,20108
20,1000,19978
20,1000,20088
20,1000,20419
20,1000,19747
20,1000,19807
20,1000,23935
20,1000,20629
20,1000,19897
20,1000,20529
20,1000,20008
20,1000,31980
20,1000,20109
20,1000,19948
20,1000,20068
20,1000,19948
20,1000,19917
20,1000,24056
20,1000,19958
20,1000,20860
20,1000,19977
20,1000,19918
20,1000,19927
20,1000,19788
20,1000,20188
20,1000,19697
20,1000,20108
20,1000,19837
20,1000,22713
20,1000,20419
20,1000,19988
20,1000,20329
20,1000,20368
20,1000,20589
20,1000,20438
20,1000,73159
20,1000,110880
20,1000,20940
20,1000,20239
20,1000,20298
20,1000,31079
20,1000,20800
20,1000,20759
20,1000,19417
20,1000,19416
20,1000,19397
20,1000,19677
20,1000,19376
20,1000,19357
20,1000,19737
20,1000,19376
20,1000,19427
20,1000,19848
20,1000,20258
20,1000,19397
20,1000,19376
20,1000,19537
20,1000,19597
20,1000,19407
20,1000,19427
20,1000,19406
20,1000,19447
20,1000,19497
20,1000,20219
20,1000,20048
20,1000,19367
20,1000,19406
20,1000,19948
20,1000,19968
20,1000,19256
20,1000,19367
20,1000,19377
20,1000,19417
20,1000,19677
20,1000,20359
20,1000,19417
20,1000,19537
20,1000,19356
20,1000,29536
20,1000,19907
20,1000,19427
20,1000,19507
20,1000,19487
20,1000,19387
20,1000,19758
20,1000,20238
20,1000,19366
20,1000,19357
20,1000,19467
20,1000,19367
20,1000,19187
20,1000,19456
20,1000,19407
20,1000,19557
20,1000,19337
20,1000,27352
20,1000,20759
20,1000,25388
20,1000,19727
20,1000,19607
20,1000,19658
20,1000,20178
20,1000,20148
20,1000,23425
20,1000,111521
20,1000,37241
20,1000,34355
20,1000,37832
20,1000,26099
20,1000,25118
20,1000,30388
20,1000,24827
20,1000,25809
20,1000,24466
20,1000,24677
20,1000,25588
20,1000,25529
20,1000,25208
20,1000,25107
20,1000,25589
20,1000,30277
20,1000,25799
20,1000,25157
20,1000,23364
20,1000,20689
20,1000,20289
20,1000,20379
20,1000,20078
20,1000,19988
20,1000,20389
20,1000,20208
20,1000,24366
20,1000,20719
20,1000,19898
20,1000,20428
20,1000,20008
20,1000,19957
20,1000,20719
20,1000,19948
20,1000,20518
20,1000,20779
20,1000,19938
20,1000,24266
20,1000,20719
20,1000,19977
20,1000,20118
20,1000,20659
20,1000,20790
20,1000,20118
20,1000,21000
20,1000,20038
20,1000,19998
20,1000,20028
20,1000,23775
20,1000,20459
20,1000,20047
20,1000,20479
20,1000,20889
20,1000,19978
20,1000,20650
20,1000,19888
20,1000,21200
20,1000,19978
20,1000,23054
20,1000,20199
20,1000,20379
20,1000,20008
20,1000,20539
20,1000,20369
20,1000,20098
20,1000,20349
20,1000,20870
20,1000,73679
20,1000,106111
20,1000,23103
20,1000,23144
20,1000,22984
20,1000,24126
20,1000,40697
20,1000,33443
20,1000,41348
20,1000,38753
20,1000,41309
20,1000,37792
20,1000,37280
20,1000,47369
20,1000,32461
20,1000,20329
20,1000,20018
20,1000,19948
20,1000,20208
20,1000,19908
20,1000,20068
20,1000,20018
20,1000,20659
20,1000,20219
20,1000,24447
20,1000,19978
20,1000,20038
20,1000,19878
20,1000,19717
20,1000,19988
20,1000,20218
20,1000,19918
20,1000,20108
20,1000,19998
20,1000,19958
20,1000,23765
20,1000,20008
20,1000,19998
20,1000,19768
20,1000,19787
20,1000,20499
20,1000,19968
20,1000,20569
20,1000,19848
20,1000,19747
20,1000,20599
20,1000,23264
20,1000,19938
20,1000,19947
20,1000,19768
20,1000,20239
20,1000,20008
20,1000,19767
20,1000,20048
20,1000,19917
20,1000,19888
20,1000,19918
20,1000,22943
20,1000,20228
20,1000,19687
20,1000,19978
20,1000,19797
20,1000,19837
20,1000,26901
20,1000,19758
20,1000,19998
20,1000,19958
20,1000,22413
20,1000,19948
20,1000,92936
20,1000,23044
20,1000,23104
20,1000,21531
20,1000,22513
20,1000,23544
20,1000,38323
20,1000,41278
20,1000,21570
20,1000,20459
20,1000,20078
20,1000,20479
20,1000,20018
20,1000,20378
20,1000,24917
20,1000,20228
20,1000,20038
20,1000,19988
20,1000,20038
20,1000,20329
20,1000,20008
20,1000,20058
20,1000,20188
20,1000,20318
20,1000,19778
20,1000,43563
20,1000,20098
20,1000,19957
20,1000,19868
20,1000,19737
20,1000,20068
20,1000,19958
20,1000,20248
20,1000,20899
20,1000,19968
20,1000,24376
20,1000,19867
20,1000,20218
20,1000,20028
20,1000,19857
20,1000,19637
20,1000,20048
20,1000,20699
20,1000,20058
20,1000,20328
20,1000,19597
20,1000,23404
20,1000,19817
20,1000,19958
20,1000,19778
20,1000,19788
20,1000,19967
20,1000,19697
20,1000,19958
20,1000,19997
20,1000,19958
20,1000,19897
20,1000,23224
20,1000,19817
20,1000,20028
20,1000,19817
20,1000,19908
20,1000,24225
20,1000,21952
20,1000,19738
20,1000,19847
20,1000,19567
20,1000,20088
20,1000,72007
20,1000,88126
20,1000,23675
20,1000,23705
20,1000,23124
20,1000,23374
20,1000,23605
20,1000,24246
20,1000,23314
20,1000,27432
20,1000,23675
20,1000,20368
20,1000,20218
20,1000,20198
20,1000,20058
20,1000,20388
20,1000,24587
20,1000,20138
20,1000,20419
20,1000,20158
20,1000,19827
20,1000,20038
20,1000,19897
20,1000,26881
20,1000,20088
20,1000,20479
20,1000,20268
20,1000,24306
20,1000,19988
20,1000,19858
20,1000,19867
20,1000,20038
20,1000,19818
20,1000,20008
20,1000,19958
20,1000,20779
20,1000,20820
20,1000,24116
20,1000,19938
20,1000,19948
20,1000,20008
20,1000,19968
20,1000,19988
20,1000,19878
20,1000,23945
20,1000,22372
20,1000,20639
20,1000,19988
20,1000,23665
20,1000,19988
20,1000,20028
20,1000,20028
20,1000,20008
20,1000,20018
20,1000,20008
20,1000,20108
20,1000,20058
20,1000,19948
20,1000,20249
20,1000,28685
20,1000,20058
20,1000,20438
20,1000,19668
20,1000,20058
20,1000,19888
20,1000,20348
20,1000,20228
20,1000,20028
20,1000,19968
20,1000,161947
20,1000,23164
20,1000,23695
20,1000,23344
20,1000,23895
20,1000,23314
20,1000,20929
20,1000,20599
20,1000,20438
20,1000,20369
20,1000,20559
20,1000,20650
20,1000,20639
20,1000,21010
20,1000,20539
20,1000,20319
20,1000,20810
20,1000,20298
20,1000,19868
20,1000,20599
20,1000,28113
20,1000,20499
20,1000,20138
20,1000,20789
20,1000,24677
20,1000,20168
20,1000,20128
20,1000,20038
20,1000,20328
20,1000,20068
20,1000,20278
20,1000,20739
20,1000,20268
20,1000,20078
20,1000,19998
20,1000,24326
20,1000,20078
20,1000,20118
20,1000,20840
20,1000,20218
20,1000,19967
20,1000,19858
20,1000,20418
20,1000,20028
20,1000,19847
20,1000,20078
20,1000,24136
20,1000,19818
20,1000,20228
20,1000,19768
20,1000,19757
20,1000,20068
20,1000,20149
20,1000,19877
20,1000,20559
20,1000,25539
20,1000,20429
20,1000,23645
20,1000,19948
20,1000,20118
20,1000,19567
20,1000,19687
20,1000,20088
20,1000,20168
20,1000,19948
20,1000,21540
20,1000,23074
20,1000,22793
20,1000,88288
20,1000,84771
20,1000,20829
20,1000,20278
20,1000,20408
20,1000,21561
20,1000,19807
20,1000,20108
20,1000,19888
20,1000,19888
20,1000,19898
20,1000,19887
20,1000,19838
20,1000,20238
20,1000,20870
20,1000,19377
20,1000,19427
20,1000,19627
20,1000,19457
20,1000,28854
20,1000,19517
20,1000,19737
20,1000,19547
20,1000,19477
20,1000,20839
20,1000,19708
20,1000,19577
20,1000,19567
20,1000,19517
20,1000,19447
20,1000,19467
20,1000,19948
20,1000,20018
20,1000,19507
20,1000,19978
20,1000,20709
20,1000,19316
20,1000,19407
20,1000,19818
20,1000,19497
20,1000,19437
20,1000,19637
20,1000,19467
20,1000,19477
20,1000,19417
20,1000,19427
20,1000,20710
20,1000,19537
20,1000,19406
20,1000,19417
20,1000,19437
20,1000,19497
20,1000,19597
20,1000,19437
20,1000,19427
20,1000,19457
20,1000,19397
20,1000,27011
20,1000,19838
20,1000,20098
20,1000,19908
20,1000,19827
20,1000,19988
20,1000,20229
20,1000,20078
20,1000,19828
20,1000,19747
20,1000,20379
20,1000,74511
20,1000,102183
20,1000,27462
20,1000,25438
20,1000,25658
20,1000,26430
20,1000,21411
20,1000,20298
20,1000,20239
20,1000,45696
20,1000,37271
20,1000,27532
20,1000,20138
20,1000,20509
20,1000,19677
20,1000,19617
20,1000,19477
20,1000,19387
20,1000,19668
20,1000,39485
20,1000,23534
20,1000,21371
20,1000,21231
20,1000,20429
20,1000,27082
20,1000,20449
20,1000,21049
20,1000,21921
20,1000,20159
20,1000,21060
20,1000,20609
20,1000,20850
20,1000,21220
20,1000,24797
20,1000,20078
20,1000,26470
20,1000,21270
20,1000,21631
20,1000,21160
20,1000,20569
20,1000,20369
20,1000,20138
20,1000,20338
20,1000,20408
20,1000,21120
20,1000,20689
20,1000,24787
20,1000,21551
20,1000,21230
20,1000,20719
20,1000,21100
20,1000,28203
20,1000,21030
20,1000,20569
20,1000,20849
20,1000,20439
20,1000,24997
20,1000,20319
20,1000,20599
20,1000,21371
20,1000,20609
20,1000,20238
20,1000,22012
20,1000,20378
20,1000,20088
20,1000,20980
20,1000,20700
20,1000,21430
20,1000,21701
20,1000,92836
20,1000,89319
20,1000,24567
20,1000,24085
20,1000,23294
20,1000,23665
20,1000,22152
20,1000,21300
20,1000,20939
20,1000,20990
20,1000,21190
20,1000,22283
20,1000,26400
20,1000,21090
20,1000,25438
20,1000,20319
20,1000,19958
20,1000,20088
20,1000,20439
20,1000,20249
20,1000,19938
20,1000,20048
20,1000,19928
20,1000,20048
20,1000,24406
20,1000,20088
20,1000,20158
20,1000,20559
20,1000,19908
20,1000,19917
20,1000,20529
20,1000,20179
20,1000,20509
20,1000,20089
20,1000,19907
20,1000,23905
20,1000,19867
20,1000,20429
20,1000,19887
20,1000,19897
20,1000,19978
20,1000,19717
20,1000,19998
20,1000,19838
20,1000,20078
20,1000,19998
20,1000,23955
20,1000,20088
20,1000,19758
20,1000,27532
20,1000,19787
20,1000,19436
20,1000,20169
20,1000,19667
20,1000,19858
20,1000,20058
20,1000,19837
20,1000,23324
20,1000,19927
20,1000,19748
20,1000,19968
20,1000,19797
20,1000,19938
20,1000,19958
20,1000,19777
20,1000,19598
20,1000,19957
20,1000,23104
20,1000,81544
20,1000,102764
20,1000,24456
20,1000,24106
20,1000,23766
20,1000,39955
20,1000,39816
20,1000,37872
20,1000,40556
20,1000,37010
20,1000,37381
20,1000,39796
20,1000,36489
20,1000,36619
20,1000,38233
20,1000,21191
20,1000,21721
20,1000,20719
20,1000,21330
20,1000,22773
20,1000,21410
20,1000,20869
20,1000,23304
20,1000,22683
20,1000,21260
20,1000,24797
20,1000,20659
20,1000,20158
20,1000,20058
20,1000,20589
20,1000,20508
20,1000,20148
20,1000,20939
20,1000,20008
20,1000,20309
20,1000,20950
20,1000,23654
20,1000,20378
20,1000,20088
20,1000,20499
20,1000,21140
20,1000,25678
20,1000,20178
20,1000,20028
20,1000,20379
20,1000,20198
20,1000,24637
20,1000,19998
20,1000,19607
20,1000,21100
20,1000,21000
20,1000,20198
20,1000,19998
20,1000,20950
20,1000,21320
20,1000,19898
20,1000,20328
20,1000,23896
20,1000,20659
20,1000,23665
20,1000,20068
20,1000,20259
20,1000,20188
20,1000,20709
20,1000,19938
20,1000,21250
20,1000,19838
20,1000,20038
20,1000,22633
20,1000,78549
20,1000,87335
20,1000,20649
20,1000,26721
20,1000,20238
20,1000,21030
20,1000,19738
20,1000,19928
20,1000,19667
20,1000,19958
20,1000,19737
20,1000,19797
20,1000,19608
20,1000,21540
20,1000,19456
20,1000,19727
20,1000,19547
20,1000,20098
20,1000,19467
20,1000,20038
20,1000,19807
20,1000,19738
20,1000,19507
20,1000,19807
20,1000,20448
20,1000,19496
20,1000,19597
20,1000,19527
20,1000,19437
20,1000,19487
20,1000,19617
20,1000,19918
20,1000,19427
20,1000,19527
20,1000,20849
20,1000,19507
20,1000,19648
20,1000,19396
20,1000,19456
20,1000,19476
20,1000,19567
20,1000,25999
20,1000,19597
20,1000,19426
20,1000,19497
20,1000,20248
20,1000,19497
20,1000,19477
20,1000,19447
20,1000,19607
20,1000,19507
20,1000,19447
20,1000,19627
20,1000,19397
20,1000,19367
20,1000,19497
20,1000,20478
20,1000,19356
20,1000,19416
20,1000,19397
20,1000,24577
20,1000,21751
20,1000,23254
20,1000,20058
20,1000,19747
20,1000,19778
20,1000,24266
20,1000,21591
20,1000,72938
20,1000,50646
20,1000,23936
20,1000,23705
20,1000,27623
20,1000,23184
20,1000,22993
20,1000,27502
20,1000,34796
20,1000,40567
20,1000,38103
20,1000,38122
20,1000,41909
20,1000,37892
20,1000,41759
20,1000,38223
20,1000,25088
20,1000,20719
20,1000,20750
20,1000,19917
20,1000,20579
20,1000,19887
20,1000,20539
20,1000,20959
20,1000,20479
20,1000,20609
20,1000,20279
20,1000,24206
20,1000,19978
20,1000,19977
20,1000,19908
20,1000,20048
20,1000,19908
20,1000,19878
20,1000,25679
20,1000,20088
20,1000,20299
20,1000,23785
20,1000,20138
20,1000,19747
20,1000,20008
20,1000,20359
20,1000,19567
20,1000,19998
20,1000,19908
20,1000,19927
20,1000,19737
20,1000,20028
20,1000,23164
20,1000,20098
20,1000,20028
20,1000,20188
20,1000,19927
20,1000,20138
20,1000,19927
20,1000,19687
20,1000,20008
20,1000,19727
20,1000,19818
20,1000,23585
20,1000,19797
20,1000,19987
20,1000,19677
20,1000,19667
20,1000,19768
20,1000,20208
20,1000,19958
20,1000,19918
20,1000,19807
20,1000,119306
20,1000,50676
20,1000,39224
20,1000,56777
20,1000,57248
20,1000,52038
20,1000,50676
20,1000,47680
20,1000,54724
20,1000,51137
20,1000,46799
20,1000,105179
20,1000,21781
20,1000,21451
20,1000,21090
20,1000,21150
20,1000,23234
20,1000,21060
20,1000,19207
20,1000,19517
20,1000,36799
20,1000,19628
20,1000,20048
20,1000,19908
20,1000,19707
20,1000,20459
20,1000,20699
20,1000,19748
20,1000,19567
20,1000,19597
20,1000,19748
20,1000,19958
20,1000,19948
20,1000,19737
20,1000,20098
20,1000,20488
20,1000,20509
20,1000,21180
20,1000,19467
20,1000,19176
20,1000,19487
20,1000,22603
20,1000,22503
20,1000,20319
20,1000,19667
20,1000,19637
20,1000,19647
20,1000,19837
20,1000,21651
20,1000,20048
20,1000,20649
20,1000,20008
20,1000,20179
20,1000,19807
20,1000,20088
20,1000,19797
20,1000,26380
20,1000,19708
20,1000,19968
20,1000,89840
20,1000,30959
20,1000,59613
20,1000,23123
20,1000,22973
20,1000,22472
20,1000,23826
20,1000,27222
20,1000,20509
20,1000,20349
20,1000,20078
20,1000,20048
20,1000,20479
20,1000,20168
20,1000,25468
20,1000,20348
20,1000,20178
20,1000,20098
20,1000,25028
20,1000,20098
20,1000,19968
20,1000,20168
20,1000,20309
20,1000,20118
20,1000,19878
20,1000,20008
20,1000,20118
20,1000,19988
20,1000,20278
20,1000,23946
20,1000,20129
20,1000,19978
20,1000,20729
20,1000,20329
20,1000,20048
20,1000,19878
20,1000,19978
20,1000,19997
20,1000,20068
20,1000,24035
20,1000,19997
20,1000,20088
20,1000,20358
20,1000,20028
20,1000,20169
20,1000,19917
20,1000,20179
20,1000,22703
20,1000,25839
20,1000,21782
20,1000,24005
20,1000,19727
20,1000,20860
20,1000,19948
20,1000,19707
20,1000,20619
20,1000,19888
20,1000,22593
20,1000,21360
20,1000,83117
20,1000,93597
20,1000,22562
20,1000,22984
20,1000,23886
20,1000,26601
20,1000,23033
20,1000,22192
20,1000,22202
20,1000,22162
20,1000,21972
20,1000,22212
20,1000,22242
20,1000,22152
20,1000,22894
20,1000,22232
20,1000,28063
20,1000,26019
20,1000,30148
20,1000,30779
20,1000,26089
20,1000,28134
20,1000,26039
20,1000,22292
21,1000,73139
21,1000,65053
21,1000,50886
21,1000,50125
21,1000,50946
21,1000,50104
21,1000,49604
21,1000,51017
21,1000,50747
21,1000,49765
21,1000,200711
21,1000,91143
21,1000,86924
21,1000,52990
21,1000,54554
21,1000,70464
21,1000,53642
21,1000,58771
21,1000,52079
21,1000,53170
21,1000,57489
21,1000,52459
21,1000,52038
21,1000,51949
21,1000,55936
21,1000,68791
21,1000,57940
21,1000,211721
21,1000,228372
21,1000,72908
21,1000,56156
21,1000,54292
21,1000,52159
21,1000,51097
21,1000,54122
21,1000,49765
21,1000,49694
21,1000,51658
21,1000,50496
21,1000,49945
21,1000,50716
21,1000,49684
21,1000,57659
21,1000,49544
21,1000,54082
21,1000,221058
21,1000,61978
21,1000,56577
21,1000,52750
21,1000,57228
21,1000,50856
21,1000,51838
21,1000,56076
21,1000,51828
21,1000,51227
21,1000,62979
21,1000,52109
21,1000,51057
21,1000,56207
21,1000,51738
21,1000,51077
21,1000,54503
21,1000,59723
21,1000,51097
21,1000,207413
21,1000,129976
21,1000,62798
21,1000,122282
21,1000,126740
21,1000,119095
21,1000,58270
21,1000,52710
21,1000,53401
21,1000,59803
21,1000,51889
21,1000,51868
21,1000,60684
21,1000,51668
21,1000,52620
21,1000,55375
21,1000,57119
21,1000,51287
21,1000,59132
21,1000,68249
21,1000,98537
21,1000,138773
21,1000,61586
21,1000,123924
21,1000,113705
21,1000,108886
21,1000,51477
21,1000,58421
21,1000,50305
21,1000,50947
21,1000,49704
21,1000,49483
21,1000,50536
21,1000,50064
21,1000,49534
21,1000,49453
21,1000,50506
21,1000,49173
21,1000,56216
21,1000,54784
21,1000,49854
21,1000,180562
21,1000,59072
21,1000,68450
21,1000,107103
21,1000,52430
21,1000,51778
21,1000,51407
21,1000,52259
21,1000,50436
21,1000,51528
21,1000,50716
21,1000,50656
21,1000,49744
21,1000,50535
21,1000,50636
21,1000,49684
21,1000,69581
21,1000,51237
21,1000,49684
21,1000,134235
21,1000,151737
21,1000,60995
21,1000,106391
21,1000,113405
21,1000,52680
21,1000,51958
21,1000,52630
21,1000,59392
21,1000,57459
21,1000,51507
21,1000,51658
21,1000,56217
21,1000,52078
21,1000,52419
21,1000,55526
21,1000,51318
21,1000,51508
21,1000,55194
21,1000,54423
21,1000,55405
21,1000,252327
21,1000,72237
21,1000,51417
21,1000,50957
21,1000,50926
21,1000,52559
21,1000,51368
21,1000,52709
21,1000,49895
21,1000,50696
21,1000,52620
21,1000,50315
21,1000,49935
21,1000,50916
21,1000,49664
21,1000,49524
21,1000,49354
21,1000,56057
21,1000,49403
21,1000,52860
21,1000,222641
21,1000,60845
21,1000,61106
21,1000,59182
21,1000,51488
21,1000,55395
21,1000,52208
21,1000,51047
21,1000,56057
21,1000,51909
21,1000,57869
21,1000,52169
21,1000,55324
21,1000,52178
21,1000,51247
21,1000,55345
21,1000,52059
21,1000,50746
21,1000,53682
21,1000,51608
21,1000,189499
21,1000,63420
21,1000,65544
21,1000,53582
21,1000,62919
21,1000,52228
21,1000,52279
21,1000,56637
21,1000,51828
21,1000,51207
21,1000,55395
21,1000,52049
21,1000,51758
21,1000,56016
21,1000,52149
21,1000,51427
21,1000,53912
21,1000,51007
21,1000,51718
21,1000,53762
21,1000,200870
21,1000,52390
21,1000,52780
21,1000,50827
21,1000,51928
21,1000,49233
21,1000,49734
21,1000,50766
21,1000,49765
21,1000,49785
21,1000,49244
21,1000,50616
21,1000,49453
21,1000,49143
21,1000,50295
21,1000,49503
21,1000,50416
21,1000,50125
21,1000,49304
21,1000,49274
21,1000,213054
21,1000,63620
21,1000,73510
21,1000,152389
21,1000,113976
21,1000,97595
21,1000,57248
21,1000,51658
21,1000,53482
21,1000,54112
21,1000,53040
21,1000,55194
21,1000,61236
21,1000,71435
21,1000,71506
21,1000,53221
21,1000,52139
21,1000,51718
21,1000,52239
21,1000,55555
21,1000,252448
21,1000,62088
21,1000,74091
21,1000,52710
21,1000,57298
21,1000,57229
21,1000,51578
21,1000,60415
21,1000,51758
21,1000,51798
21,1000,57308
21,1000,51217
21,1000,51678
21,1000,68730
21,1000,51919
21,1000,51788
21,1000,55856
21,1000,53431
21,1000,113274
21,1000,114046
21,1000,256486
21,1000,56176
21,1000,100159
21,1000,130948
21,1000,118484
21,1000,68570
21,1000,51778
21,1000,52128
21,1000,53000
21,1000,52580
21,1000,52299
21,1000,55876
21,1000,55826
21,1000,51457
21,1000,51137
21,1000,54002
21,1000,51397
21,1000,51447
21,1000,53381
21,1000,51678
21,1000,194298
21,1000,53301
21,1000,53131
21,1000,49844
21,1000,52890
21,1000,50746
21,1000,49353
21,1000,49664
21,1000,49194
21,1000,50967
21,1000,49244
21,1000,53722
21,1000,50706
21,1000,49323
21,1000,49333
21,1000,50906
21,1000,50395
21,1000,55114
21,1000,55265
21,1000,52299
21,1000,214005
21,1000,81725
21,1000,62358
21,1000,50155
21,1000,58060
21,1000,50797
21,1000,50786
21,1000,49954
21,1000,49935
21,1000,51026
21,1000,49584
21,1000,49934
21,1000,50806
21,1000,49875
21,1000,50266
21,1000,51408
21,1000,49514
21,1000,49523
21,1000,50235
21,1000,49714
21,1000,216921
21,1000,62759
21,1000,63660
21,1000,52109
21,1000,56877
21,1000,52559
21,1000,51908
21,1000,57158
21,1000,54193
21,1000,53101
21,1000,56287
21,1000,51517
21,1000,51378
21,1000,55455
21,1000,51809
21,1000,57599
21,1000,54012
21,1000,51688
21,1000,51597
21,1000,52099
21,1000,240346
21,1000,66747
21,1000,62698
21,1000,53021
21,1000,54103
21,1000,53421
21,1000,54183
21,1000,64473
21,1000,53721
21,1000,53852
21,1000,58852
21,1000,52319
21,1000,52779
21,1000,55886
21,1000,52319
21,1000,52098
21,1000,55315
21,1000,52540
21,1000,53561
21,1000,54443
21,1000,207042
21,1000,68149
21,1000,63610
21,1000,62017
21,1000,52760
21,1000,57008
21,1000,52439
21,1000,52319
21,1000,57699
21,1000,52149
21,1000,51878
21,1000,55625
21,1000,51858
21,1000,52419
21,1000,55255
21,1000,51608
21,1000,51668
21,1000,57939
21,1000,55275
21,1000,51858
21,1000,195039
21,1000,63660
21,1000,68940
21,1000,58401
21,1000,54683
21,1000,51468
21,1000,56417
21,1000,51868
21,1000,51227
21,1000,55125
21,1000,52269
21,1000,57539
21,1000,55535
21,1000,52138
21,1000,51548
21,1000,51678
21,1000,55355
21,1000,52069
21,1000,52048
21,1000,55996
21,1000,201091
21,1000,62308
21,1000,61566
21,1000,52309
21,1000,61797
21,1000,52590
21,1000,51608
21,1000,56698
21,1000,51908
21,1000,51547
21,1000,55946
21,1000,51407
21,1000,52018
21,1000,55145
21,1000,57769
21,1000,51638
21,1000,51237
21,1000,56447
21,1000,52399
21,1000,52319
21,1000,248741
21,1000,69772
21,1000,92786
21,1000,97103
21,1000,53922
21,1000,62969
21,1000,54143
21,1000,58601
21,1000,53621
21,1000,53221
21,1000,53311
21,1000,57779
21,1000,60114
21,1000,52349
21,1000,57649
21,1000,54083
21,1000,53130
21,1000,56447
21,1000,53461
21,1000,53381
21,1000,208214
21,1000,62138
21,1000,62378
21,1000,55495
21,1000,71145
21,1000,63661
21,1000,52219
21,1000,52870
21,1000,52319
21,1000,57289
21,1000,52078
21,1000,51848
21,1000,56688
21,1000,51508
21,1000,51668
21,1000,55425
21,1000,52189
21,1000,51969
21,1000,54624
21,1000,52330
21,1000,195571
21,1000,58471
21,1000,55646
21,1000,53692
21,1000,53642
21,1000,54092
21,1000,54473
21,1000,53882
21,1000,60134
21,1000,51027
21,1000,51417
21,1000,54102
21,1000,52971
21,1000,50956
21,1000,52620
21,1000,56867
21,1000,52660
21,1000,53401
21,1000,53010
21,1000,52008
21,1000,217432
21,1000,52690
21,1000,114937
21,1000,120518
21,1000,106522
21,1000,51587
21,1000,58792
21,1000,53111
21,1000,52400
21,1000,51067
21,1000,50015
21,1000,51308
21,1000,50306
21,1000,49854
21,1000,51197
21,1000,50756
21,1000,53531
21,1000,51397
21,1000,49885
21,1000,50165
21,1000,217853
21,1000,64653
21,1000,64503
21,1000,54373
21,1000,52730
21,1000,57810
21,1000,52619
21,1000,52620
21,1000,52109
21,1000,56127
21,1000,53180
21,1000,51127
21,1000,56637
21,1000,52840
21,1000,51507
21,1000,54874
21,1000,57138
21,1000,51618
21,1000,61065
21,1000,51588
21,1000,234624
21,1000,58060
21,1000,58431
21,1000,55415
21,1000,49464
21,1000,50165
21,1000,51196
21,1000,50817
21,1000,49744
21,1000,57599
21,1000,51207
21,1000,49534
21,1000,50215
21,1000,50556
21,1000,50366
21,1000,50756
21,1000,50326
21,1000,49404
21,1000,49503
21,1000,52009
21,1000,204708
21,1000,93747
21,1000,92144
21,1000,78829
21,1000,78509
21,1000,79721
21,1000,79140
21,1000,81585
21,1000,76024
21,1000,82055
21,1000,72838
21,1000,80192
21,1000,78339
21,1000,73269
21,1000,91513
21,1000,77216
21,1000,77487
21,1000,79371
21,1000,76505
21,1000,75834
21,1000,244382
21,1000,86764
21,1000,82546
21,1000,98427
21,1000,78298
21,1000,81875
21,1000,77697
21,1000,76454
21,1000,80443
21,1000,74481
21,1000,77868
21,1000,79250
21,1000,71215
21,1000,76274
21,1000,91152
21,1000,76295
21,1000,75553
21,1000,77227
21,1000,73429
21,1000,73820
21,1000,227401
21,1000,88508
21,1000,95101
21,1000,76194
21,1000,58992
21,1000,58311
21,1000,52199
21,1000,52088
21,1000,55996
21,1000,52019
21,1000,51978
21,1000,55536
21,1000,52019
21,1000,51297
21,1000,51969
21,1000,54794
21,1000,51828
21,1000,51187
21,1000,54914
21,1000,59513
21,1000,192274
21,1000,62328
21,1000,61216
21,1000,60034
21,1000,52940
21,1000,51036
21,1000,56808
21,1000,54754
21,1000,51157
21,1000,55806
21,1000,51016
21,1000,51117
21,1000,50776
21,1000,55255
21,1000,51618
21,1000,51147
21,1000,54273
21,1000,51468
21,1000,51006
21,1000,55495
21,1000,187034
21,1000,63109
21,1000,69532
21,1000,128373
21,1000,132751
21,1000,113575
21,1000,52479
21,1000,57920
21,1000,52830
21,1000,52269
21,1000,57168
21,1000,52540
21,1000,51839
21,1000,55546
21,1000,52359
21,1000,51468
21,1000,64352
21,1000,58801
21,1000,53521
21,1000,53822
21,1000,147459
21,1000,217923
21,1000,278768
21,1000,277124
21,1000,197494
21,1000,75794
21,1000,68500
21,1000,51888
21,1000,50466
21,1000,50315
21,1000,51657
21,1000,50826
21,1000,49704
21,1000,58140
21,1000,51437
21,1000,49944
21,1000,49965
21,1000,50686
21,1000,222953
21,1000,63841
21,1000,63050
21,1000,53872
21,1000,52800
21,1000,53020
21,1000,52019
21,1000,55425
21,1000,56877
21,1000,52440
21,1000,51868
21,1000,55786
21,1000,51617
21,1000,60805
21,1000,51197
21,1000,54473
21,1000,52610
21,1000,60675
21,1000,251637
21,1000,69582
21,1000,79861
21,1000,66326
21,1000,52098
21,1000,57990
21,1000,52038
21,1000,63140
21,1000,56737
21,1000,51998
21,1000,51798
21,1000,55876
21,1000,52870
21,1000,52429
21,1000,55856
21,1000,52259
21,1000,51638
21,1000,205529
21,1000,63932
21,1000,88087
21,1000,127592
21,1000,121800
21,1000,103726
21,1000,56757
21,1000,52579
21,1000,52339
21,1000,55735
21,1000,52419
21,1000,52560
21,1000,54784
21,1000,52499
21,1000,51317
21,1000,55084
21,1000,56296
21,1000,51718
21,1000,194639
21,1000,54062
21,1000,51638
21,1000,50305
21,1000,51338
21,1000,51467
21,1000,50286
21,1000,49904
21,1000,51057
21,1000,50346
21,1000,49985
21,1000,52008
21,1000,49864
21,1000,74712
21,1000,54684
21,1000,51358
21,1000,56046
21,1000,225207
21,1000,62678
21,1000,70884
21,1000,54553
21,1000,53061
21,1000,57228
21,1000,51868
21,1000,51878
21,1000,55685
21,1000,52880
21,1000,51107
21,1000,51427
21,1000,55274
21,1000,52158
21,1000,52530
21,1000,53071
21,1000,52479
21,1000,51868
21,1000,67598
21,1000,99759
21,1000,296832
21,1000,56728
21,1000,75092
21,1000,124145
21,1000,129165
21,1000,102584
21,1000,52279
21,1000,52920
21,1000,53591
21,1000,51077
21,1000,52038
21,1000,53932
21,1000,51006
21,1000,58000
21,1000,52419
21,1000,53211
21,1000,50967
21,1000,53712
21,1000,50626
21,1000,51448
21,1000,230076
21,1000,69231
21,1000,65103
21,1000,61035
21,1000,95932
21,1000,125167
21,1000,53101
21,1000,52860
21,1000,53041
21,1000,56107
21,1000,52249
21,1000,51889
21,1000,56197
21,1000,52669
21,1000,52990
21,1000,54754
21,1000,51227
21,1000,58882
21,1000,55225
21,1000,51388
21,1000,236448
21,1000,65754
21,1000,69381
21,1000,59873
21,1000,53160
21,1000,51848
21,1000,59132
21,1000,52329
21,1000,58872
21,1000,59713
21,1000,53722
21,1000,51958
21,1000,63180
21,1000,54423
21,1000,52600
21,1000,56106
21,1000,52589
21,1000,52960
21,1000,51908
21,1000,56738
21,1000,232841
21,1000,58260
21,1000,87375
21,1000,117773
21,1000,135246
21,1000,57339
21,1000,52479
21,1000,54874
21,1000,54754
21,1000,51858
21,1000,51328
21,1000,54323
21,1000,52079
21,1000,52419
21,1000,53090
21,1000,52049
21,1000,51267
21,1000,50666
21,1000,52449
21,1000,56287
21,1000,206982
21,1000,79320
21,1000,52780
21,1000,51347
21,1000,49765
21,1000,50986
21,1000,50335
21,1000,55064
21,1000,51107
21,1000,50776
21,1000,49834
21,1000,51096
21,1000,49985
21,1000,55104
21,1000,50766
21,1000,50566
21,1000,49764
21,1000,50045
21,1000,50776
21,1000,50536
21,1000,253409
21,1000,67147
21,1000,67859
21,1000,60886
21,1000,53161
21,1000,54042
21,1000,58090
21,1000,53392
21,1000,52710
21,1000,56738
21,1000,52740
21,1000,52680
21,1000,56257
21,1000,52900
21,1000,52519
21,1000,55656
21,1000,57469
21,1000,52499
21,1000,56537
21,1000,53241
21,1000,214746
21,1000,62308
21,1000,62097
21,1000,55836
21,1000,58070
21,1000,53321
21,1000,52179
21,1000,57489
21,1000,52870
21,1000,56366
21,1000,56136
21,1000,52089
21,1000,52229
21,1000,55365
21,1000,52239
21,1000,58480
21,1000,55205
21,1000,51908
21,1000,51437
21,1000,51207
21,1000,202924
21,1000,63551
21,1000,62668
21,1000,82226
21,1000,52029
21,1000,57609
21,1000,52068
21,1000,53071
21,1000,63140
21,1000,52970
21,1000,51418
21,1000,55785
21,1000,52429
21,1000,53251
21,1000,55886
21,1000,51828
21,1000,52289
21,1000,54123
21,1000,52129
21,1000,56647
21,1000,163931
21,1000,120799
21,1000,77897
21,1000,63640
21,1000,53301
21,1000,53502
21,1000,53381
21,1000,53331
21,1000,51768
21,1000,56136
21,1000,52309
21,1000,52339
21,1000,51898
21,1000,51698
21,1000,51638
21,1000,57869
21,1000,52028
21,1000,58010
21,1000,52069
21,1000,51969
21,1000,125037
21,1000,99709
21,1000,54894
21,1000,51528
21,1000,51017
21,1000,50175
21,1000,52008
21,1000,50406
21,1000,49994
21,1000,50967
21,1000,50246
21,1000,56186
21,1000,50846
21,1000,50055
21,1000,50776
21,1000,49584
21,1000,51117
21,1000,49735
21,1000,49955
21,1000,50696
21,1000,49964
21,1000,224134
21,1000,61326
21,1000,63871
21,1000,57108
21,1000,60435
21,1000,51628
21,1000,56357
21,1000,52679
21,1000,51989
21,1000,55636
21,1000,52309
21,1000,51257
21,1000,51057
21,1000,55144
21,1000,51117
21,1000,50907
21,1000,55204
21,1000,58852
21,1000,51587
21,1000,54243
21,1000,289087
21,1000,77857
21,1000,124366
21,1000,57599
21,1000,52590
21,1000,52780
21,1000,54183
21,1000,52710
21,1000,49554
21,1000,50155
21,1000,50305
21,1000,59242
21,1000,49884
21,1000,49985
21,1000,50465
21,1000,49363
21,1000,49905
21,1000,50255
21,1000,49724
21,1000,50626
21,1000,218835
21,1000,64522
21,1000,70203
21,1000,53241
21,1000,52540
21,1000,62719
22,1000,22312
22,1000,20238
22,1000,20239
22,1000,19797
22,1000,20017
22,1000,20198
22,1000,20098
22,1000,19898
22,1000,20018
22,1000,20088
22,1000,24146
22,1000,20169
22,1000,20178
22,1000,20228
22,1000,20549
22,1000,20248
22,1000,19967
22,1000,20238
22,1000,20168
22,1000,19938
22,1000,23655
22,1000,19808
22,1000,21140
22,1000,22212
22,1000,19818
22,1000,20128
22,1000,20068
22,1000,19838
22,1000,20018
22,1000,19808
22,1000,19657
22,1000,23304
22,1000,19918
22,1000,20559
22,1000,20078
22,1000,20008
22,1000,19908
22,1000,20068
22,1000,19747
22,1000,19957
22,1000,20058
22,1000,19768
22,1000,21871
22,1000,19928
22,1000,19698
22,1000,19637
22,1000,25528
22,1000,78849
22,1000,99478
22,1000,25509
22,1000,25889
22,1000,25368
22,1000,25107
22,1000,22152
22,1000,23354
22,1000,24576
22,1000,21641
22,1000,20849
22,1000,20879
22,1000,20750
22,1000,21782
22,1000,20869
22,1000,21290
22,1000,21271
22,1000,26180
22,1000,20589
22,1000,21110
22,1000,21291
22,1000,19938
22,1000,21140
22,1000,21261
22,1000,20849
22,1000,25499
22,1000,21060
22,1000,20499
22,1000,21651
22,1000,20609
22,1000,20599
22,1000,20769
22,1000,21421
22,1000,20499
22,1000,20539
22,1000,20519
22,1000,24115
22,1000,20739
22,1000,20609
22,1000,20118
22,1000,20228
22,1000,20389
22,1000,20048
22,1000,20278
22,1000,20309
22,1000,21160
22,1000,20268
22,1000,24176
22,1000,20338
22,1000,20559
22,1000,20218
22,1000,21261
22,1000,20729
22,1000,26771
22,1000,20158
22,1000,20669
22,1000,20199
22,1000,23594
22,1000,19867
22,1000,20478
22,1000,19988
22,1000,20169
22,1000,20358
22,1000,20789
22,1000,21260
22,1000,20118
22,1000,21130
22,1000,21651
22,1000,23735
22,1000,88517
22,1000,32081
22,1000,23174
22,1000,23504
22,1000,23324
22,1000,23174
22,1000,22994
22,1000,28815
22,1000,39335
22,1000,38894
22,1000,42991
22,1000,36950
22,1000,32041
22,1000,20128
22,1000,20138
22,1000,20298
22,1000,20138
22,1000,20248
22,1000,19958
22,1000,20269
22,1000,20148
22,1000,20329
22,1000,20559
22,1000,24576
22,1000,19977
22,1000,20158
22,1000,19988
22,1000,20328
22,1000,19988
22,1000,20289
22,1000,20128
22,1000,20028
22,1000,19958
22,1000,20088
22,1000,24216
22,1000,20149
22,1000,20158
22,1000,20659
22,1000,20048
22,1000,19808
22,1000,19897
22,1000,20118
22,1000,19968
22,1000,20288
22,1000,23815
22,1000,20027
22,1000,22332
22,1000,23214
22,1000,20138
22,1000,25909
22,1000,19868
22,1000,20118
22,1000,19808
22,1000,20128
22,1000,19998
22,1000,23435
22,1000,20258
22,1000,20409
22,1000,19987
22,1000,20198
22,1000,19647
22,1000,20048
22,1000,19967
22,1000,20198
22,1000,20028
22,1000,19968
22,1000,23244
22,1000,20118
22,1000,76625
22,1000,82847
22,1000,28314
22,1000,24386
22,1000,24457
22,1000,23785
22,1000,23685
22,1000,23064
22,1000,20379
22,1000,21711
22,1000,20979
22,1000,20639
22,1000,26781
22,1000,22182
22,1000,25969
22,1000,20278
22,1000,20338
22,1000,21220
22,1000,20780
22,1000,20459
22,1000,20579
22,1000,20158
22,1000,20068
22,1000,20679
22,1000,20509
22,1000,24837
22,1000,20469
22,1000,20368
22,1000,20188
22,1000,20218
22,1000,20519
22,1000,20088
22,1000,20339
22,1000,20028
22,1000,20108
22,1000,25328
22,1000,19767
22,1000,20098
22,1000,20158
22,1000,20278
22,1000,20299
22,1000,20208
22,1000,19988
22,1000,20318
22,1000,20549
22,1000,20569
22,1000,24035
22,1000,26750
22,1000,20279
22,1000,20018
22,1000,20449
22,1000,20238
22,1000,20188
22,1000,20339
22,1000,20238
22,1000,20249
22,1000,20529
22,1000,22683
22,1000,20379
22,1000,20048
22,1000,20269
22,1000,20348
22,1000,20288
22,1000,20198
22,1000,19978
22,1000,20559
22,1000,20348
22,1000,20498
22,1000,21761
22,1000,97074
22,1000,26491
22,1000,22743
22,1000,21480
22,1000,21520
22,1000,24937
22,1000,24507
22,1000,20399
22,1000,20810
22,1000,20820
22,1000,38283
22,1000,25479
22,1000,25198
22,1000,26009
22,1000,27692
22,1000,25819
22,1000,25008
22,1000,24737
22,1000,24647
22,1000,25058
22,1000,24687
22,1000,24727
22,1000,24957
22,1000,25438
22,1000,24727
22,1000,26821
22,1000,24937
22,1000,25469
22,1000,24516
22,1000,25428
22,1000,22323
22,1000,19988
22,1000,20168
22,1000,19567
22,1000,19557
22,1000,20819
22,1000,19648
22,1000,19857
22,1000,19817
22,1000,19778
22,1000,19728
22,1000,27261
22,1000,19887
22,1000,20729
22,1000,19637
22,1000,20388
22,1000,21020
22,1000,20329
22,1000,19737
22,1000,19857
22,1000,19598
22,1000,19867
22,1000,20458
22,1000,20089
22,1000,19497
22,1000,19827
22,1000,19647
22,1000,20669
22,1000,19768
22,1000,19908
22,1000,19888
22,1000,20068
22,1000,20389
22,1000,20178
22,1000,20038
22,1000,20038
22,1000,22673
22,1000,23956
22,1000,84029
22,1000,76044
22,1000,24687
22,1000,25629
22,1000,31250
22,1000,38173
22,1000,38222
22,1000,44073
22,1000,39234
22,1000,36208
22,1000,42401
22,1000,39164
22,1000,42280
22,1000,31269
22,1000,20980
22,1000,20990
22,1000,21000
22,1000,20960
22,1000,20910
22,1000,21380
22,1000,20749
22,1000,21401
22,1000,20950
22,1000,24266
22,1000,20760
22,1000,25097
22,1000,20428
22,1000,20098
22,1000,20308
22,1000,20158
22,1000,19787
22,1000,20719
22,1000,20219
22,1000,20429
22,1000,26259
22,1000,20639
22,1000,25138
22,1000,20118
22,1000,21270
22,1000,20619
22,1000,20940
22,1000,20359
22,1000,21080
22,1000,20028
22,1000,20008
22,1000,21090
22,1000,23865
22,1000,20269
22,1000,20940
22,1000,20298
22,1000,20770
22,1000,20468
22,1000,19847
22,1000,20189
22,1000,20058
22,1000,20799
22,1000,20058
22,1000,24046
22,1000,21160
22,1000,23354
22,1000,20509
22,1000,20429
22,1000,20309
22,1000,20038
22,1000,19998
22,1000,20208
22,1000,19918
22,1000,20138
22,1000,69903
22,1000,70453
22,1000,25278
22,1000,24697
22,1000,23595
22,1000,25228
22,1000,22422
22,1000,21761
22,1000,21060
22,1000,26350
22,1000,20338
22,1000,41188
22,1000,37050
22,1000,37591
22,1000,27211
22,1000,20308
22,1000,20188
22,1000,20388
22,1000,20378
22,1000,20789
22,1000,25829
22,1000,20399
22,1000,21501
22,1000,20749
22,1000,20279
22,1000,21220
22,1000,20720
22,1000,20388
22,1000,20138
22,1000,32672
22,1000,23385
22,1000,24196
22,1000,20369
22,1000,20379
22,1000,20749
22,1000,20058
22,1000,20028
22,1000,20268
22,1000,20629
22,1000,20278
22,1000,20830
22,1000,24687
22,1000,20439
22,1000,20278
22,1000,20168
22,1000,20719
22,1000,20409
22,1000,20239
22,1000,20970
22,1000,20789
22,1000,23554
22,1000,21210
22,1000,23685
22,1000,20700
22,1000,20158
22,1000,19868
22,1000,20890
22,1000,20088
22,1000,20469
22,1000,20048
22,1000,20679
22,1000,19887
22,1000,20038
22,1000,23715
22,1000,20099
22,1000,32130
22,1000,23755
22,1000,23154
22,1000,23124
22,1000,171976
22,1000,24256
22,1000,24516
22,1000,22693
22,1000,23605
22,1000,28173
22,1000,40707
22,1000,38844
22,1000,42240
22,1000,42250
22,1000,43192
22,1000,37341
22,1000,36389
22,1000,41118
22,1000,36689
22,1000,45566
22,1000,21200
22,1000,21000
22,1000,24246
22,1000,22042
22,1000,24376
22,1000,20369
22,1000,20329
22,1000,20759
22,1000,20889
22,1000,20389
22,1000,20419
22,1000,20369
22,1000,20028
22,1000,20178
22,1000,20209
22,1000,24246
22,1000,20058
22,1000,20168
22,1000,20088
22,1000,20158
22,1000,20188
22,1000,20007
22,1000,20218
22,1000,20128
22,1000,20008
22,1000,24296
22,1000,20228
22,1000,20118
22,1000,20068
22,1000,19748
22,1000,20339
22,1000,20018
22,1000,20138
22,1000,20018
22,1000,20078
22,1000,20278
22,1000,22373
22,1000,20158
22,1000,23614
22,1000,23224
22,1000,20509
22,1000,20028
22,1000,20058
22,1000,20128
22,1000,19978
22,1000,20198
22,1000,20128
22,1000,22051
22,1000,20118
22,1000,20309
22,1000,19867
22,1000,20558
22,1000,178417
22,1000,25488
22,1000,25568
22,1000,34034
22,1000,40547
22,1000,47069
22,1000,38422
22,1000,38302
22,1000,41378
22,1000,37471
22,1000,49624
22,1000,37321
22,1000,37090
22,1000,23684
22,1000,19426
22,1000,19407
22,1000,19527
22,1000,19506
22,1000,19287
22,1000,19336
22,1000,19347
22,1000,20158
22,1000,19096
22,1000,19427
22,1000,20228
22,1000,19046
22,1000,18926
22,1000,18846
22,1000,18896
22,1000,19146
22,1000,18906
22,1000,18875
22,1000,18936
22,1000,18986
22,1000,21711
22,1000,23725
22,1000,19677
22,1000,19557
22,1000,19608
22,1000,20308
22,1000,19527
22,1000,19537
22,1000,19577
22,1000,19477
22,1000,19777
22,1000,19717
22,1000,20549
22,1000,19457
22,1000,19677
22,1000,19728
22,1000,19687
22,1000,19557
22,1000,19588
22,1000,19507
22,1000,19607
22,1000,19547
22,1000,19457
22,1000,20880
22,1000,19547
22,1000,19617
22,1000,19677
22,1000,19477
22,1000,19527
22,1000,19808
22,1000,19387
22,1000,19547
22,1000,19787
22,1000,25177
22,1000,101974
22,1000,23995
22,1000,25308
22,1000,23735
22,1000,23124
22,1000,23104
22,1000,23184
22,1000,21711
22,1000,19978
22,1000,19918
22,1000,20068
22,1000,19477
22,1000,19887
22,1000,19847
22,1000,19738
22,1000,19507
22,1000,20559
22,1000,19798
22,1000,19397
22,1000,19367
22,1000,19607
22,1000,20058
22,1000,19437
22,1000,19858
22,1000,19637
22,1000,19336
22,1000,19687
22,1000,24777
22,1000,19717
22,1000,19346
22,1000,19277
22,1000,19487
22,1000,19878
22,1000,19637
22,1000,19558
22,1000,19327
22,1000,23044
22,1000,22472
22,1000,24045
22,1000,20479
22,1000,19657
22,1000,20178
22,1000,19968
22,1000,20018
22,1000,20048
22,1000,19958
22,1000,19908
22,1000,27973
22,1000,20228
22,1000,23675
22,1000,20269
22,1000,20118
22,1000,20309
22,1000,20268
22,1000,19848
22,1000,20058
22,1000,20198
22,1000,19887
22,1000,20088
22,1000,23415
22,1000,20008
22,1000,19727
22,1000,20379
22,1000,24927
22,1000,20559
22,1000,20829
22,1000,20369
22,1000,20819
22,1000,80142
22,1000,111311
22,1000,37852
22,1000,32742
22,1000,38974
22,1000,34586
22,1000,37050
22,1000,31269
22,1000,31980
22,1000,24486
22,1000,24827
22,1000,26079
22,1000,25138
22,1000,24767
22,1000,25037
22,1000,25138
22,1000,25578
22,1000,24326
22,1000,25428
22,1000,25028
22,1000,25368
22,1000,24797
22,1000,25128
22,1000,24887
22,1000,24646
22,1000,30508
22,1000,25699
22,1000,25609
22,1000,25498
22,1000,25278
22,1000,20378
22,1000,20209
22,1000,20699
22,1000,20319
22,1000,20378
22,1000,20178
22,1000,31440
22,1000,22172
22,1000,20007
22,1000,20689
22,1000,20349
22,1000,20408
22,1000,20388
22,1000,20819
22,1000,20489
22,1000,20880
22,1000,20328
22,1000,24065
22,1000,20198
22,1000,20078
22,1000,20048
22,1000,20368
22,1000,20790
22,1000,20108
22,1000,20779
22,1000,21040
22,1000,20148
22,1000,23755
22,1000,20880
22,1000,19857
22,1000,20799
22,1000,21030
22,1000,21080
22,1000,20339
22,1000,19887
22,1000,22663
22,1000,20038
22,1000,19537
22,1000,22513
22,1000,116751
22,1000,25328
22,1000,24887
22,1000,24025
22,1000,37962
22,1000,35297
22,1000,26991
22,1000,21380
22,1000,20148
22,1000,20268
22,1000,20309
22,1000,20319
22,1000,20228
22,1000,19828
22,1000,20959
22,1000,20148
22,1000,20509
22,1000,20549
22,1000,21010
22,1000,19978
22,1000,20288
22,1000,24226
22,1000,26951
22,1000,20229
22,1000,20599
22,1000,21150
22,1000,20369
22,1000,21090
22,1000,20338
22,1000,20178
22,1000,20188
22,1000,28364
22,1000,24506
22,1000,19948
22,1000,19927
22,1000,20048
22,1000,20178
22,1000,19877
22,1000,21231
22,1000,20058
22,1000,20058
22,1000,20820
22,1000,20038
22,1000,23725
22,1000,21171
22,1000,19937
22,1000,20119
22,1000,20769
22,1000,20058
22,1000,20068
22,1000,21070
22,1000,20159
22,1000,20138
22,1000,20368
22,1000,23123
22,1000,19638
22,1000,20128
22,1000,22582
22,1000,22412
22,1000,20629
22,1000,20829
22,1000,20469
22,1000,19968
22,1000,22803
22,1000,22793
22,1000,28143
22,1000,20810
22,1000,29065
22,1000,87796
22,1000,117422
22,1000,20459
22,1000,20489
22,1000,37110
22,1000,47289
22,1000,37711
22,1000,46668
22,1000,38804
22,1000,37982
22,1000,42260
22,1000,34686
22,1000,38272
22,1000,42521
22,1000,30347
22,1000,20548
22,1000,20649
22,1000,20509
22,1000,20368
22,1000,20398
22,1000,20920
22,1000,20118
22,1000,20438
22,1000,20168
22,1000,20308
22,1000,21441
22,1000,19527
22,1000,19627
22,1000,19888
22,1000,19507
22,1000,19547
22,1000,20339
22,1000,19417
22,1000,19547
22,1000,19808
22,1000,19838
22,1000,21070
22,1000,19587
22,1000,19547
22,1000,19868
22,1000,19567
22,1000,20058
22,1000,19847
22,1000,19627
22,1000,19657
22,1000,20048
22,1000,20659
22,1000,19607
22,1000,19898
22,1000,19557
22,1000,19638
22,1000,19838
22,1000,19688
22,1000,19537
22,1000,21240
22,1000,19577
22,1000,19807
22,1000,20679
22,1000,29636
22,1000,19557
22,1000,19527
22,1000,20108
22,1000,19968
22,1000,19707
22,1000,19597
22,1000,19587
22,1000,19838
22,1000,19648
22,1000,64722
22,1000,104088
22,1000,22994
22,1000,23905
22,1000,23786
22,1000,24957
22,1000,25989
22,1000,20779
22,1000,21181
22,1000,20699
22,1000,23895
22,1000,23785
22,1000,25288
22,1000,26109
22,1000,20649
22,1000,20669
22,1000,26470
22,1000,20518
22,1000,20208
22,1000,20339
22,1000,20579
22,1000,20449
22,1000,21010
22,1000,20389
22,1000,20188
22,1000,20689
22,1000,24246
22,1000,20168
22,1000,20088
22,1000,19928
22,1000,19847
22,1000,20329
22,1000,20299
22,1000,20038
22,1000,20609
22,1000,20339
22,1000,19888
22,1000,23705
22,1000,20238
22,1000,19958
22,1000,19918
22,1000,20369
22,1000,19978
22,1000,20168
22,1000,20358
22,1000,20188
22,1000,20058
22,1000,20409
22,1000,23415
22,1000,19948
22,1000,19797
22,1000,21792
22,1000,21170
22,1000,19897
22,1000,20388
22,1000,20279
22,1000,28354
22,1000,20088
22,1000,19847
22,1000,23624
22,1000,20478
22,1000,21761
22,1000,25178
22,1000,20348
22,1000,20158
22,1000,20268
22,1000,20599
22,1000,20749
22,1000,22933
22,1000,108736
22,1000,22853
22,1000,21871
22,1000,20730
22,1000,24737
22,1000,25238
22,1000,19627
22,1000,19738
22,1000,20208
22,1000,19648
22,1000,19577
22,1000,19567
22,1000,19677
22,1000,20018
22,1000,19657
22,1000,22753
22,1000,19777
22,1000,19627
22,1000,30247
22,1000,22924
22,1000,21240
22,1000,19517
22,1000,19918
22,1000,19547
22,1000,19608
22,1000,19507
22,1000,20719
22,1000,19547
22,1000,19587
22,1000,19607
22,1000,19527
22,1000,19537
22,1000,20438
22,1000,19497
22,1000,20098
22,1000,19587
22,1000,19557
22,1000,20619
22,1000,19607
22,1000,19507
22,1000,19617
22,1000,19587
22,1000,20419
22,1000,21300
22,1000,21230
22,1000,21290
22,1000,20929
22,1000,19517
22,1000,20539
22,1000,19697
22,1000,19617
22,1000,19577
22,1000,19778
22,1000,19597
22,1000,19697
22,1000,27002
22,1000,23585
22,1000,21100
22,1000,20589
22,1000,19517
22,1000,19587
22,1000,20449
22,1000,19998
22,1000,19848
23,1000,19748
23,1000,19648
23,1000,19777
23,1000,19547
23,1000,81725
23,1000,107244
23,1000,20939
23,1000,20829
23,1000,23013
23,1000,26550
23,1000,20278
23,1000,20108
23,1000,20439
23,1000,20378
23,1000,20269
23,1000,20108
23,1000,20219
23,1000,20318
23,1000,21160
23,1000,19908
23,1000,19607
23,1000,19547
23,1000,36670
23,1000,23635
23,1000,19888
23,1000,19787
23,1000,19648
23,1000,19667
23,1000,19337
23,1000,20418
23,1000,19637
23,1000,19687
23,1000,19587
23,1000,19537
23,1000,19747
23,1000,20319
23,1000,19597
23,1000,19918
23,1000,19608
23,1000,19747
23,1000,20429
23,1000,19768
23,1000,19898
23,1000,19577
23,1000,19577
23,1000,19687
23,1000,19948
23,1000,19678
23,1000,19587
23,1000,19437
23,1000,19587
23,1000,20379
23,1000,19527
23,1000,19838
23,1000,19437
23,1000,19577
23,1000,19597
23,1000,21641
23,1000,20308
23,1000,20509
23,1000,19507
23,1000,20669
23,1000,20058
23,1000,19678
23,1000,19557
23,1000,19547
23,1000,20980
23,1000,19517
23,1000,19537
23,1000,19667
23,1000,19527
23,1000,19517
23,1000,23555
23,1000,118734
23,1000,22733
23,1000,24586
23,1000,23795
23,1000,23405
23,1000,23996
23,1000,23915
23,1000,21079
23,1000,20148
23,1000,20388
23,1000,20118
23,1000,20178
23,1000,20629
23,1000,20299
23,1000,21130
23,1000,25408
23,1000,27773
23,1000,20148
23,1000,20068
23,1000,19957
23,1000,20047
23,1000,19797
23,1000,20579
23,1000,20259
23,1000,20158
23,1000,20108
23,1000,24216
23,1000,20018
23,1000,20028
23,1000,20399
23,1000,20108
23,1000,20168
23,1000,21100
23,1000,20449
23,1000,19978
23,1000,20098
23,1000,24066
23,1000,20068
23,1000,20238
23,1000,20269
23,1000,20288
23,1000,19998
23,1000,19948
23,1000,19858
23,1000,20058
23,1000,20238
23,1000,20188
23,1000,23755
23,1000,20439
23,1000,19988
23,1000,20078
23,1000,20128
23,1000,20449
23,1000,26230
23,1000,21521
23,1000,20188
23,1000,20359
23,1000,19858
23,1000,23675
23,1000,20248
23,1000,20649
23,1000,20018
23,1000,20188
23,1000,20269
23,1000,20178
23,1000,20058
23,1000,20017
23,1000,19907
23,1000,106191
23,1000,24597
23,1000,23865
23,1000,23495
23,1000,23825
23,1000,23674
23,1000,24046
23,1000,20539
23,1000,20709
23,1000,20148
23,1000,20739
23,1000,20519
23,1000,20659
23,1000,20910
23,1000,20980
23,1000,20609
23,1000,29646
23,1000,20339
23,1000,20098
23,1000,20529
23,1000,20409
23,1000,20839
23,1000,20268
23,1000,20169
23,1000,20719
23,1000,20589
23,1000,20199
23,1000,24666
23,1000,19937
23,1000,20288
23,1000,20219
23,1000,20769
23,1000,20789
23,1000,20308
23,1000,20178
23,1000,20378
23,1000,20309
23,1000,23945
23,1000,20048
23,1000,19817
23,1000,20279
23,1000,20489
23,1000,20649
23,1000,20168
23,1000,20690
23,1000,23766
23,1000,20609
23,1000,20569
23,1000,23414
23,1000,20098
23,1000,20058
23,1000,20299
23,1000,27071
23,1000,20018
23,1000,20248
23,1000,20209
23,1000,19938
23,1000,19797
23,1000,19918
23,1000,23284
23,1000,19787
23,1000,20028
23,1000,20479
23,1000,20198
23,1000,20249
23,1000,20408
23,1000,19997
23,1000,20770
23,1000,24156
23,1000,91824
23,1000,76826
23,1000,22763
23,1000,23705
23,1000,22904
23,1000,23014
23,1000,29456
23,1000,21831
23,1000,21411
23,1000,19908
23,1000,19767
23,1000,19657
23,1000,19828
23,1000,19837
23,1000,28364
23,1000,19537
23,1000,19707
23,1000,24617
23,1000,19607
23,1000,19587
23,1000,20088
23,1000,19577
23,1000,20478
23,1000,19667
23,1000,20098
23,1000,19356
23,1000,19657
23,1000,19687
23,1000,24156
23,1000,19687
23,1000,19517
23,1000,19537
23,1000,20238
23,1000,19637
23,1000,19627
23,1000,19758
23,1000,19416
23,1000,19557
23,1000,19467
23,1000,23414
23,1000,19747
23,1000,19728
23,1000,22823
23,1000,22393
23,1000,19987
23,1000,19938
23,1000,20158
23,1000,19658
23,1000,19727
23,1000,23605
23,1000,19897
23,1000,26470
23,1000,20278
23,1000,19517
23,1000,19617
23,1000,19728
23,1000,19898
23,1000,19697
23,1000,19677
23,1000,19658
23,1000,22071
23,1000,19858
23,1000,19858
23,1000,20007
23,1000,19918
23,1000,19918
23,1000,19858
23,1000,19767
23,1000,78158
23,1000,95391
23,1000,20248
23,1000,20068
23,1000,23444
23,1000,21862
23,1000,21290
23,1000,33754
23,1000,41899
23,1000,37201
23,1000,50366
23,1000,26430
23,1000,18986
23,1000,19086
23,1000,19187
23,1000,19276
23,1000,19267
23,1000,20730
23,1000,19306
23,1000,19507
23,1000,19106
23,1000,19266
23,1000,19377
23,1000,19086
23,1000,19146
23,1000,19056
23,1000,19056
23,1000,20439
23,1000,19066
23,1000,19146
23,1000,19147
23,1000,19698
23,1000,19146
23,1000,18946
23,1000,19137
23,1000,19117
23,1000,19107
23,1000,19617
23,1000,20148
23,1000,19136
23,1000,22423
23,1000,22602
23,1000,19627
23,1000,19607
23,1000,19667
23,1000,19557
23,1000,19687
23,1000,19547
23,1000,19617
23,1000,20459
23,1000,19466
23,1000,19466
23,1000,19547
23,1000,19497
23,1000,19297
23,1000,19567
23,1000,19497
23,1000,19477
23,1000,19928
23,1000,19567
23,1000,20299
23,1000,19637
23,1000,19497
23,1000,19547
23,1000,19677
23,1000,19477
23,1000,19547
23,1000,19467
23,1000,19647
23,1000,176695
23,1000,25849
23,1000,27983
23,1000,28714
23,1000,27462
23,1000,25578
23,1000,20579
23,1000,20339
23,1000,20369
23,1000,25659
23,1000,20128
23,1000,20118
23,1000,20248
23,1000,20940
23,1000,20299
23,1000,20469
23,1000,20779
23,1000,20529
23,1000,20439
23,1000,21010
23,1000,20219
23,1000,21130
23,1000,20188
23,1000,20168
23,1000,20469
23,1000,21230
23,1000,19657
23,1000,20229
23,1000,20008
23,1000,19697
23,1000,19778
23,1000,20279
23,1000,20579
23,1000,19567
23,1000,19537
23,1000,20489
23,1000,20880
23,1000,19547
23,1000,19537
23,1000,23865
23,1000,19547
23,1000,19928
23,1000,20378
23,1000,19667
23,1000,19677
23,1000,19617
23,1000,26971
23,1000,20729
23,1000,19667
23,1000,20058
23,1000,19597
23,1000,19507
23,1000,20419
23,1000,19547
23,1000,19597
23,1000,19677
23,1000,20238
23,1000,19577
23,1000,20429
23,1000,19687
23,1000,19748
23,1000,20118
23,1000,21000
23,1000,28274
23,1000,23414
23,1000,20438
23,1000,20208
23,1000,65284
23,1000,65735
23,1000,23024
23,1000,23093
23,1000,23534
23,1000,23474
23,1000,23415
23,1000,22693
23,1000,20990
23,1000,20479
23,1000,28264
23,1000,21511
23,1000,20018
23,1000,20149
23,1000,19988
23,1000,20168
23,1000,20339
23,1000,24927
23,1000,20479
23,1000,20829
23,1000,20138
23,1000,20769
23,1000,20299
23,1000,20258
23,1000,20980
23,1000,20068
23,1000,19998
23,1000,20309
23,1000,24516
23,1000,20268
23,1000,20298
23,1000,20198
23,1000,20119
23,1000,19978
23,1000,20428
23,1000,20038
23,1000,20399
23,1000,20920
23,1000,20208
23,1000,23946
23,1000,20218
23,1000,20027
23,1000,20559
23,1000,20258
23,1000,20158
23,1000,20339
23,1000,20098
23,1000,25418
23,1000,20078
23,1000,22302
23,1000,23695
23,1000,20008
23,1000,19978
23,1000,20018
23,1000,20248
23,1000,19948
23,1000,20018
23,1000,20238
23,1000,20168
23,1000,20268
23,1000,22874
23,1000,19867
23,1000,20118
23,1000,19998
23,1000,20068
23,1000,19928
23,1000,20438
23,1000,22061
23,1000,20770
23,1000,111972
23,1000,33864
23,1000,27773
23,1000,27442
23,1000,24056
23,1000,29276
23,1000,28555
23,1000,32611
23,1000,24697
23,1000,24336
23,1000,25017
23,1000,23595
23,1000,23384
23,1000,24246
23,1000,24756
23,1000,28333
23,1000,23856
23,1000,23544
23,1000,24716
23,1000,23414
23,1000,23675
23,1000,23665
23,1000,23495
23,1000,23424
23,1000,23324
23,1000,23044
23,1000,28103
23,1000,23444
23,1000,23555
23,1000,23324
23,1000,24256
23,1000,20459
23,1000,20028
23,1000,20890
23,1000,20168
23,1000,20960
23,1000,20779
23,1000,24316
23,1000,20178
23,1000,20479
23,1000,20299
23,1000,20228
23,1000,20238
23,1000,20339
23,1000,20188
23,1000,20148
23,1000,20169
23,1000,20939
23,1000,23965
23,1000,20930
23,1000,20418
23,1000,20889
23,1000,19808
23,1000,19888
23,1000,20048
23,1000,19957
23,1000,20017
23,1000,20949
23,1000,23775
23,1000,20839
23,1000,19938
23,1000,20479
23,1000,20088
23,1000,20739
23,1000,20027
23,1000,21079
23,1000,20729
23,1000,22683
23,1000,73529
23,1000,113635
23,1000,28093
23,1000,23925
23,1000,23465
23,1000,23084
23,1000,24086
23,1000,24095
23,1000,20659
23,1000,20288
23,1000,20589
23,1000,20449
23,1000,20459
23,1000,20308
23,1000,20869
23,1000,20058
23,1000,25257
23,1000,20459
23,1000,20058
23,1000,20218
23,1000,20108
23,1000,20008
23,1000,20088
23,1000,20308
23,1000,20789
23,1000,20088
23,1000,19997
23,1000,24556
23,1000,20058
23,1000,20078
23,1000,20278
23,1000,20168
23,1000,20840
23,1000,20178
23,1000,20048
23,1000,20209
23,1000,19938
23,1000,20168
23,1000,30448
23,1000,20078
23,1000,20098
23,1000,20028
23,1000,20148
23,1000,20108
23,1000,20008
23,1000,20178
23,1000,20108
23,1000,20108
23,1000,20088
23,1000,24096
23,1000,20008
23,1000,20128
23,1000,20309
23,1000,19978
23,1000,20108
23,1000,20258
23,1000,19848
23,1000,20279
23,1000,20158
23,1000,22713
23,1000,19938
23,1000,20007
23,1000,20488
23,1000,22943
23,1000,25599
23,1000,22743
23,1000,19817
23,1000,20018
23,1000,20889
23,1000,82806
23,1000,26661
23,1000,23895
23,1000,24066
23,1000,24586
23,1000,24706
23,1000,27412
23,1000,20399
23,1000,21280
23,1000,20369
23,1000,20829
23,1000,20278
23,1000,20879
23,1000,21120
23,1000,20859
23,1000,20870
23,1000,20900
23,1000,25258
23,1000,20248
23,1000,19747
23,1000,20349
23,1000,20959
23,1000,20488
23,1000,20929
23,1000,20369
23,1000,20929
23,1000,20949
23,1000,24657
23,1000,21130
23,1000,20449
23,1000,23274
23,1000,22633
23,1000,20769
23,1000,20138
23,1000,19938
23,1000,20559
23,1000,21020
23,1000,20179
23,1000,24506
23,1000,20519
23,1000,20650
23,1000,20388
23,1000,20950
23,1000,20499
23,1000,20920
23,1000,20028
23,1000,20208
23,1000,20259
23,1000,20479
23,1000,23624
23,1000,20208
23,1000,21260
23,1000,20569
23,1000,20098
23,1000,20178
23,1000,20899
23,1000,19817
23,1000,20900
23,1000,20329
23,1000,20368
23,1000,24306
23,1000,20199
23,1000,20248
23,1000,20679
23,1000,20429
23,1000,21030
23,1000,20399
23,1000,23945
23,1000,70443
23,1000,121490
23,1000,23394
23,1000,23244
23,1000,23515
23,1000,23274
23,1000,23875
23,1000,32802
23,1000,20619
23,1000,20458
23,1000,19938
23,1000,21000
23,1000,20329
23,1000,20228
23,1000,20218
23,1000,20870
23,1000,19938
23,1000,20639
23,1000,25699
23,1000,20549
23,1000,20669
23,1000,20188
23,1000,20519
23,1000,20619
23,1000,20459
23,1000,20699
23,1000,20409
23,1000,20609
23,1000,20188
23,1000,24236
23,1000,20088
23,1000,20569
23,1000,21171
23,1000,20118
23,1000,20179
23,1000,20238
23,1000,20740
23,1000,21320
23,1000,20088
23,1000,19948
23,1000,24186
23,1000,20268
23,1000,20098
23,1000,20338
23,1000,20058
23,1000,20499
23,1000,20118
23,1000,20169
23,1000,19978
23,1000,19917
23,1000,24246
23,1000,20169
23,1000,19967
23,1000,20218
23,1000,19978
23,1000,20088
23,1000,19968
23,1000,19948
23,1000,19727
23,1000,20299
23,1000,20018
23,1000,22453
23,1000,20038
23,1000,20128
23,1000,20619
23,1000,21511
23,1000,22583
23,1000,19968
23,1000,19908
23,1000,93667
23,1000,78428
23,1000,20970
23,1000,20599
23,1000,23244
23,1000,23114
23,1000,20409
23,1000,20399
23,1000,20498
23,1000,20298
23,1000,21181
23,1000,20228
23,1000,20399
23,1000,20379
23,1000,20268
23,1000,20238
23,1000,20088
23,1000,20138
23,1000,20699
23,1000,20128
23,1000,20138
23,1000,20078
23,1000,20108
23,1000,21732
23,1000,19667
23,1000,19918
23,1000,23204
23,1000,19607
23,1000,19767
23,1000,19738
23,1000,19547
23,1000,19597
23,1000,24586
23,1000,19647
23,1000,20549
23,1000,19587
23,1000,19497
23,1000,19997
23,1000,19497
23,1000,19577
23,1000,19547
23,1000,19487
23,1000,19577
23,1000,19517
23,1000,19627
23,1000,20549
23,1000,19768
23,1000,19867
23,1000,19617
23,1000,19507
23,1000,19517
23,1000,19607
23,1000,19597
23,1000,19506
23,1000,20078
23,1000,19427
23,1000,20469
23,1000,19667
23,1000,19557
23,1000,19537
23,1000,19477
23,1000,19517
23,1000,19888
23,1000,19717
23,1000,22823
23,1000,19537
23,1000,20399
23,1000,19677
23,1000,68259
23,1000,116080
23,1000,23364
23,1000,23654
23,1000,23404
23,1000,23805
23,1000,22282
23,1000,21080
23,1000,19788
23,1000,19908
23,1000,20068
23,1000,23164
23,1000,20499
23,1000,20759
23,1000,25008
23,1000,20288
23,1000,20258
23,1000,20188
23,1000,20659
23,1000,20068
23,1000,20449
23,1000,20178
23,1000,19948
23,1000,20229
23,1000,24366
23,1000,22052
23,1000,20088
23,1000,20098
23,1000,20178
23,1000,19918
23,1000,19998
23,1000,19707
23,1000,38764
23,1000,20128
23,1000,19898
23,1000,24206
23,1000,19988
23,1000,20028
23,1000,20769
23,1000,19768
23,1000,19868
23,1000,19817
23,1000,20008
23,1000,19747
23,1000,19848
23,1000,19878
23,1000,23615
23,1000,19877
23,1000,20168
23,1000,19747
23,1000,19798
23,1000,19768
23,1000,19937
23,1000,20088
23,1000,19848
23,1000,20098
23,1000,19777
23,1000,21611
23,1000,19918
23,1000,19817
23,1000,19838
23,1000,19927
23,1000,19547
23,1000,19738
23,1000,19647
23,1000,19928
23,1000,19757
23,1000,21050
23,1000,20479
23,1000,90471
23,1000,75933
23,1000,25097
23,1000,25488
23,1000,26230
23,1000,23354
23,1000,20158
23,1000,19928
23,1000,31279
23,1000,37962
23,1000,42080
23,1000,23695
23,1000,20709
23,1000,19467
23,1000,19357
23,1000,19496
23,1000,19447
23,1000,19386
23,1000,20028
23,1000,19426
23,1000,19327
23,1000,19457
23,1000,19387
23,1000,20208
23,1000,22583
23,1000,22051
23,1000,19527
23,1000,19767
23,1000,27923
23,1000,19467
23,1000,19476
23,1000,19567
23,1000,19517
23,1000,19467
23,1000,20529
23,1000,19487
23,1000,19517
23,1000,19898
23,1000,19537
23,1000,19467
23,1000,19486
23,1000,19476
23,1000,19537
23,1000,19527
23,1000,19777
23,1000,20338
23,1000,19507
23,1000,19738
23,1000,19467
23,1000,19317
23,1000,19668
23,1000,19457
23,1000,20088
23,1000,19437
23,1000,19457
23,1000,20358
23,1000,19517
23,1000,21931
23,1000,19978
23,1000,19447
23,1000,20068
23,1000,19517
23,1000,19477
23,1000,19677
23,1000,19637
23,1000,26571
23,1000,20388
23,1000,19637
23,1000,69542
23,1000,27021
23,1000,24486
23,1000,25678
23,1000,25929
23,1000,26219
23,1000,20339
23,1000,21030
23,1000,20620
23,1000,20489
23,1000,20449
23,1000,20980
23,1000,21080
23,1000,20048
23,1000,20649
23,1000,20429
23,1000,25058
23,1000,20529
23,1000,20689
23,1000,20028
23,1000,21030
23,1000,20218
23,1000,20219
23,1000,20429
23,1000,20088
23,1000,20239
23,1000,21501
23,1000,24566
23,1000,25889
23,1000,21140
23,1000,20008
23,1000,20750
23,1000,21240
23,1000,20289
23,1000,20539
23,1000,20989
23,1000,20198
23,1000,24005
24,1000,20508
24,1000,20649
24,1000,20399
24,1000,20328
24,1000,21060
24,1000,20068
24,1000,20138
24,1000,20178
24,1000,20188
24,1000,19948
24,1000,23785
24,1000,20379
24,1000,20158
24,1000,20017
24,1000,20168
24,1000,20098
24,1000,21140
24,1000,19988
24,1000,20178
24,1000,23615
24,1000,20298
24,1000,24997
24,1000,22562
24,1000,24386
24,1000,27612
24,1000,24406
24,1000,27793
24,1000,30036
24,1000,20228
24,1000,20248
24,1000,70984
24,1000,40507
24,1000,84680
24,1000,20259
24,1000,20178
24,1000,20088
24,1000,21391
24,1000,20579
24,1000,21270
24,1000,20318
24,1000,20869
24,1000,20299
24,1000,20148
24,1000,20138
24,1000,20449
24,1000,20008
24,1000,20910
24,1000,19477
24,1000,20078
24,1000,19517
24,1000,19557
24,1000,21981
24,1000,22973
24,1000,19547
24,1000,19597
24,1000,19557
24,1000,19948
24,1000,26400
24,1000,19537
24,1000,19597
24,1000,19657
24,1000,19537
24,1000,19587
24,1000,19597
24,1000,19567
24,1000,19647
24,1000,20058
24,1000,20699
24,1000,19627
24,1000,19537
24,1000,19667
24,1000,19727
24,1000,19638
24,1000,19787
24,1000,19507
24,1000,19678
24,1000,19767
24,1000,19648
24,1000,20719
24,1000,19547
24,1000,19638
24,1000,19557
24,1000,19527
24,1000,19577
24,1000,19507
24,1000,19557
24,1000,19847
24,1000,19897
24,1000,19567
24,1000,20599
24,1000,19517
24,1000,19557
24,1000,19457
24,1000,19637
24,1000,19567
24,1000,25137
24,1000,19617
24,1000,19677
24,1000,19757
24,1000,78538
24,1000,91263
24,1000,25238
24,1000,24737
24,1000,30688
24,1000,47140
24,1000,37050
24,1000,41028
24,1000,38563
24,1000,40486
24,1000,40587
24,1000,36419
24,1000,38042
24,1000,45476
24,1000,31660
24,1000,20209
24,1000,20328
24,1000,20780
24,1000,20829
24,1000,46098
24,1000,23545
24,1000,20219
24,1000,21421
24,1000,20519
24,1000,20449
24,1000,25318
24,1000,19908
24,1000,20238
24,1000,21130
24,1000,20268
24,1000,20890
24,1000,20900
24,1000,20158
24,1000,19807
24,1000,20008
24,1000,20409
24,1000,24066
24,1000,20248
24,1000,19888
24,1000,21270
24,1000,19978
24,1000,21551
24,1000,20118
24,1000,20248
24,1000,20158
24,1000,20498
24,1000,23174
24,1000,21261
24,1000,19988
24,1000,20268
24,1000,22984
24,1000,24046
24,1000,20489
24,1000,20659
24,1000,20158
24,1000,20399
24,1000,20369
24,1000,23675
24,1000,20128
24,1000,20058
24,1000,20329
24,1000,21421
24,1000,19917
24,1000,20448
24,1000,21401
24,1000,20259
24,1000,20088
24,1000,21110
24,1000,88678
24,1000,84791
24,1000,58160
24,1000,51728
24,1000,52760
24,1000,58020
24,1000,47720
24,1000,46288
24,1000,63701
24,1000,93828
24,1000,25398
24,1000,25078
24,1000,23414
24,1000,23424
24,1000,57098
24,1000,41870
24,1000,33123
24,1000,19897
24,1000,20549
24,1000,20680
24,1000,20699
24,1000,20188
24,1000,20389
24,1000,20349
24,1000,20699
24,1000,20248
24,1000,20579
24,1000,24527
24,1000,20258
24,1000,20299
24,1000,20509
24,1000,19908
24,1000,22903
24,1000,22723
24,1000,22032
24,1000,20349
24,1000,20379
24,1000,20619
24,1000,32131
24,1000,21080
24,1000,20329
24,1000,20338
24,1000,21000
24,1000,20249
24,1000,20279
24,1000,20358
24,1000,20508
24,1000,20740
24,1000,25278
24,1000,19968
24,1000,22723
24,1000,20479
24,1000,23574
24,1000,21371
24,1000,20349
24,1000,20138
24,1000,20950
24,1000,20519
24,1000,20139
24,1000,23685
24,1000,20409
24,1000,20679
24,1000,20509
24,1000,138923
24,1000,29626
24,1000,28074
24,1000,33173
24,1000,27532
24,1000,27642
24,1000,25317
24,1000,23615
24,1000,23454
24,1000,23855
24,1000,22533
24,1000,20208
24,1000,25278
24,1000,20729
24,1000,20329
24,1000,22322
24,1000,20419
24,1000,21150
24,1000,20549
24,1000,20830
24,1000,19877
24,1000,21621
24,1000,25137
24,1000,20388
24,1000,20549
24,1000,20238
24,1000,20128
24,1000,20388
24,1000,20559
24,1000,20469
24,1000,20659
24,1000,20969
24,1000,21070
24,1000,23855
24,1000,20379
24,1000,20388
24,1000,20519
24,1000,20269
24,1000,30307
24,1000,20118
24,1000,20538
24,1000,19927
24,1000,20398
24,1000,20800
24,1000,23995
24,1000,20007
24,1000,20488
24,1000,20759
24,1000,19988
24,1000,21070
24,1000,19888
24,1000,20559
24,1000,23795
24,1000,21020
24,1000,20078
24,1000,23304
24,1000,20048
24,1000,20909
24,1000,25158
24,1000,22914
24,1000,20559
24,1000,25388
24,1000,83939
24,1000,36890
24,1000,67338
24,1000,22423
24,1000,22873
24,1000,23254
24,1000,29195
24,1000,23645
24,1000,25889
24,1000,21221
24,1000,20799
24,1000,47410
24,1000,37501
24,1000,35006
24,1000,20309
24,1000,20158
24,1000,20259
24,1000,20048
24,1000,20088
24,1000,24787
24,1000,20199
24,1000,20689
24,1000,20369
24,1000,19908
24,1000,20188
24,1000,20068
24,1000,20278
24,1000,19927
24,1000,19937
24,1000,20259
24,1000,24326
24,1000,20259
24,1000,20178
24,1000,20108
24,1000,19998
24,1000,22272
24,1000,22583
24,1000,20399
24,1000,20218
24,1000,20640
24,1000,33002
24,1000,20118
24,1000,20038
24,1000,20148
24,1000,19957
24,1000,19927
24,1000,20259
24,1000,20128
24,1000,19958
24,1000,20078
24,1000,21150
24,1000,28013
24,1000,20358
24,1000,20078
24,1000,20539
24,1000,20098
24,1000,20058
24,1000,20098
24,1000,20158
24,1000,20729
24,1000,20008
24,1000,20579
24,1000,84931
24,1000,23575
24,1000,23865
24,1000,26000
24,1000,23955
24,1000,23404
24,1000,23654
24,1000,21220
24,1000,20809
24,1000,30157
24,1000,20379
24,1000,20479
24,1000,20268
24,1000,20569
24,1000,20269
24,1000,20318
24,1000,20369
24,1000,20188
24,1000,20169
24,1000,20278
24,1000,19998
24,1000,20599
24,1000,20048
24,1000,20338
24,1000,20259
24,1000,20268
24,1000,24517
24,1000,19958
24,1000,20168
24,1000,20669
24,1000,19938
24,1000,19998
24,1000,20949
24,1000,20058
24,1000,19858
24,1000,19757
24,1000,20969
24,1000,23425
24,1000,20098
24,1000,20088
24,1000,20008
24,1000,22783
24,1000,23425
24,1000,19747
24,1000,20158
24,1000,19817
24,1000,31931
24,1000,20078
24,1000,22853
24,1000,19988
24,1000,20088
24,1000,20329
24,1000,19968
24,1000,20138
24,1000,20339
24,1000,20389
24,1000,20148
24,1000,20048
24,1000,19808
24,1000,23996
24,1000,20048
24,1000,20238
24,1000,92274
24,1000,52520
24,1000,23384
24,1000,23214
24,1000,23294
24,1000,23755
24,1000,23535
24,1000,20609
24,1000,20549
24,1000,20779
24,1000,20188
24,1000,20138
24,1000,20148
24,1000,20800
24,1000,20579
24,1000,31840
24,1000,25058
24,1000,19968
24,1000,19948
24,1000,19837
24,1000,19987
24,1000,20268
24,1000,19918
24,1000,20429
24,1000,19907
24,1000,20129
24,1000,24245
24,1000,19967
24,1000,19988
24,1000,19808
24,1000,19687
24,1000,20709
24,1000,19788
24,1000,19857
24,1000,20027
24,1000,20078
24,1000,20168
24,1000,24496
24,1000,20519
24,1000,20018
24,1000,19798
24,1000,19958
24,1000,19867
24,1000,19827
24,1000,20549
24,1000,19888
24,1000,20769
24,1000,22734
24,1000,25959
24,1000,20289
24,1000,20158
24,1000,24948
24,1000,20489
24,1000,20138
24,1000,20148
24,1000,19988
24,1000,20158
24,1000,20058
24,1000,19887
24,1000,23254
24,1000,20148
24,1000,20298
24,1000,86573
24,1000,96563
24,1000,21732
24,1000,21671
24,1000,21410
24,1000,50345
24,1000,35036
24,1000,37962
24,1000,42771
24,1000,38884
24,1000,42240
24,1000,30929
24,1000,20429
24,1000,20408
24,1000,21110
24,1000,25438
24,1000,21330
24,1000,20740
24,1000,20649
24,1000,20549
24,1000,20829
24,1000,21301
24,1000,20649
24,1000,21301
24,1000,20789
24,1000,21772
24,1000,19827
24,1000,20308
24,1000,20589
24,1000,19707
24,1000,20479
24,1000,20569
24,1000,19777
24,1000,19617
24,1000,19597
24,1000,19858
24,1000,20799
24,1000,19897
24,1000,20228
24,1000,19878
24,1000,20148
24,1000,19828
24,1000,20328
24,1000,19697
24,1000,19567
24,1000,20228
24,1000,22583
24,1000,20960
24,1000,20519
24,1000,19397
24,1000,19757
24,1000,19878
24,1000,25388
24,1000,19567
24,1000,19516
24,1000,19517
24,1000,20408
24,1000,19578
24,1000,20939
24,1000,19708
24,1000,19517
24,1000,19677
24,1000,20088
24,1000,19648
24,1000,19787
24,1000,19487
24,1000,20359
24,1000,19857
24,1000,73710
24,1000,65735
24,1000,20369
24,1000,20209
24,1000,20339
24,1000,21070
24,1000,19557
24,1000,19497
24,1000,19527
24,1000,19557
24,1000,19267
24,1000,19427
24,1000,19497
24,1000,20038
24,1000,19497
24,1000,23715
24,1000,22723
24,1000,26460
24,1000,20429
24,1000,25037
24,1000,19547
24,1000,20058
24,1000,19737
24,1000,19487
24,1000,19506
24,1000,20649
24,1000,19587
24,1000,19487
24,1000,19527
24,1000,19548
24,1000,19517
24,1000,19427
24,1000,20018
24,1000,19537
24,1000,19777
24,1000,20309
24,1000,20329
24,1000,19567
24,1000,19497
24,1000,21801
24,1000,21211
24,1000,19817
24,1000,20108
24,1000,19506
24,1000,19517
24,1000,19517
24,1000,19547
24,1000,20429
24,1000,19817
24,1000,20339
24,1000,19437
24,1000,21661
24,1000,19557
24,1000,19426
24,1000,25829
24,1000,19317
24,1000,19617
24,1000,19387
24,1000,20288
24,1000,19356
24,1000,19337
24,1000,19437
24,1000,19547
24,1000,20569
24,1000,21811
24,1000,26000
24,1000,19867
24,1000,30508
24,1000,23614
24,1000,131749
24,1000,31108
24,1000,26871
24,1000,46198
24,1000,47781
24,1000,46037
24,1000,48912
24,1000,44995
24,1000,50896
24,1000,46919
24,1000,40306
24,1000,44996
24,1000,45386
24,1000,24686
24,1000,24407
24,1000,23865
24,1000,24387
24,1000,24126
24,1000,23735
24,1000,24566
24,1000,23013
24,1000,24396
24,1000,24225
24,1000,23975
24,1000,28083
24,1000,23294
24,1000,23154
24,1000,24226
24,1000,23134
24,1000,24126
24,1000,25488
24,1000,20339
24,1000,20759
24,1000,20038
24,1000,25007
24,1000,20178
24,1000,21310
24,1000,20258
24,1000,20910
24,1000,19968
24,1000,21671
24,1000,20539
24,1000,19908
24,1000,19998
24,1000,22804
24,1000,24937
24,1000,22423
24,1000,22633
24,1000,22994
24,1000,21811
24,1000,22794
24,1000,23294
24,1000,21361
24,1000,22473
24,1000,22533
24,1000,22493
24,1000,27222
24,1000,21981
24,1000,22452
24,1000,24326
24,1000,21902
24,1000,20008
24,1000,20228
24,1000,20279
24,1000,19938
24,1000,21029
24,1000,24346
24,1000,87836
24,1000,121349
24,1000,22783
24,1000,24566
24,1000,23745
24,1000,22493
24,1000,23695
24,1000,23004
24,1000,20970
24,1000,20038
24,1000,20208
24,1000,21271
24,1000,22062
24,1000,22914
24,1000,21881
24,1000,21851
24,1000,21671
24,1000,22082
24,1000,21330
24,1000,21060
24,1000,21230
24,1000,22282
24,1000,21782
24,1000,22894
24,1000,22974
24,1000,22222
24,1000,21080
24,1000,20939
24,1000,21110
24,1000,21802
24,1000,29295
24,1000,20990
24,1000,20710
24,1000,22042
24,1000,20228
24,1000,20819
24,1000,20539
24,1000,20629
24,1000,21120
24,1000,21140
24,1000,21160
24,1000,21470
24,1000,22553
24,1000,21280
24,1000,21130
24,1000,21220
24,1000,21822
24,1000,20639
24,1000,20639
24,1000,19958
24,1000,20749
24,1000,21040
24,1000,21591
24,1000,20589
24,1000,20890
24,1000,21060
24,1000,21872
24,1000,21210
24,1000,21320
24,1000,20659
24,1000,23765
24,1000,27131
24,1000,24597
24,1000,22302
24,1000,39595
24,1000,23865
24,1000,19857
24,1000,20970
24,1000,21902
24,1000,84220
24,1000,36670
24,1000,25949
24,1000,23384
24,1000,23735
24,1000,22883
24,1000,22973
24,1000,23104
24,1000,20860
24,1000,20439
24,1000,20248
24,1000,20929
24,1000,20539
24,1000,26670
24,1000,21050
24,1000,20299
24,1000,20128
24,1000,19968
24,1000,20429
24,1000,20509
24,1000,23845
24,1000,20780
24,1000,20388
24,1000,19787
24,1000,24917
24,1000,27412
24,1000,19988
24,1000,20068
24,1000,20138
24,1000,20258
24,1000,19777
24,1000,20198
24,1000,19847
24,1000,19788
24,1000,20258
24,1000,24236
24,1000,19957
24,1000,20259
24,1000,20018
24,1000,20509
24,1000,20078
24,1000,20018
24,1000,19958
24,1000,19968
24,1000,19737
24,1000,23184
24,1000,19858
24,1000,20248
24,1000,19898
24,1000,20028
24,1000,20088
24,1000,20529
24,1000,19838
24,1000,20028
24,1000,19808
24,1000,20198
24,1000,23264
24,1000,19677
24,1000,22393
24,1000,23435
24,1000,20088
24,1000,19948
24,1000,26480
24,1000,19818
24,1000,20128
24,1000,20079
24,1000,20028
24,1000,23124
24,1000,20118
24,1000,100871
24,1000,79441
24,1000,23545
24,1000,23996
24,1000,23254
24,1000,23033
24,1000,24065
24,1000,24466
24,1000,29727
24,1000,38193
24,1000,46518
24,1000,27612
24,1000,20398
24,1000,20378
24,1000,28044
24,1000,20038
24,1000,19958
24,1000,19948
24,1000,20188
24,1000,19778
24,1000,33093
24,1000,20489
24,1000,20058
24,1000,20228
24,1000,20328
24,1000,24907
24,1000,20088
24,1000,20298
24,1000,19918
24,1000,20529
24,1000,19957
24,1000,20198
24,1000,19868
24,1000,20308
24,1000,20038
24,1000,24326
24,1000,20710
24,1000,20308
24,1000,19928
24,1000,19838
24,1000,19727
24,1000,20108
24,1000,19808
24,1000,19908
24,1000,20058
24,1000,19968
24,1000,23645
24,1000,19957
24,1000,19807
24,1000,19868
24,1000,19797
24,1000,19827
24,1000,19958
24,1000,23164
24,1000,22603
24,1000,20048
24,1000,20098
24,1000,23064
24,1000,20008
24,1000,20198
24,1000,20128
24,1000,19617
24,1000,20188
24,1000,20148
24,1000,19958
24,1000,20128
24,1000,22132
24,1000,21140
24,1000,83869
24,1000,101803
24,1000,23224
24,1000,24036
24,1000,24617
24,1000,23475
24,1000,24466
24,1000,21321
24,1000,20499
24,1000,20329
24,1000,21771
24,1000,20299
24,1000,20188
24,1000,20158
24,1000,20679
24,1000,25298
24,1000,20388
24,1000,19818
24,1000,20549
24,1000,24245
24,1000,24246
24,1000,20539
24,1000,20088
24,1000,20249
24,1000,20329
24,1000,20128
24,1000,24967
24,1000,20148
24,1000,19868
24,1000,21411
24,1000,22853
24,1000,21401
24,1000,20238
24,1000,20268
24,1000,20158
24,1000,20108
24,1000,20980
24,1000,24206
24,1000,19807
24,1000,20038
24,1000,20128
24,1000,20228
24,1000,20078
24,1000,20790
24,1000,20429
24,1000,20288
24,1000,20068
24,1000,20228
24,1000,23524
24,1000,20068
24,1000,22502
24,1000,22883
24,1000,20018
24,1000,20158
24,1000,31980
24,1000,24196
24,1000,23494
24,1000,19988
24,1000,23485
24,1000,19878
24,1000,20178
24,1000,20028
24,1000,20178
24,1000,20088
24,1000,20017
24,1000,20178
24,1000,20389
24,1000,22382
24,1000,20539
24,1000,123464
24,1000,20829
24,1000,20990
24,1000,20269
24,1000,20659
24,1000,21100
24,1000,21521
24,1000,19738
24,1000,20068
24,1000,19918
24,1000,22252
24,1000,20008
24,1000,20389
24,1000,19627
24,1000,20359
24,1000,20459
24,1000,36609
24,1000,22943
24,1000,20940
24,1000,19477
24,1000,19838
24,1000,19507
24,1000,19708
24,1000,19467
24,1000,19687
24,1000,19367
24,1000,20539
24,1000,19397
24,1000,19397
24,1000,19507
24,1000,19376
24,1000,19387
24,1000,19978
24,1000,19397
24,1000,19266
24,1000,19447
24,1000,19387
24,1000,20479
24,1000,19377
24,1000,19527
24,1000,19396
24,1000,19497
24,1000,19598
25,1000,50235
25,1000,48883
25,1000,49032
25,1000,54373
25,1000,63841
25,1000,57369
25,1000,54513
25,1000,211991
25,1000,56206
25,1000,104949
25,1000,119005
25,1000,116971
25,1000,78228
25,1000,51127
25,1000,59332
25,1000,55195
25,1000,49504
25,1000,56156
25,1000,50776
25,1000,49785
25,1000,55445
25,1000,50125
25,1000,50636
25,1000,57659
25,1000,50044
25,1000,54643
25,1000,50266
25,1000,215138
25,1000,64141
25,1000,58140
25,1000,52991
25,1000,51848
25,1000,52039
25,1000,51367
25,1000,51688
25,1000,52500
25,1000,49734
25,1000,51086
25,1000,51498
25,1000,49834
25,1000,50716
25,1000,52089
25,1000,49163
25,1000,56136
25,1000,50796
25,1000,57689
25,1000,54022
25,1000,205198
25,1000,62869
25,1000,61737
25,1000,59363
25,1000,51097
25,1000,50937
25,1000,56046
25,1000,50826
25,1000,50436
25,1000,53972
25,1000,50826
25,1000,62208
25,1000,50306
25,1000,54172
25,1000,50526
25,1000,50255
25,1000,52579
25,1000,50085
25,1000,50345
25,1000,52971
25,1000,246377
25,1000,66806
25,1000,60925
25,1000,119406
25,1000,56728
25,1000,52339
25,1000,54063
25,1000,52489
25,1000,57980
25,1000,51577
25,1000,51097
25,1000,55014
25,1000,51588
25,1000,51036
25,1000,56177
25,1000,50756
25,1000,50877
25,1000,54964
25,1000,56958
25,1000,56837
25,1000,230937
25,1000,63831
25,1000,63239
25,1000,64222
25,1000,57870
25,1000,53041
25,1000,56326
25,1000,52549
25,1000,52159
25,1000,55074
25,1000,51407
25,1000,50515
25,1000,57008
25,1000,58270
25,1000,60905
25,1000,52660
25,1000,54834
25,1000,51567
25,1000,51768
25,1000,75493
25,1000,286222
25,1000,63239
25,1000,94218
25,1000,123053
25,1000,116471
25,1000,90792
25,1000,53271
25,1000,52069
25,1000,57298
25,1000,51778
25,1000,51658
25,1000,56086
25,1000,53491
25,1000,51037
25,1000,50466
25,1000,61867
25,1000,51357
25,1000,52740
25,1000,55725
25,1000,52249
25,1000,194749
25,1000,62778
25,1000,62749
25,1000,75373
25,1000,51818
25,1000,50726
25,1000,55214
25,1000,50836
25,1000,50867
25,1000,53101
25,1000,66656
25,1000,50806
25,1000,51077
25,1000,54813
25,1000,50606
25,1000,50706
25,1000,53611
25,1000,50115
25,1000,57198
25,1000,64162
25,1000,232120
25,1000,66787
25,1000,56597
25,1000,69832
25,1000,53091
25,1000,51197
25,1000,53291
25,1000,56417
25,1000,51177
25,1000,52619
25,1000,52430
25,1000,56416
25,1000,52450
25,1000,51457
25,1000,55265
25,1000,51557
25,1000,49965
25,1000,54563
25,1000,52089
25,1000,65855
25,1000,222491
25,1000,67388
25,1000,66315
25,1000,63951
25,1000,51818
25,1000,50746
25,1000,55665
25,1000,50085
25,1000,50947
25,1000,54453
25,1000,50586
25,1000,51046
25,1000,60965
25,1000,51297
25,1000,55395
25,1000,53000
25,1000,60565
25,1000,49965
25,1000,50395
25,1000,55715
25,1000,189839
25,1000,50605
25,1000,79972
25,1000,51668
25,1000,49855
25,1000,49413
25,1000,55505
25,1000,49634
25,1000,48522
25,1000,48271
25,1000,50706
25,1000,48312
25,1000,48512
25,1000,49805
25,1000,48542
25,1000,48081
25,1000,50556
25,1000,49914
25,1000,50165
25,1000,51418
25,1000,288796
25,1000,75894
25,1000,122683
25,1000,117673
25,1000,100270
25,1000,48302
25,1000,49313
25,1000,49514
25,1000,49574
25,1000,48441
25,1000,49113
25,1000,48282
25,1000,51307
25,1000,60665
25,1000,48441
25,1000,48532
25,1000,49925
25,1000,48241
25,1000,48942
25,1000,49173
25,1000,196492
25,1000,63520
25,1000,59493
25,1000,53311
25,1000,50215
25,1000,56557
25,1000,51458
25,1000,58801
25,1000,57138
25,1000,58791
25,1000,62187
25,1000,60956
25,1000,54042
25,1000,51999
25,1000,73669
25,1000,53531
25,1000,54673
25,1000,57960
25,1000,76675
25,1000,117773
25,1000,314134
25,1000,66266
25,1000,82977
25,1000,121159
25,1000,115399
25,1000,104077
25,1000,55876
25,1000,53892
25,1000,81935
25,1000,51287
25,1000,51398
25,1000,55144
25,1000,50205
25,1000,51297
25,1000,50867
25,1000,54123
25,1000,50034
25,1000,51458
25,1000,55956
25,1000,51137
25,1000,227240
25,1000,77246
25,1000,65354
25,1000,63279
25,1000,51909
25,1000,51478
25,1000,51017
25,1000,55254
25,1000,50626
25,1000,50155
25,1000,54403
25,1000,51047
25,1000,50085
25,1000,54533
25,1000,50476
25,1000,49904
25,1000,54353
25,1000,50846
25,1000,60665
25,1000,54594
25,1000,226519
25,1000,65313
25,1000,106672
25,1000,115048
25,1000,96673
25,1000,51828
25,1000,51307
25,1000,54453
25,1000,63000
25,1000,49774
25,1000,50836
25,1000,51277
25,1000,50726
25,1000,49865
25,1000,51227
25,1000,50976
25,1000,53461
25,1000,56066
25,1000,49995
25,1000,51298
25,1000,252147
25,1000,74532
25,1000,61827
25,1000,69461
25,1000,50767
25,1000,54904
25,1000,55365
25,1000,53852
25,1000,50275
25,1000,60304
25,1000,51087
25,1000,54383
25,1000,49935
25,1000,58460
25,1000,50416
25,1000,52860
25,1000,59493
25,1000,62117
25,1000,57128
25,1000,51708
25,1000,235636
25,1000,53001
25,1000,51888
25,1000,50596
25,1000,50445
25,1000,50546
25,1000,50556
25,1000,50145
25,1000,53511
25,1000,48862
25,1000,58240
25,1000,49594
25,1000,49323
25,1000,48091
25,1000,48852
25,1000,48342
25,1000,47971
25,1000,49724
25,1000,48842
25,1000,48963
25,1000,237810
25,1000,73129
25,1000,67277
25,1000,64392
25,1000,77647
25,1000,87536
25,1000,51979
25,1000,51277
25,1000,56046
25,1000,50917
25,1000,50486
25,1000,55785
25,1000,51408
25,1000,49944
25,1000,53020
25,1000,51137
25,1000,50085
25,1000,52619
25,1000,50947
25,1000,56156
25,1000,240686
25,1000,55716
25,1000,54934
25,1000,91934
25,1000,57979
25,1000,55625
25,1000,52038
25,1000,52389
25,1000,52590
25,1000,52650
25,1000,49885
25,1000,57488
25,1000,51247
25,1000,50586
25,1000,49764
25,1000,50205
25,1000,51127
25,1000,50425
25,1000,56878
25,1000,53291
25,1000,296792
25,1000,79030
25,1000,116591
25,1000,144844
25,1000,134124
25,1000,121811
25,1000,64222
25,1000,66346
25,1000,70533
25,1000,65725
25,1000,64562
25,1000,68319
25,1000,62679
25,1000,80052
25,1000,68099
25,1000,64241
25,1000,59192
25,1000,62669
25,1000,57669
25,1000,50896
25,1000,208936
25,1000,62489
25,1000,62328
25,1000,63981
25,1000,56597
25,1000,69311
25,1000,65574
25,1000,50606
25,1000,50696
25,1000,53973
25,1000,51408
25,1000,50696
25,1000,53131
25,1000,51217
25,1000,50556
25,1000,50666
25,1000,52950
25,1000,51097
25,1000,54673
25,1000,102394
25,1000,306400
25,1000,61026
25,1000,59413
25,1000,55235
25,1000,58410
25,1000,52038
25,1000,51257
25,1000,51637
25,1000,51047
25,1000,55946
25,1000,52078
25,1000,53271
25,1000,61597
25,1000,50836
25,1000,50325
25,1000,53662
25,1000,50064
25,1000,49664
25,1000,53471
25,1000,51648
25,1000,278587
25,1000,64832
25,1000,105510
25,1000,126519
25,1000,84991
25,1000,54062
25,1000,53541
25,1000,52670
25,1000,57539
25,1000,52419
25,1000,53321
25,1000,55936
25,1000,52500
25,1000,50837
25,1000,55185
25,1000,51578
25,1000,51407
25,1000,55224
25,1000,57930
25,1000,52069
25,1000,194829
25,1000,62749
25,1000,60525
25,1000,64873
25,1000,52349
25,1000,52891
25,1000,56828
25,1000,51528
25,1000,52650
25,1000,52580
25,1000,56097
25,1000,54243
25,1000,62889
25,1000,67698
25,1000,51388
25,1000,51127
25,1000,54623
25,1000,51217
25,1000,57158
25,1000,54763
25,1000,201792
25,1000,66135
25,1000,62087
25,1000,55405
25,1000,55675
25,1000,56547
25,1000,51478
25,1000,50796
25,1000,55495
25,1000,50495
25,1000,51077
25,1000,53982
25,1000,50536
25,1000,50285
25,1000,54233
25,1000,50506
25,1000,50085
25,1000,54393
25,1000,51046
25,1000,50827
25,1000,184019
25,1000,106843
25,1000,62468
25,1000,61977
25,1000,51698
25,1000,52590
25,1000,55786
25,1000,52038
25,1000,52038
25,1000,56106
25,1000,52289
25,1000,52008
25,1000,55105
25,1000,52439
25,1000,65053
25,1000,54734
25,1000,52609
25,1000,50646
25,1000,55275
25,1000,51007
25,1000,132241
25,1000,106282
25,1000,62508
25,1000,58621
25,1000,55796
25,1000,51237
25,1000,50916
25,1000,68389
25,1000,58861
25,1000,49403
25,1000,56036
25,1000,50355
25,1000,50045
25,1000,54313
25,1000,51277
25,1000,51037
25,1000,49443
25,1000,53591
25,1000,50145
25,1000,49584
25,1000,53532
25,1000,282225
25,1000,91623
25,1000,86043
25,1000,82345
25,1000,80452
25,1000,85492
25,1000,83398
25,1000,78940
25,1000,85843
25,1000,80934
25,1000,78338
25,1000,89810
25,1000,84159
25,1000,78248
25,1000,79230
25,1000,82276
25,1000,78819
25,1000,80112
25,1000,80973
25,1000,80733
25,1000,237159
25,1000,76795
25,1000,73038
25,1000,72698
25,1000,74140
25,1000,75252
25,1000,74200
25,1000,76585
25,1000,77226
25,1000,77086
25,1000,76545
25,1000,77387
25,1000,84690
25,1000,76575
25,1000,76414
25,1000,79090
25,1000,77967
25,1000,76675
25,1000,78539
25,1000,77507
25,1000,204467
25,1000,79360
25,1000,80703
25,1000,76736
25,1000,75663
25,1000,77086
25,1000,75673
25,1000,74922
25,1000,76986
25,1000,75723
25,1000,74982
25,1000,76255
25,1000,76145
25,1000,102343
25,1000,52931
25,1000,58932
25,1000,51657
25,1000,51297
25,1000,56547
25,1000,52039
25,1000,225627
25,1000,63851
25,1000,80071
25,1000,105119
25,1000,135687
25,1000,56758
25,1000,51788
25,1000,52429
25,1000,56106
25,1000,51347
25,1000,51428
25,1000,55325
25,1000,51718
25,1000,50496
25,1000,53020
25,1000,51206
25,1000,50455
25,1000,50656
25,1000,54694
25,1000,57028
25,1000,222622
25,1000,75232
25,1000,51337
25,1000,48381
25,1000,48572
25,1000,49504
25,1000,48623
25,1000,48572
25,1000,49193
25,1000,48321
25,1000,49153
25,1000,48301
25,1000,49364
25,1000,57649
25,1000,48231
25,1000,51437
25,1000,48953
25,1000,51768
25,1000,54703
25,1000,50215
25,1000,244804
25,1000,61236
25,1000,62508
25,1000,55936
25,1000,51307
25,1000,50997
25,1000,64573
25,1000,51086
25,1000,50296
25,1000,49554
25,1000,55405
25,1000,50526
25,1000,50917
25,1000,54282
25,1000,50064
25,1000,50205
25,1000,51788
25,1000,51047
25,1000,50997
25,1000,51297
25,1000,259742
25,1000,50034
25,1000,93357
25,1000,120869
25,1000,114777
25,1000,48322
25,1000,48381
25,1000,49704
25,1000,48202
25,1000,49374
25,1000,48061
25,1000,48893
25,1000,48401
25,1000,47991
25,1000,55966
25,1000,53611
25,1000,49194
25,1000,49053
25,1000,48332
25,1000,48973
25,1000,224746
25,1000,73589
25,1000,57338
25,1000,52279
25,1000,52720
25,1000,53381
25,1000,53281
25,1000,62228
25,1000,50866
25,1000,53151
25,1000,57199
25,1000,51848
25,1000,62197
25,1000,51738
25,1000,55415
25,1000,50316
25,1000,50305
25,1000,55034
25,1000,60815
25,1000,53852
25,1000,281032
25,1000,61336
25,1000,78138
25,1000,52470
25,1000,54093
25,1000,52539
25,1000,51779
25,1000,52259
25,1000,55606
25,1000,50886
25,1000,52579
25,1000,56197
25,1000,51687
25,1000,52439
25,1000,53361
25,1000,54824
25,1000,71836
25,1000,50135
25,1000,60535
25,1000,50465
25,1000,213414
25,1000,61927
25,1000,61988
25,1000,55826
25,1000,50225
25,1000,50125
25,1000,53922
25,1000,50706
25,1000,49915
25,1000,60946
25,1000,57219
25,1000,51027
25,1000,49984
25,1000,54022
25,1000,50265
25,1000,50255
25,1000,54643
25,1000,50125
25,1000,50376
25,1000,53211
25,1000,221550
25,1000,64492
25,1000,62508
25,1000,52630
25,1000,55045
25,1000,50826
25,1000,50866
25,1000,50205
25,1000,55475
25,1000,50235
25,1000,50716
25,1000,54503
25,1000,50075
25,1000,50556
25,1000,54153
25,1000,50436
25,1000,49864
25,1000,53912
25,1000,50546
25,1000,57970
25,1000,206692
25,1000,72657
25,1000,126279
25,1000,87857
25,1000,51578
25,1000,52209
25,1000,52169
25,1000,58010
25,1000,51898
25,1000,50706
25,1000,54262
25,1000,66055
25,1000,63500
25,1000,50435
25,1000,55064
25,1000,50155
25,1000,51417
25,1000,54994
25,1000,68470
25,1000,50505
25,1000,218865
25,1000,61547
25,1000,89239
25,1000,143301
25,1000,118895
25,1000,69682
25,1000,51357
25,1000,51277
25,1000,55716
25,1000,51998
25,1000,50145
25,1000,51357
25,1000,55935
25,1000,50756
25,1000,50335
25,1000,55044
25,1000,50766
25,1000,55926
25,1000,54463
25,1000,51076
25,1000,222371
25,1000,66065
25,1000,60855
25,1000,54744
25,1000,58371
25,1000,51558
25,1000,51798
25,1000,52058
25,1000,56167
25,1000,53622
25,1000,55856
25,1000,55716
25,1000,52449
25,1000,52069
25,1000,55345
25,1000,51748
25,1000,50085
25,1000,51588
25,1000,54434
25,1000,56457
25,1000,248340
25,1000,64412
25,1000,59352
25,1000,113865
25,1000,121860
25,1000,98477
25,1000,55165
25,1000,51247
25,1000,50666
25,1000,50706
25,1000,55916
25,1000,51618
25,1000,50435
25,1000,54473
25,1000,50476
25,1000,51537
25,1000,52920
25,1000,55835
25,1000,50365
25,1000,54383
25,1000,251957
25,1000,70263
25,1000,65174
25,1000,61868
25,1000,58651
25,1000,53031
25,1000,52921
25,1000,58722
25,1000,58000
25,1000,66917
25,1000,56026
25,1000,52930
25,1000,60024
25,1000,74541
25,1000,55645
25,1000,52951
25,1000,51647
25,1000,55586
25,1000,64863
25,1000,71195
25,1000,251346
25,1000,73800
25,1000,119276
25,1000,115679
25,1000,105129
25,1000,51497
25,1000,52790
25,1000,57038
25,1000,52259
25,1000,54022
25,1000,52750
25,1000,56106
25,1000,53041
25,1000,51728
25,1000,60334
25,1000,51077
25,1000,50656
25,1000,63059
25,1000,59563
25,1000,50837
25,1000,212052
25,1000,52249
25,1000,64692
25,1000,70954
25,1000,50866
25,1000,55666
25,1000,48913
25,1000,57119
25,1000,50045
25,1000,48561
25,1000,49073
25,1000,49273
25,1000,48802
25,1000,48322
25,1000,50346
25,1000,49634
25,1000,49133
25,1000,53351
25,1000,60885
25,1000,52529
25,1000,213575
25,1000,67448
25,1000,61065
25,1000,58050
25,1000,50656
25,1000,51397
25,1000,56196
25,1000,50696
25,1000,50005
25,1000,54563
25,1000,52089
25,1000,49694
25,1000,53561
25,1000,51257
25,1000,50075
25,1000,49835
25,1000,54282
25,1000,56397
25,1000,51006
25,1000,53341
25,1000,248551
25,1000,55355
25,1000,107714
25,1000,120578
25,1000,116971
25,1000,71105
25,1000,52099
25,1000,71716
25,1000,53081
25,1000,49614
25,1000,51247
25,1000,52309
25,1000,51337
25,1000,51147
25,1000,52209
25,1000,50545
25,1000,51017
25,1000,50866
25,1000,51488
25,1000,51027
25,1000,219055
25,1000,68861
25,1000,68079
25,1000,119487
25,1000,87797
25,1000,52269
25,1000,51848
25,1000,53422
25,1000,56437
25,1000,52099
25,1000,51698
25,1000,56207
25,1000,51448
25,1000,51617
25,1000,55215
25,1000,57950
25,1000,51518
25,1000,51397
25,1000,55795
25,1000,54974
25,1000,238101
25,1000,63490
25,1000,63150
25,1000,62218
25,1000,51337
25,1000,51147
25,1000,55304
25,1000,51157
25,1000,56207
25,1000,50305
25,1000,55084
25,1000,51548
25,1000,51568
25,1000,54824
25,1000,50425
25,1000,50646
25,1000,53180
25,1000,49885
25,1000,50305
25,1000,53972
25,1000,228393
25,1000,74260
25,1000,101703
25,1000,116841
25,1000,126961
25,1000,75443
25,1000,52780
25,1000,52941
25,1000,58110
25,1000,53361
25,1000,50996
25,1000,55245
26,1000,22843
26,1000,21080
26,1000,21211
26,1000,20158
26,1000,22683
26,1000,29005
26,1000,20499
26,1000,19798
26,1000,20369
26,1000,20849
26,1000,23745
26,1000,21270
26,1000,20329
26,1000,20448
26,1000,20288
26,1000,20078
26,1000,21281
26,1000,20118
26,1000,20509
26,1000,20379
26,1000,20228
26,1000,24176
26,1000,21090
26,1000,20248
26,1000,20849
26,1000,20890
26,1000,25739
26,1000,75683
26,1000,104468
26,1000,23745
26,1000,23534
26,1000,25177
26,1000,24857
26,1000,24747
26,1000,40306
26,1000,20388
26,1000,20239
26,1000,20178
26,1000,20108
26,1000,20078
26,1000,20899
26,1000,20208
26,1000,20258
26,1000,20118
26,1000,20068
26,1000,25368
26,1000,20179
26,1000,20178
26,1000,19667
26,1000,20388
26,1000,20068
26,1000,20088
26,1000,20228
26,1000,20088
26,1000,20108
26,1000,24606
26,1000,20068
26,1000,20128
26,1000,20719
26,1000,21280
26,1000,19967
26,1000,22472
26,1000,20429
26,1000,20328
26,1000,20509
26,1000,20158
26,1000,24156
26,1000,19958
26,1000,20158
26,1000,19917
26,1000,20448
26,1000,19898
26,1000,19778
26,1000,20288
26,1000,20007
26,1000,20238
26,1000,19938
26,1000,23374
26,1000,20339
26,1000,20990
26,1000,19988
26,1000,19938
26,1000,20048
26,1000,20228
26,1000,20399
26,1000,20198
26,1000,19888
26,1000,27141
26,1000,29115
26,1000,20730
26,1000,19887
26,1000,20368
26,1000,20409
26,1000,26630
26,1000,19937
26,1000,25098
26,1000,96162
26,1000,56577
26,1000,24286
26,1000,23715
26,1000,31971
26,1000,26610
26,1000,26400
26,1000,33313
26,1000,20509
26,1000,20038
26,1000,20238
26,1000,20278
26,1000,20198
26,1000,20508
26,1000,20218
26,1000,20839
26,1000,20218
26,1000,20499
26,1000,20349
26,1000,20138
26,1000,20208
26,1000,20269
26,1000,20629
26,1000,20800
26,1000,20188
26,1000,20469
26,1000,20339
26,1000,20168
26,1000,24617
26,1000,20238
26,1000,20089
26,1000,20178
26,1000,20349
26,1000,21080
26,1000,20128
26,1000,20209
26,1000,20769
26,1000,20529
26,1000,20289
26,1000,24406
26,1000,20219
26,1000,22582
26,1000,21901
26,1000,20078
26,1000,20208
26,1000,19928
26,1000,20429
26,1000,20078
26,1000,20258
26,1000,23414
26,1000,20058
26,1000,20098
26,1000,20579
26,1000,20689
26,1000,20288
26,1000,20099
26,1000,19817
26,1000,20278
26,1000,20188
26,1000,19907
26,1000,23194
26,1000,20398
26,1000,20329
26,1000,19988
26,1000,20168
26,1000,20078
26,1000,19938
26,1000,20179
26,1000,79410
26,1000,93056
26,1000,23264
26,1000,33834
26,1000,23875
26,1000,23415
26,1000,23985
26,1000,27362
26,1000,27812
26,1000,19918
26,1000,20108
26,1000,20128
26,1000,20128
26,1000,20008
26,1000,20058
26,1000,19738
26,1000,20579
26,1000,20068
26,1000,20018
26,1000,24516
26,1000,19997
26,1000,20098
26,1000,20398
26,1000,20920
26,1000,20118
26,1000,20539
26,1000,20129
26,1000,19877
26,1000,20038
26,1000,24687
26,1000,20008
26,1000,19948
26,1000,20108
26,1000,20289
26,1000,20649
26,1000,20028
26,1000,19557
26,1000,19988
26,1000,22814
26,1000,23534
26,1000,23464
26,1000,20088
26,1000,20138
26,1000,20028
26,1000,20579
26,1000,20048
26,1000,19958
26,1000,20048
26,1000,19828
26,1000,19918
26,1000,19767
26,1000,22623
26,1000,20198
26,1000,20138
26,1000,20579
26,1000,20238
26,1000,20219
26,1000,19897
26,1000,20298
26,1000,20188
26,1000,20198
26,1000,20409
26,1000,22613
26,1000,20589
26,1000,20348
26,1000,20058
26,1000,19878
26,1000,20088
26,1000,20228
26,1000,97746
26,1000,45336
26,1000,38392
26,1000,27562
26,1000,22873
26,1000,22874
26,1000,23074
26,1000,22884
26,1000,25829
26,1000,28294
26,1000,21140
26,1000,25879
26,1000,35928
26,1000,43652
26,1000,37852
26,1000,41960
26,1000,38583
26,1000,38392
26,1000,21220
26,1000,20528
26,1000,25358
26,1000,20238
26,1000,20269
26,1000,20339
26,1000,20218
26,1000,20719
26,1000,20038
26,1000,20298
26,1000,20048
26,1000,20118
26,1000,34345
26,1000,24296
26,1000,20168
26,1000,19968
26,1000,19888
26,1000,19978
26,1000,20048
26,1000,20128
26,1000,20058
26,1000,20099
26,1000,19968
26,1000,23945
26,1000,20249
26,1000,20819
26,1000,20700
26,1000,20038
26,1000,20128
26,1000,20348
26,1000,19958
26,1000,19928
26,1000,20078
26,1000,20178
26,1000,23885
26,1000,20399
26,1000,19788
26,1000,20258
26,1000,19968
26,1000,20118
26,1000,20148
26,1000,20218
26,1000,19858
26,1000,19968
26,1000,20399
26,1000,23485
26,1000,20158
26,1000,20669
26,1000,30708
26,1000,21641
26,1000,84019
26,1000,133433
26,1000,23695
26,1000,24516
26,1000,24286
26,1000,24155
26,1000,23725
26,1000,20970
26,1000,20950
26,1000,20048
26,1000,21060
26,1000,20790
26,1000,22413
26,1000,20839
26,1000,20949
26,1000,20729
26,1000,21290
26,1000,20679
26,1000,21250
26,1000,20328
26,1000,21250
26,1000,20549
26,1000,20458
26,1000,20549
26,1000,20418
26,1000,20538
26,1000,36589
26,1000,20368
26,1000,20188
26,1000,20279
26,1000,19958
26,1000,20318
26,1000,20368
26,1000,20459
26,1000,20068
26,1000,20259
26,1000,20279
26,1000,24466
26,1000,20790
26,1000,20188
26,1000,20008
26,1000,20018
26,1000,20208
26,1000,20188
26,1000,19968
26,1000,19958
26,1000,20118
26,1000,20189
26,1000,23865
26,1000,19988
26,1000,19888
26,1000,19728
26,1000,19847
26,1000,20179
26,1000,19988
26,1000,20038
26,1000,20469
26,1000,20128
26,1000,20338
26,1000,23454
26,1000,20128
26,1000,20129
26,1000,20218
26,1000,29506
26,1000,25057
26,1000,21049
26,1000,20228
26,1000,20529
26,1000,21541
26,1000,132271
26,1000,24557
26,1000,24466
26,1000,22853
26,1000,23304
26,1000,23314
26,1000,21911
26,1000,20840
26,1000,20259
26,1000,21952
26,1000,25498
26,1000,20659
26,1000,20259
26,1000,20038
26,1000,20158
26,1000,20239
26,1000,20228
26,1000,21241
26,1000,20258
26,1000,20028
26,1000,20089
26,1000,25067
26,1000,20259
26,1000,20138
26,1000,29546
26,1000,20479
26,1000,20319
26,1000,19938
26,1000,20138
26,1000,20208
26,1000,20559
26,1000,20529
26,1000,24677
26,1000,20329
26,1000,20188
26,1000,20670
26,1000,20418
26,1000,20178
26,1000,19868
26,1000,20008
26,1000,19998
26,1000,19978
26,1000,20468
26,1000,24035
26,1000,19987
26,1000,24046
26,1000,22132
26,1000,20158
26,1000,19787
26,1000,19948
26,1000,20279
26,1000,20208
26,1000,20369
26,1000,24106
26,1000,20328
26,1000,20489
26,1000,20368
26,1000,20098
26,1000,20058
26,1000,20288
26,1000,30217
26,1000,20519
26,1000,20279
26,1000,20148
26,1000,23615
26,1000,21000
26,1000,20118
26,1000,20348
26,1000,96293
26,1000,34786
26,1000,26390
26,1000,23795
26,1000,23094
26,1000,24085
26,1000,23966
26,1000,24076
26,1000,20529
26,1000,20339
26,1000,20479
26,1000,20810
26,1000,25438
26,1000,20559
26,1000,20289
26,1000,21250
26,1000,20179
26,1000,20619
26,1000,20499
26,1000,20499
26,1000,20599
26,1000,21270
26,1000,36228
26,1000,20379
26,1000,20018
26,1000,20478
26,1000,20258
26,1000,20329
26,1000,20058
26,1000,20659
26,1000,20139
26,1000,20489
26,1000,20309
26,1000,25208
26,1000,20479
26,1000,19928
26,1000,20168
26,1000,20299
26,1000,20278
26,1000,20209
26,1000,20779
26,1000,20089
26,1000,20599
26,1000,21000
26,1000,24036
26,1000,19978
26,1000,20609
26,1000,20609
26,1000,20158
26,1000,20288
26,1000,20529
26,1000,20028
26,1000,19908
26,1000,20419
26,1000,20178
26,1000,23645
26,1000,20179
26,1000,20469
26,1000,29145
26,1000,22743
26,1000,20008
26,1000,20138
26,1000,20098
26,1000,20128
26,1000,20259
26,1000,22672
26,1000,20319
26,1000,20018
26,1000,20409
26,1000,97154
26,1000,23584
26,1000,23745
26,1000,22834
26,1000,22753
26,1000,22863
26,1000,23544
26,1000,20269
26,1000,20248
26,1000,20158
26,1000,20660
26,1000,20969
26,1000,25418
26,1000,20398
26,1000,20058
26,1000,20429
26,1000,19938
26,1000,19737
26,1000,20409
26,1000,19917
26,1000,32352
26,1000,22783
26,1000,20459
26,1000,24627
26,1000,20048
26,1000,20499
26,1000,19838
26,1000,20078
26,1000,19878
26,1000,20128
26,1000,20459
26,1000,20889
26,1000,20139
26,1000,24176
26,1000,20018
26,1000,19918
26,1000,20178
26,1000,20259
26,1000,20188
26,1000,20309
26,1000,20529
26,1000,20338
26,1000,19868
26,1000,19888
26,1000,23655
26,1000,20258
26,1000,19898
26,1000,19948
26,1000,19757
26,1000,20099
26,1000,19937
26,1000,20138
26,1000,19978
26,1000,20168
26,1000,19747
26,1000,23084
26,1000,20289
26,1000,21080
26,1000,20209
26,1000,19567
26,1000,19837
26,1000,20198
26,1000,20639
26,1000,19547
26,1000,19998
26,1000,19688
26,1000,23044
26,1000,24446
26,1000,96262
26,1000,112834
26,1000,25378
26,1000,25408
26,1000,24987
26,1000,25769
26,1000,20469
26,1000,20038
26,1000,19988
26,1000,20268
26,1000,19648
26,1000,20088
26,1000,20489
26,1000,19967
26,1000,19486
26,1000,19367
26,1000,19958
26,1000,19317
26,1000,33583
26,1000,21872
26,1000,19607
26,1000,19647
26,1000,19968
26,1000,20459
26,1000,19357
26,1000,19597
26,1000,19537
26,1000,19667
26,1000,19537
26,1000,19597
26,1000,19918
26,1000,19657
26,1000,20098
26,1000,21040
26,1000,19587
26,1000,19437
26,1000,19927
26,1000,19476
26,1000,19657
26,1000,19687
26,1000,19217
26,1000,19467
26,1000,19927
26,1000,19807
26,1000,20409
26,1000,20118
26,1000,19778
26,1000,19928
26,1000,19346
26,1000,19377
26,1000,19447
26,1000,19377
26,1000,19637
26,1000,19467
26,1000,19377
26,1000,29225
26,1000,21731
26,1000,19317
26,1000,19286
26,1000,19617
26,1000,19256
26,1000,19557
26,1000,19497
26,1000,19327
26,1000,19256
26,1000,19347
26,1000,21090
26,1000,19496
26,1000,77157
26,1000,109707
26,1000,20690
26,1000,20429
26,1000,31289
26,1000,20158
26,1000,20378
26,1000,20098
26,1000,20419
26,1000,20188
26,1000,20289
26,1000,20208
26,1000,20188
26,1000,20680
26,1000,21100
26,1000,19376
26,1000,19167
26,1000,19346
26,1000,22703
26,1000,21862
26,1000,19537
26,1000,19938
26,1000,19487
26,1000,19537
26,1000,19638
26,1000,20498
26,1000,19657
26,1000,19487
26,1000,19487
26,1000,19467
26,1000,19707
26,1000,20298
26,1000,19587
26,1000,19477
26,1000,19527
26,1000,20448
26,1000,19407
26,1000,19527
26,1000,19517
26,1000,19457
26,1000,19457
26,1000,19497
26,1000,19858
26,1000,19507
26,1000,19537
26,1000,20008
26,1000,20429
26,1000,19958
26,1000,19386
26,1000,19507
26,1000,19467
26,1000,19447
26,1000,19808
26,1000,19767
26,1000,19788
26,1000,27282
26,1000,21641
26,1000,23985
26,1000,20539
26,1000,20088
26,1000,19386
26,1000,19717
26,1000,20078
26,1000,19547
26,1000,19617
26,1000,19356
26,1000,19457
26,1000,19377
26,1000,25238
26,1000,90051
26,1000,83077
26,1000,23444
26,1000,24436
26,1000,24326
26,1000,24045
26,1000,23304
26,1000,22562
26,1000,20308
26,1000,20589
26,1000,20299
26,1000,20168
26,1000,20148
26,1000,19757
26,1000,20549
26,1000,25358
26,1000,35718
26,1000,20058
26,1000,19948
26,1000,20058
26,1000,19968
26,1000,20790
26,1000,21110
26,1000,20479
26,1000,20408
26,1000,24526
26,1000,20229
26,1000,20109
26,1000,19917
26,1000,20068
26,1000,19998
26,1000,20569
26,1000,20770
26,1000,19978
26,1000,19637
26,1000,19968
26,1000,24637
26,1000,19968
26,1000,20249
26,1000,20278
26,1000,20058
26,1000,20138
26,1000,20338
26,1000,20199
26,1000,20318
26,1000,19798
26,1000,20569
26,1000,24276
26,1000,20128
26,1000,20319
26,1000,20078
26,1000,19978
26,1000,20298
26,1000,29866
26,1000,20418
26,1000,19988
26,1000,20148
26,1000,20048
26,1000,23635
26,1000,21020
26,1000,19988
26,1000,20038
26,1000,20248
26,1000,20208
26,1000,19918
26,1000,20118
26,1000,20018
26,1000,20469
26,1000,101402
26,1000,96292
26,1000,25168
26,1000,24136
26,1000,24446
26,1000,38242
26,1000,47931
26,1000,38823
26,1000,42410
26,1000,38724
26,1000,51157
26,1000,38904
26,1000,38203
26,1000,42280
26,1000,38273
26,1000,31170
26,1000,20790
26,1000,20709
26,1000,20319
26,1000,20669
26,1000,20900
26,1000,20639
26,1000,20319
26,1000,22192
26,1000,20609
26,1000,21050
26,1000,25368
26,1000,20679
26,1000,20800
26,1000,20068
26,1000,20098
26,1000,20248
26,1000,20128
26,1000,19787
26,1000,20539
26,1000,20850
26,1000,20028
26,1000,24256
26,1000,20298
26,1000,20128
26,1000,20298
26,1000,21781
26,1000,27052
26,1000,19928
26,1000,20739
26,1000,23144
26,1000,23615
26,1000,24577
26,1000,20389
26,1000,20269
26,1000,20348
26,1000,20710
26,1000,20428
26,1000,19917
26,1000,20169
26,1000,20919
26,1000,20027
26,1000,20018
26,1000,23845
26,1000,20319
26,1000,20168
26,1000,21160
26,1000,20569
26,1000,20089
26,1000,20218
26,1000,20549
26,1000,20349
26,1000,20529
26,1000,71646
26,1000,103947
26,1000,23565
26,1000,24447
26,1000,23885
26,1000,23614
26,1000,24687
26,1000,22583
26,1000,20589
26,1000,21251
26,1000,20218
26,1000,20449
26,1000,20329
26,1000,20378
26,1000,20349
26,1000,20258
26,1000,20178
26,1000,26410
26,1000,20038
26,1000,20549
26,1000,20249
26,1000,20218
26,1000,20449
26,1000,20169
26,1000,20428
26,1000,20569
26,1000,20088
26,1000,20229
26,1000,24957
26,1000,19788
26,1000,19987
26,1000,20218
26,1000,20078
26,1000,20359
26,1000,20118
26,1000,20709
26,1000,20288
26,1000,20058
26,1000,24867
26,1000,20048
26,1000,20068
26,1000,25007
26,1000,19908
26,1000,19958
26,1000,20138
26,1000,20328
26,1000,20078
26,1000,20129
26,1000,19988
26,1000,23885
26,1000,19597
26,1000,19998
26,1000,20028
26,1000,19948
26,1000,19988
26,1000,20198
26,1000,19848
26,1000,20258
26,1000,19938
26,1000,20119
26,1000,23103
26,1000,19897
26,1000,25258
26,1000,19858
26,1000,20078
26,1000,20068
26,1000,21982
26,1000,20790
26,1000,20619
26,1000,92666
26,1000,108004
26,1000,28654
26,1000,23605
26,1000,24857
26,1000,24627
26,1000,23605
26,1000,28815
26,1000,20258
26,1000,20078
26,1000,20008
26,1000,20259
26,1000,20178
26,1000,20189
26,1000,20729
26,1000,20088
26,1000,20119
26,1000,25027
26,1000,20038
26,1000,20108
26,1000,20168
26,1000,20218
26,1000,20329
26,1000,19948
26,1000,19968
26,1000,20078
26,1000,19998
26,1000,20479
26,1000,25228
26,1000,20378
26,1000,19957
26,1000,20900
26,1000,20790
26,1000,23514
26,1000,22232
26,1000,20830
26,1000,20158
26,1000,20078
26,1000,20018
26,1000,23985
26,1000,20259
26,1000,20078
26,1000,20399
26,1000,20148
26,1000,19948
26,1000,19908
26,1000,20328
26,1000,19818
26,1000,19988
26,1000,20048
26,1000,23665
26,1000,20128
26,1000,19928
26,1000,19878
26,1000,20138
26,1000,22994
26,1000,20188
26,1000,20349
26,1000,20108
26,1000,20128
26,1000,23654
26,1000,20068
26,1000,20428
26,1000,20398
26,1000,19958
26,1000,19828
26,1000,20078
26,1000,20088
26,1000,81985
26,1000,121300
26,1000,25368
26,1000,23595
26,1000,25258
26,1000,24817
26,1000,26119
26,1000,22101
26,1000,20559
26,1000,20408
26,1000,20649
26,1000,20529
26,1000,20600
26,1000,20569
26,1000,20869
27,1000,33434
27,1000,20799
27,1000,20438
27,1000,20900
27,1000,20639
27,1000,20549
27,1000,20549
27,1000,20619
27,1000,21490
27,1000,20559
27,1000,21370
27,1000,20910
27,1000,24617
27,1000,20148
27,1000,21321
27,1000,20298
27,1000,20459
27,1000,20549
27,1000,20238
27,1000,27422
27,1000,20889
27,1000,20128
27,1000,21050
27,1000,24436
27,1000,20358
27,1000,20289
27,1000,21391
27,1000,20328
27,1000,20268
27,1000,20108
27,1000,20088
27,1000,20209
27,1000,20529
27,1000,23715
27,1000,20288
27,1000,20078
27,1000,21620
27,1000,20248
27,1000,20228
27,1000,20149
27,1000,20419
27,1000,20118
27,1000,21220
27,1000,20309
27,1000,23384
27,1000,20459
27,1000,20479
27,1000,20098
27,1000,20188
27,1000,20669
27,1000,19858
27,1000,20539
27,1000,21531
27,1000,93266
27,1000,123674
27,1000,26410
27,1000,27432
27,1000,24556
27,1000,23164
27,1000,21531
27,1000,24316
27,1000,21200
27,1000,20278
27,1000,20388
27,1000,20468
27,1000,20418
27,1000,21140
27,1000,20368
27,1000,20659
27,1000,20388
27,1000,20479
27,1000,20810
27,1000,20639
27,1000,21251
27,1000,20489
27,1000,20519
27,1000,20469
27,1000,20659
27,1000,20549
27,1000,20338
27,1000,21050
27,1000,20950
27,1000,19617
27,1000,19658
27,1000,26620
27,1000,21090
27,1000,19768
27,1000,20930
27,1000,19877
27,1000,21201
27,1000,19667
27,1000,20920
27,1000,20038
27,1000,20509
27,1000,19988
27,1000,20990
27,1000,19517
27,1000,19878
27,1000,20249
27,1000,19868
27,1000,19918
27,1000,19858
27,1000,21230
27,1000,19808
27,1000,19938
27,1000,20348
27,1000,19867
27,1000,19978
27,1000,20118
27,1000,19758
27,1000,19828
27,1000,19877
27,1000,20048
27,1000,27532
27,1000,19948
27,1000,20499
27,1000,20659
27,1000,25919
27,1000,20689
27,1000,28203
27,1000,42621
27,1000,43172
27,1000,235536
27,1000,25258
27,1000,24577
27,1000,24216
27,1000,23785
27,1000,38663
27,1000,37040
27,1000,42400
27,1000,38773
27,1000,41518
27,1000,37651
27,1000,43072
27,1000,40737
27,1000,38252
27,1000,41909
27,1000,24676
27,1000,21371
27,1000,20659
27,1000,20599
27,1000,21221
27,1000,20699
27,1000,20659
27,1000,25298
27,1000,20900
27,1000,20629
27,1000,20359
27,1000,20479
27,1000,20329
27,1000,20960
27,1000,20850
27,1000,20799
27,1000,20529
27,1000,24676
27,1000,20499
27,1000,20048
27,1000,20218
27,1000,20338
27,1000,20810
27,1000,20930
27,1000,20298
27,1000,21240
27,1000,21200
27,1000,21561
27,1000,24246
27,1000,21240
27,1000,20239
27,1000,21120
27,1000,21000
27,1000,20138
27,1000,20018
27,1000,20238
27,1000,20349
27,1000,20188
27,1000,20328
27,1000,24316
27,1000,19967
27,1000,21050
27,1000,23565
27,1000,20198
27,1000,20128
27,1000,20118
27,1000,20499
27,1000,19737
27,1000,20700
27,1000,20028
27,1000,23715
27,1000,21180
27,1000,70634
27,1000,48813
27,1000,22743
27,1000,22502
27,1000,20629
27,1000,21691
27,1000,19978
27,1000,19988
27,1000,19818
27,1000,20279
27,1000,19998
27,1000,19948
27,1000,19907
27,1000,25849
27,1000,20139
27,1000,21140
27,1000,20028
27,1000,20709
27,1000,20298
27,1000,20449
27,1000,20429
27,1000,20699
27,1000,20750
27,1000,20829
27,1000,20419
27,1000,21631
27,1000,20048
27,1000,19927
27,1000,19888
27,1000,19798
27,1000,19908
27,1000,19797
27,1000,20299
27,1000,19908
27,1000,20199
27,1000,21270
27,1000,20118
27,1000,19797
27,1000,19647
27,1000,19627
27,1000,19928
27,1000,20859
27,1000,19737
27,1000,20308
27,1000,19948
27,1000,20489
27,1000,21070
27,1000,20860
27,1000,19848
27,1000,20489
27,1000,27332
27,1000,20539
27,1000,19628
27,1000,19817
27,1000,19717
27,1000,19958
27,1000,19837
27,1000,21871
27,1000,20710
27,1000,21510
27,1000,24296
27,1000,20458
27,1000,20579
27,1000,19787
27,1000,19878
27,1000,20679
27,1000,19947
27,1000,20308
27,1000,23424
27,1000,162358
27,1000,23505
27,1000,23995
27,1000,23955
27,1000,23835
27,1000,36789
27,1000,42561
27,1000,38794
27,1000,38263
27,1000,41609
27,1000,38763
27,1000,41860
27,1000,37941
27,1000,38313
27,1000,38693
27,1000,24636
27,1000,20419
27,1000,20299
27,1000,20429
27,1000,20348
27,1000,20389
27,1000,20229
27,1000,20659
27,1000,20269
27,1000,22333
27,1000,23865
27,1000,28534
27,1000,23604
27,1000,20248
27,1000,20298
27,1000,19978
27,1000,20790
27,1000,20709
27,1000,20449
27,1000,20068
27,1000,19888
27,1000,20239
27,1000,24045
27,1000,19928
27,1000,19978
27,1000,24256
27,1000,20850
27,1000,20098
27,1000,20539
27,1000,19808
27,1000,19878
27,1000,20348
27,1000,23755
27,1000,19977
27,1000,19807
27,1000,20409
27,1000,19998
27,1000,20118
27,1000,20058
27,1000,19918
27,1000,20128
27,1000,19767
27,1000,19978
27,1000,23595
27,1000,20108
27,1000,19827
27,1000,20008
27,1000,19938
27,1000,20188
27,1000,20229
27,1000,20028
27,1000,22513
27,1000,88779
27,1000,91634
27,1000,23355
27,1000,24035
27,1000,27733
27,1000,27833
27,1000,24286
27,1000,27281
27,1000,21470
27,1000,20378
27,1000,19987
27,1000,19997
27,1000,20018
27,1000,19667
27,1000,19898
27,1000,20008
27,1000,20349
27,1000,20629
27,1000,24657
27,1000,20198
27,1000,20239
27,1000,20078
27,1000,20278
27,1000,20248
27,1000,20409
27,1000,20128
27,1000,19928
27,1000,19918
27,1000,24296
27,1000,19978
27,1000,20218
27,1000,20128
27,1000,20349
27,1000,20258
27,1000,20649
27,1000,20679
27,1000,20339
27,1000,20168
27,1000,20038
27,1000,24176
27,1000,20299
27,1000,20359
27,1000,20639
27,1000,21130
27,1000,22924
27,1000,20288
27,1000,19917
27,1000,20148
27,1000,20018
27,1000,20559
27,1000,23595
27,1000,19958
27,1000,20088
27,1000,19998
27,1000,19948
27,1000,19657
27,1000,19948
27,1000,19898
27,1000,20228
27,1000,20218
27,1000,20419
27,1000,26770
27,1000,26289
27,1000,21610
27,1000,24306
27,1000,20259
27,1000,22963
27,1000,24407
27,1000,21250
27,1000,87045
27,1000,132301
27,1000,23645
27,1000,22653
27,1000,26760
27,1000,21782
27,1000,42090
27,1000,35427
27,1000,19657
27,1000,19537
27,1000,19618
27,1000,19787
27,1000,19597
27,1000,19597
27,1000,19607
27,1000,19928
27,1000,20890
27,1000,19667
27,1000,20158
27,1000,19617
27,1000,19667
27,1000,19617
27,1000,19668
27,1000,19837
27,1000,19557
27,1000,19587
27,1000,19517
27,1000,20619
27,1000,19607
27,1000,19477
27,1000,19346
27,1000,19517
27,1000,19848
27,1000,19968
27,1000,19517
27,1000,25438
27,1000,19577
27,1000,19527
27,1000,20830
27,1000,19547
27,1000,19487
27,1000,19547
27,1000,19668
27,1000,19657
27,1000,19848
27,1000,19557
27,1000,19537
27,1000,19628
27,1000,19517
27,1000,20338
27,1000,19577
27,1000,19357
27,1000,19597
27,1000,20058
27,1000,19667
27,1000,19858
27,1000,19497
27,1000,19457
27,1000,19487
27,1000,20409
27,1000,19617
27,1000,19537
27,1000,19657
27,1000,19657
27,1000,19848
27,1000,19898
27,1000,19958
27,1000,26370
27,1000,97044
27,1000,96623
27,1000,26460
27,1000,24898
27,1000,31320
27,1000,22303
27,1000,21300
27,1000,20429
27,1000,20830
27,1000,21270
27,1000,21070
27,1000,20760
27,1000,20639
27,1000,21681
27,1000,22743
27,1000,21100
27,1000,20890
27,1000,20729
27,1000,21771
27,1000,21080
27,1000,20940
27,1000,22623
27,1000,20589
27,1000,21441
27,1000,20228
27,1000,25989
27,1000,20740
27,1000,20469
27,1000,20599
27,1000,20579
27,1000,20649
27,1000,21661
27,1000,20298
27,1000,31360
27,1000,21591
27,1000,20328
27,1000,24937
27,1000,22713
27,1000,21701
27,1000,20349
27,1000,20629
27,1000,20198
27,1000,20689
27,1000,20028
27,1000,20789
27,1000,20139
27,1000,20058
27,1000,25678
27,1000,20068
27,1000,20318
27,1000,20549
27,1000,20158
27,1000,20179
27,1000,20208
27,1000,20208
27,1000,20048
27,1000,20138
27,1000,23724
27,1000,23084
27,1000,20559
27,1000,20118
27,1000,20489
27,1000,20289
27,1000,20208
27,1000,19997
27,1000,20048
27,1000,23524
27,1000,41909
27,1000,51036
27,1000,209216
27,1000,24185
27,1000,23805
27,1000,24016
27,1000,24226
27,1000,46468
27,1000,39425
27,1000,38252
27,1000,41999
27,1000,38924
27,1000,39034
27,1000,42521
27,1000,38342
27,1000,41919
27,1000,30548
27,1000,20709
27,1000,20799
27,1000,20519
27,1000,20439
27,1000,20389
27,1000,21130
27,1000,20298
27,1000,20939
27,1000,20869
27,1000,24998
27,1000,20118
27,1000,20339
27,1000,20248
27,1000,20038
27,1000,19978
27,1000,20379
27,1000,20018
27,1000,20108
27,1000,20158
27,1000,20339
27,1000,24336
27,1000,19938
27,1000,20249
27,1000,20078
27,1000,20228
27,1000,20910
27,1000,20609
27,1000,20289
27,1000,20128
27,1000,19938
27,1000,19677
27,1000,23634
27,1000,20359
27,1000,20198
27,1000,19777
27,1000,20409
27,1000,20148
27,1000,19908
27,1000,20158
27,1000,20028
27,1000,20038
27,1000,28965
27,1000,19858
27,1000,19948
27,1000,19847
27,1000,19988
27,1000,20068
27,1000,20248
27,1000,20388
27,1000,20499
27,1000,20338
27,1000,19787
27,1000,23765
27,1000,98347
27,1000,25398
27,1000,23745
27,1000,23445
27,1000,22903
27,1000,22953
27,1000,24407
27,1000,22582
27,1000,20469
27,1000,20348
27,1000,20438
27,1000,20428
27,1000,20239
27,1000,20689
27,1000,20870
27,1000,24997
27,1000,20058
27,1000,20128
27,1000,20218
27,1000,20179
27,1000,20329
27,1000,20138
27,1000,20278
27,1000,20058
27,1000,19998
27,1000,20128
27,1000,24135
27,1000,19968
27,1000,19998
27,1000,20018
27,1000,19898
27,1000,20338
27,1000,20810
27,1000,20188
27,1000,19788
27,1000,19968
27,1000,20068
27,1000,23695
27,1000,19998
27,1000,20028
27,1000,20108
27,1000,20278
27,1000,20289
27,1000,19927
27,1000,19928
27,1000,20169
27,1000,19908
27,1000,23825
27,1000,19958
27,1000,19797
27,1000,19837
27,1000,20269
27,1000,20529
27,1000,20248
27,1000,19968
27,1000,20349
27,1000,20288
27,1000,19937
27,1000,23364
27,1000,20629
27,1000,19808
27,1000,23384
27,1000,25859
27,1000,21601
27,1000,19758
27,1000,25328
27,1000,22022
27,1000,21561
27,1000,87465
27,1000,95751
27,1000,20429
27,1000,20840
27,1000,20589
27,1000,21842
27,1000,20539
27,1000,20258
27,1000,20538
27,1000,20038
27,1000,19837
27,1000,19978
27,1000,19778
27,1000,19787
27,1000,19907
27,1000,21671
27,1000,19587
27,1000,19667
27,1000,28094
27,1000,19608
27,1000,19417
27,1000,19877
27,1000,19797
27,1000,19547
27,1000,19837
27,1000,19748
27,1000,21010
27,1000,19517
27,1000,19608
27,1000,19567
27,1000,19557
27,1000,19597
27,1000,19507
27,1000,19536
27,1000,20058
27,1000,19557
27,1000,19657
27,1000,20650
27,1000,19517
27,1000,19617
27,1000,19547
27,1000,19387
27,1000,19637
27,1000,19637
27,1000,19727
27,1000,19537
27,1000,19597
27,1000,20609
27,1000,19557
27,1000,19547
27,1000,19487
27,1000,19577
27,1000,19537
27,1000,19487
27,1000,19607
27,1000,19658
27,1000,28624
27,1000,19577
27,1000,20589
27,1000,19577
27,1000,19517
27,1000,19597
27,1000,19447
27,1000,19507
27,1000,19477
27,1000,20419
27,1000,20258
27,1000,19777
27,1000,64482
27,1000,89430
27,1000,23154
27,1000,21621
27,1000,21621
27,1000,21280
27,1000,25588
27,1000,21922
27,1000,29947
27,1000,20689
27,1000,40758
27,1000,36108
27,1000,33904
27,1000,40627
27,1000,32972
27,1000,20419
27,1000,27482
27,1000,20088
27,1000,20679
27,1000,24006
27,1000,21490
27,1000,20649
27,1000,21110
27,1000,21601
27,1000,21080
27,1000,20509
27,1000,21301
27,1000,21190
27,1000,19848
27,1000,20890
27,1000,20218
27,1000,19958
27,1000,19828
27,1000,19908
27,1000,20248
27,1000,20108
27,1000,19857
27,1000,21361
27,1000,20218
27,1000,20199
27,1000,20479
27,1000,19948
27,1000,19907
27,1000,20008
27,1000,19757
27,1000,19858
27,1000,20849
27,1000,19757
27,1000,21120
27,1000,20779
27,1000,20228
27,1000,19877
27,1000,20479
27,1000,19928
27,1000,19718
27,1000,19807
27,1000,20098
27,1000,23063
27,1000,19867
27,1000,20749
27,1000,20018
27,1000,20669
27,1000,19697
27,1000,19657
27,1000,20610
27,1000,20068
27,1000,19978
27,1000,20609
27,1000,20579
27,1000,123915
27,1000,55926
27,1000,26551
27,1000,24496
27,1000,26069
27,1000,20979
27,1000,20779
27,1000,20729
27,1000,20960
27,1000,20849
27,1000,20559
27,1000,20900
27,1000,21070
27,1000,26711
27,1000,20198
27,1000,20339
27,1000,23234
27,1000,23685
27,1000,21240
27,1000,20599
27,1000,20809
27,1000,20929
27,1000,20769
27,1000,20770
27,1000,20659
27,1000,25649
27,1000,20339
27,1000,20308
27,1000,19877
27,1000,20449
27,1000,20760
27,1000,20218
27,1000,20309
27,1000,20349
27,1000,20298
27,1000,20309
27,1000,24116
27,1000,20339
27,1000,20439
27,1000,20278
27,1000,20058
27,1000,20158
27,1000,20128
27,1000,19958
27,1000,20579
27,1000,19998
27,1000,20068
27,1000,23995
27,1000,19968
27,1000,20549
27,1000,20028
27,1000,21200
27,1000,22442
27,1000,22713
27,1000,20339
27,1000,20439
27,1000,19858
27,1000,20919
27,1000,24226
27,1000,22092
27,1000,25889
27,1000,20839
27,1000,19867
27,1000,20098
27,1000,21180
27,1000,21972
27,1000,20108
27,1000,19948
27,1000,87145
27,1000,30899
27,1000,24006
27,1000,23484
27,1000,23274
27,1000,23024
27,1000,24366
27,1000,21430
27,1000,20319
27,1000,30097
27,1000,35637
27,1000,37651
27,1000,21531
27,1000,20439
27,1000,22874
27,1000,22863
27,1000,25498
27,1000,20178
27,1000,20118
27,1000,20148
27,1000,20860
27,1000,20158
27,1000,20178
27,1000,20098
27,1000,20549
27,1000,20429
27,1000,20128
27,1000,25228
27,1000,20349
27,1000,20318
27,1000,20148
27,1000,20108
27,1000,20078
27,1000,19817
27,1000,20018
27,1000,20088
27,1000,20208
27,1000,20379
27,1000,24607
27,1000,20088
27,1000,20168
27,1000,20299
27,1000,19928
27,1000,20138
27,1000,20048
27,1000,20129
27,1000,20088
27,1000,20088
27,1000,20028
27,1000,23875
27,1000,20349
27,1000,20179
27,1000,20078
27,1000,19978
27,1000,19797
27,1000,20108
27,1000,19877
27,1000,20007
27,1000,20458
27,1000,23725
27,1000,20539
27,1000,20058
27,1000,20068
27,1000,20028
27,1000,20179
27,1000,20158
27,1000,20048
27,1000,20479
27,1000,22262
27,1000,91914
27,1000,96202
27,1000,23484
27,1000,23605
27,1000,23174
27,1000,23605
27,1000,24006
27,1000,21210
27,1000,21080
27,1000,20288
27,1000,20108
27,1000,20108
27,1000,20158
27,1000,20088
27,1000,20168
27,1000,20198
27,1000,20629
27,1000,25088
27,1000,20429
27,1000,20248
27,1000,20108
27,1000,20188
27,1000,20088
27,1000,20359
27,1000,20118
27,1000,20078
27,1000,19998
27,1000,20118
27,1000,24757
27,1000,19938
27,1000,20038
27,1000,20098
27,1000,20047
27,1000,20278
27,1000,21090
27,1000,20099
27,1000,20388
27,1000,20008
27,1000,24075
27,1000,20028
27,1000,20078
27,1000,19988
27,1000,19928
27,1000,20289
27,1000,20138
27,1000,25168
27,1000,19837
27,1000,20198
27,1000,20289
27,1000,24326
27,1000,19918
27,1000,20519
27,1000,20289
27,1000,19978
27,1000,20298
27,1000,19937
27,1000,20218
27,1000,19918
27,1000,19898
28,1000,20148
28,1000,23354
28,1000,19797
28,1000,19998
28,1000,20439
28,1000,23956
28,1000,20489
28,1000,20018
28,1000,19857
28,1000,79640
28,1000,24657
28,1000,27032
28,1000,27122
28,1000,25278
28,1000,27502
28,1000,22542
28,1000,22773
28,1000,30438
28,1000,22652
28,1000,26680
28,1000,25177
28,1000,23224
28,1000,22683
28,1000,22853
28,1000,22302
28,1000,22803
28,1000,22463
28,1000,25899
28,1000,25719
28,1000,25789
28,1000,21491
28,1000,19917
28,1000,23615
28,1000,23184
28,1000,20128
28,1000,20569
28,1000,20138
28,1000,20689
28,1000,20229
28,1000,20148
28,1000,20519
28,1000,21191
28,1000,21270
28,1000,23074
28,1000,20980
28,1000,20990
28,1000,20348
28,1000,20519
28,1000,20879
28,1000,20559
28,1000,20549
28,1000,33764
28,1000,20299
28,1000,20409
28,1000,20709
28,1000,22102
28,1000,20459
28,1000,20368
28,1000,21431
28,1000,23013
28,1000,22392
28,1000,20519
28,1000,24236
28,1000,20368
28,1000,20448
28,1000,20549
28,1000,20468
28,1000,21220
28,1000,20389
28,1000,21300
28,1000,20518
28,1000,20288
28,1000,25038
28,1000,20890
28,1000,20699
28,1000,21010
28,1000,20569
28,1000,90381
28,1000,79891
28,1000,23565
28,1000,24296
28,1000,29225
28,1000,23234
28,1000,23895
28,1000,24026
28,1000,20790
28,1000,20359
28,1000,20328
28,1000,20529
28,1000,25839
28,1000,20639
28,1000,21009
28,1000,20719
28,1000,20399
28,1000,20349
28,1000,20278
28,1000,20558
28,1000,20709
28,1000,20228
28,1000,25107
28,1000,20449
28,1000,20338
28,1000,20018
28,1000,20439
28,1000,20078
28,1000,20138
28,1000,20509
28,1000,20278
28,1000,20339
28,1000,20609
28,1000,24977
28,1000,20389
28,1000,20268
28,1000,20238
28,1000,21521
28,1000,20829
28,1000,20759
28,1000,25208
28,1000,20388
28,1000,20329
28,1000,20409
28,1000,24286
28,1000,21120
28,1000,19977
28,1000,20058
28,1000,20108
28,1000,20298
28,1000,20308
28,1000,20158
28,1000,20179
28,1000,20328
28,1000,20058
28,1000,23254
28,1000,20830
28,1000,19998
28,1000,20399
28,1000,20218
28,1000,20058
28,1000,20559
28,1000,20338
28,1000,20058
28,1000,20218
28,1000,22783
28,1000,20249
28,1000,20499
28,1000,23615
28,1000,114407
28,1000,31680
28,1000,23975
28,1000,23765
28,1000,26119
28,1000,26059
28,1000,22192
28,1000,20419
28,1000,20118
28,1000,21320
28,1000,20458
28,1000,20328
28,1000,20829
28,1000,20940
28,1000,22152
28,1000,26460
28,1000,20248
28,1000,19978
28,1000,21090
28,1000,20128
28,1000,20128
28,1000,20549
28,1000,20409
28,1000,20238
28,1000,20719
28,1000,20439
28,1000,24827
28,1000,20088
28,1000,21180
28,1000,20298
28,1000,21361
28,1000,20509
28,1000,20669
28,1000,20649
28,1000,20179
28,1000,20820
28,1000,25638
28,1000,24517
28,1000,21691
28,1000,20268
28,1000,24135
28,1000,21761
28,1000,21009
28,1000,19717
28,1000,20409
28,1000,20830
28,1000,21370
28,1000,20218
28,1000,24527
28,1000,20078
28,1000,21561
28,1000,20539
28,1000,20088
28,1000,20159
28,1000,20078
28,1000,20138
28,1000,20910
28,1000,20288
28,1000,23966
28,1000,20599
28,1000,20289
28,1000,19867
28,1000,21150
28,1000,21000
28,1000,19757
28,1000,20168
28,1000,20058
28,1000,19958
28,1000,78719
28,1000,72057
28,1000,24146
28,1000,27863
28,1000,28504
28,1000,24025
28,1000,23755
28,1000,23064
28,1000,27823
28,1000,20219
28,1000,20659
28,1000,20488
28,1000,20228
28,1000,20379
28,1000,20278
28,1000,20138
28,1000,20619
28,1000,20199
28,1000,20218
28,1000,24988
28,1000,20188
28,1000,20158
28,1000,20619
28,1000,20389
28,1000,20439
28,1000,20128
28,1000,20439
28,1000,20138
28,1000,20438
28,1000,20428
28,1000,24526
28,1000,20188
28,1000,20619
28,1000,20028
28,1000,20819
28,1000,20339
28,1000,20139
28,1000,20268
28,1000,19988
28,1000,20178
28,1000,20248
28,1000,22913
28,1000,20759
28,1000,20168
28,1000,20229
28,1000,20128
28,1000,20279
28,1000,20128
28,1000,20469
28,1000,19918
28,1000,20219
28,1000,23454
28,1000,20339
28,1000,20178
28,1000,20358
28,1000,20289
28,1000,20048
28,1000,20218
28,1000,20258
28,1000,20088
28,1000,20018
28,1000,24145
28,1000,28644
28,1000,25749
28,1000,23104
28,1000,23565
28,1000,20409
28,1000,20359
28,1000,21060
28,1000,170944
28,1000,24757
28,1000,25799
28,1000,34275
28,1000,39475
28,1000,43743
28,1000,39475
28,1000,39355
28,1000,25257
28,1000,21431
28,1000,20810
28,1000,20789
28,1000,21120
28,1000,21130
28,1000,20529
28,1000,20639
28,1000,21180
28,1000,20909
28,1000,22122
28,1000,20820
28,1000,20940
28,1000,20659
28,1000,20750
28,1000,25137
28,1000,20829
28,1000,20839
28,1000,26310
28,1000,20609
28,1000,20700
28,1000,20649
28,1000,22532
28,1000,21701
28,1000,20488
28,1000,20208
28,1000,24607
28,1000,21320
28,1000,20088
28,1000,21010
28,1000,20138
28,1000,20178
28,1000,20238
28,1000,20048
28,1000,20870
28,1000,20950
28,1000,24276
28,1000,20209
28,1000,20419
28,1000,20038
28,1000,20128
28,1000,20800
28,1000,20429
28,1000,20448
28,1000,20449
28,1000,20018
28,1000,20258
28,1000,23675
28,1000,20318
28,1000,20158
28,1000,19657
28,1000,21411
28,1000,19928
28,1000,21010
28,1000,20359
28,1000,20229
28,1000,20249
28,1000,21390
28,1000,24616
28,1000,84280
28,1000,36258
28,1000,108165
28,1000,20659
28,1000,20629
28,1000,20840
28,1000,21831
28,1000,21541
28,1000,25809
28,1000,22853
28,1000,24517
28,1000,19997
28,1000,20008
28,1000,28855
28,1000,19868
28,1000,19787
28,1000,19777
28,1000,19818
28,1000,20239
28,1000,19737
28,1000,19727
28,1000,19808
28,1000,19697
28,1000,20068
28,1000,21410
28,1000,25368
28,1000,19988
28,1000,19728
28,1000,19878
28,1000,22162
28,1000,22102
28,1000,19787
28,1000,19628
28,1000,19787
28,1000,19657
28,1000,20819
28,1000,19998
28,1000,19647
28,1000,19928
28,1000,19678
28,1000,19657
28,1000,20138
28,1000,19597
28,1000,19717
28,1000,19727
28,1000,19748
28,1000,20489
28,1000,20008
28,1000,19748
28,1000,19727
28,1000,19768
28,1000,19727
28,1000,19837
28,1000,19688
28,1000,19597
28,1000,19768
28,1000,21009
28,1000,19797
28,1000,19757
28,1000,24076
28,1000,19628
28,1000,20328
28,1000,25879
28,1000,19628
28,1000,23084
28,1000,20038
28,1000,19667
28,1000,21841
28,1000,26430
28,1000,77026
28,1000,81975
28,1000,23895
28,1000,23224
28,1000,22683
28,1000,23354
28,1000,25178
28,1000,21281
28,1000,20198
28,1000,20489
28,1000,20569
28,1000,20088
28,1000,20679
28,1000,20288
28,1000,25889
28,1000,20138
28,1000,20690
28,1000,20268
28,1000,20278
28,1000,20248
28,1000,20649
28,1000,20559
28,1000,22382
28,1000,20379
28,1000,24597
28,1000,20368
28,1000,20319
28,1000,20409
28,1000,22643
28,1000,19998
28,1000,20218
28,1000,20008
28,1000,20319
28,1000,19998
28,1000,20128
28,1000,24075
28,1000,20108
28,1000,19988
28,1000,20779
28,1000,20429
28,1000,20739
28,1000,19957
28,1000,20218
28,1000,20309
28,1000,19918
28,1000,19908
28,1000,23525
28,1000,20438
28,1000,19898
28,1000,20208
28,1000,20148
28,1000,20088
28,1000,20078
28,1000,19998
28,1000,20008
28,1000,20148
28,1000,20248
28,1000,23244
28,1000,20028
28,1000,20229
28,1000,41228
28,1000,20198
28,1000,20529
28,1000,20048
28,1000,23464
28,1000,20128
28,1000,20098
28,1000,24155
28,1000,76474
28,1000,102635
28,1000,23064
28,1000,24085
28,1000,24266
28,1000,24236
28,1000,24697
28,1000,22072
28,1000,20509
28,1000,20198
28,1000,20269
28,1000,20268
28,1000,20098
28,1000,20358
28,1000,20228
28,1000,25778
28,1000,20448
28,1000,19968
28,1000,20258
28,1000,20109
28,1000,20408
28,1000,28463
28,1000,20378
28,1000,20740
28,1000,20108
28,1000,24827
28,1000,19988
28,1000,19978
28,1000,19988
28,1000,20378
28,1000,19877
28,1000,20018
28,1000,19908
28,1000,20669
28,1000,20088
28,1000,19968
28,1000,23925
28,1000,20319
28,1000,20098
28,1000,20119
28,1000,20048
28,1000,20118
28,1000,20128
28,1000,20378
28,1000,19748
28,1000,19888
28,1000,19948
28,1000,24065
28,1000,20449
28,1000,20278
28,1000,20449
28,1000,19828
28,1000,20168
28,1000,20289
28,1000,20158
28,1000,19898
28,1000,20329
28,1000,20038
28,1000,30067
28,1000,19787
28,1000,19968
28,1000,20078
28,1000,20719
28,1000,19968
28,1000,20218
28,1000,19948
28,1000,19988
28,1000,20309
28,1000,22833
28,1000,81545
28,1000,95951
28,1000,24026
28,1000,23224
28,1000,23364
28,1000,22773
28,1000,27613
28,1000,21461
28,1000,20700
28,1000,20569
28,1000,20699
28,1000,20599
28,1000,20358
28,1000,20498
28,1000,21150
28,1000,25719
28,1000,20429
28,1000,20288
28,1000,19897
28,1000,28224
28,1000,20078
28,1000,20058
28,1000,20429
28,1000,20088
28,1000,20278
28,1000,20148
28,1000,24347
28,1000,19938
28,1000,19968
28,1000,20268
28,1000,20098
28,1000,20158
28,1000,20519
28,1000,20248
28,1000,20208
28,1000,20008
28,1000,20339
28,1000,23985
28,1000,20119
28,1000,20098
28,1000,20148
28,1000,20078
28,1000,20328
28,1000,20078
28,1000,20148
28,1000,19908
28,1000,20088
28,1000,26461
28,1000,22172
28,1000,20408
28,1000,19947
28,1000,19887
28,1000,20659
28,1000,20298
28,1000,20499
28,1000,31560
28,1000,20108
28,1000,20048
28,1000,23594
28,1000,22513
28,1000,22543
28,1000,19968
28,1000,20529
28,1000,19858
28,1000,19858
28,1000,20108
28,1000,19888
28,1000,20048
28,1000,75724
28,1000,97094
28,1000,24667
28,1000,22934
28,1000,23635
28,1000,23124
28,1000,24877
28,1000,22122
28,1000,21180
28,1000,20379
28,1000,20279
28,1000,20368
28,1000,19998
28,1000,20118
28,1000,20359
28,1000,20549
28,1000,25128
28,1000,20268
28,1000,20238
28,1000,19927
28,1000,20208
28,1000,20118
28,1000,22562
28,1000,21520
28,1000,19777
28,1000,20378
28,1000,20108
28,1000,24656
28,1000,20118
28,1000,20148
28,1000,20098
28,1000,20168
28,1000,20158
28,1000,20820
28,1000,20058
28,1000,20199
28,1000,20048
28,1000,20138
28,1000,23866
28,1000,20178
28,1000,19918
28,1000,20119
28,1000,20238
28,1000,20418
28,1000,19988
28,1000,19947
28,1000,20178
28,1000,20148
28,1000,20459
28,1000,23926
28,1000,19968
28,1000,19897
28,1000,19997
28,1000,20228
28,1000,26921
28,1000,20008
28,1000,20108
28,1000,20088
28,1000,20148
28,1000,26099
28,1000,20559
28,1000,19908
28,1000,20328
28,1000,19757
28,1000,20239
28,1000,20108
28,1000,19918
28,1000,19817
28,1000,19748
28,1000,83318
28,1000,117783
28,1000,26360
28,1000,24717
28,1000,24166
28,1000,24637
28,1000,55826
28,1000,38753
28,1000,46438
28,1000,39725
28,1000,45897
28,1000,40617
28,1000,39424
28,1000,42491
28,1000,33584
28,1000,21300
28,1000,21431
28,1000,20830
28,1000,25598
28,1000,20168
28,1000,20619
28,1000,20359
28,1000,21751
28,1000,20589
28,1000,21240
28,1000,21200
28,1000,20699
28,1000,20619
28,1000,20178
28,1000,24597
28,1000,20840
28,1000,20238
28,1000,20128
28,1000,20118
28,1000,20930
28,1000,20539
28,1000,20860
28,1000,20509
28,1000,21040
28,1000,20730
28,1000,24817
28,1000,20789
28,1000,19927
28,1000,25708
28,1000,21250
28,1000,20218
28,1000,20198
28,1000,20889
28,1000,21100
28,1000,21651
28,1000,20379
28,1000,24286
28,1000,20098
28,1000,20870
28,1000,20539
28,1000,20108
28,1000,21140
28,1000,20489
28,1000,20489
28,1000,20078
28,1000,20258
28,1000,23705
28,1000,20007
28,1000,20007
28,1000,20569
28,1000,20499
28,1000,20288
28,1000,20238
28,1000,71856
28,1000,93558
28,1000,24367
28,1000,23635
28,1000,24005
28,1000,25649
28,1000,27943
28,1000,21621
28,1000,21000
28,1000,21732
28,1000,20759
28,1000,20559
28,1000,20589
28,1000,20388
28,1000,20238
28,1000,20178
28,1000,20559
28,1000,20519
28,1000,20349
28,1000,19968
28,1000,20399
28,1000,20469
28,1000,20619
28,1000,20639
28,1000,20579
28,1000,25509
28,1000,20449
28,1000,20138
28,1000,19888
28,1000,20239
28,1000,20088
28,1000,20038
28,1000,20008
28,1000,20238
28,1000,20880
28,1000,20058
28,1000,24086
28,1000,20138
28,1000,20218
28,1000,20148
28,1000,19577
28,1000,20048
28,1000,24657
28,1000,20198
28,1000,20149
28,1000,20318
28,1000,20559
28,1000,23554
28,1000,19987
28,1000,19917
28,1000,19937
28,1000,20079
28,1000,20118
28,1000,19938
28,1000,19808
28,1000,20118
28,1000,19928
28,1000,20068
28,1000,23154
28,1000,20428
28,1000,20078
28,1000,19918
28,1000,20189
28,1000,27612
28,1000,22062
28,1000,23304
28,1000,26190
28,1000,20910
28,1000,23224
28,1000,113155
28,1000,23254
28,1000,23425
28,1000,27132
28,1000,22933
28,1000,22974
28,1000,23124
28,1000,22002
28,1000,20408
28,1000,25449
28,1000,21972
28,1000,22583
28,1000,20359
28,1000,20058
28,1000,20078
28,1000,20309
28,1000,20178
28,1000,20078
28,1000,20268
28,1000,20349
28,1000,24757
28,1000,20018
28,1000,19958
28,1000,20349
28,1000,20098
28,1000,20348
28,1000,20038
28,1000,19968
28,1000,20259
28,1000,19807
28,1000,24286
28,1000,20228
28,1000,21160
28,1000,21060
28,1000,20439
28,1000,19878
28,1000,19797
28,1000,20048
28,1000,19928
28,1000,26881
28,1000,20108
28,1000,24386
28,1000,19937
28,1000,20368
28,1000,20038
28,1000,23445
28,1000,19938
28,1000,20168
28,1000,19767
28,1000,20008
28,1000,20048
28,1000,19928
28,1000,23485
28,1000,20248
28,1000,20068
28,1000,20028
28,1000,20008
28,1000,19858
28,1000,20148
28,1000,20007
28,1000,20128
28,1000,20398
28,1000,21130
28,1000,23074
28,1000,20258
28,1000,20239
28,1000,20098
28,1000,20709
28,1000,86083
28,1000,108696
28,1000,23334
28,1000,23294
28,1000,23545
28,1000,24456
28,1000,62628
28,1000,47209
28,1000,49805
28,1000,49063
28,1000,44314
28,1000,44003
28,1000,54493
28,1000,41208
28,1000,50595
28,1000,46208
28,1000,33173
28,1000,24957
28,1000,25539
28,1000,25167
28,1000,28183
28,1000,25067
28,1000,25028
28,1000,29917
28,1000,33132
28,1000,24717
28,1000,24737
28,1000,24998
28,1000,26030
28,1000,23484
28,1000,20078
28,1000,19887
28,1000,20619
28,1000,24336
28,1000,19827
28,1000,20449
28,1000,20109
28,1000,20058
28,1000,20278
28,1000,19987
28,1000,20288
28,1000,20028
28,1000,20940
28,1000,20018
28,1000,23404
28,1000,19828
28,1000,20088
28,1000,19988
28,1000,20078
28,1000,20047
28,1000,20158
28,1000,19938
28,1000,20970
28,1000,20208
28,1000,20027
28,1000,22733
28,1000,19818
28,1000,20028
28,1000,20108
28,1000,25018
28,1000,19987
28,1000,20008
28,1000,20188
28,1000,20189
28,1000,20068
28,1000,19868
28,1000,24166
28,1000,20398
28,1000,69451
28,1000,84930
28,1000,20438
28,1000,20609
28,1000,20299
28,1000,21280
28,1000,20719
28,1000,20339
28,1000,19998
28,1000,19928
28,1000,19627
28,1000,19987
28,1000,21009
28,1000,19687
28,1000,19557
28,1000,20128
28,1000,19567
28,1000,19577
28,1000,19537
28,1000,19608
28,1000,19547
28,1000,19537
28,1000,20810
28,1000,19797
28,1000,25839
28,1000,19557
28,1000,19597
28,1000,19628
28,1000,19797
28,1000,19557
28,1000,19517
28,1000,19637
28,1000,19687
28,1000,21311
29,1000,50586
29,1000,48462
29,1000,48923
29,1000,49423
29,1000,48682
29,1000,48422
29,1000,49573
29,1000,48332
29,1000,55966
29,1000,53922
29,1000,230286
29,1000,64612
29,1000,125528
29,1000,118083
29,1000,113625
29,1000,55956
29,1000,52630
29,1000,52840
29,1000,56337
29,1000,53271
29,1000,52900
29,1000,55716
29,1000,56547
29,1000,51257
29,1000,56056
29,1000,51598
29,1000,51187
29,1000,55615
29,1000,51167
29,1000,51317
29,1000,204778
29,1000,63100
29,1000,66947
29,1000,52139
29,1000,50726
29,1000,55766
29,1000,55044
29,1000,50907
29,1000,50205
29,1000,55355
29,1000,51647
29,1000,50195
29,1000,54673
29,1000,51147
29,1000,50787
29,1000,54353
29,1000,51136
29,1000,50665
29,1000,61757
29,1000,51507
29,1000,265052
29,1000,62157
29,1000,66326
29,1000,58581
29,1000,50526
29,1000,50546
29,1000,50415
29,1000,56156
29,1000,50626
29,1000,50536
29,1000,55174
29,1000,50005
29,1000,51428
29,1000,55015
29,1000,50615
29,1000,56988
29,1000,52199
29,1000,50897
29,1000,51387
29,1000,51628
29,1000,212463
29,1000,58891
29,1000,121149
29,1000,121961
29,1000,121801
29,1000,60404
29,1000,50155
29,1000,51428
29,1000,50266
29,1000,48662
29,1000,48692
29,1000,50837
29,1000,49654
29,1000,48461
29,1000,49314
29,1000,48852
29,1000,48262
29,1000,49083
29,1000,48492
29,1000,48131
29,1000,203386
29,1000,52029
29,1000,50195
29,1000,54413
29,1000,50205
29,1000,50335
29,1000,50476
29,1000,51678
29,1000,48642
29,1000,49343
29,1000,48502
29,1000,50115
29,1000,48572
29,1000,48471
29,1000,49945
29,1000,48512
29,1000,51357
29,1000,64832
29,1000,52149
29,1000,66395
29,1000,250564
29,1000,295059
29,1000,301010
29,1000,245956
29,1000,57780
29,1000,51738
29,1000,50376
29,1000,49183
29,1000,49384
29,1000,49744
29,1000,48642
29,1000,48342
29,1000,50095
29,1000,48342
29,1000,48993
29,1000,49684
29,1000,54663
29,1000,72838
29,1000,215298
29,1000,66266
29,1000,118564
29,1000,83167
29,1000,49313
29,1000,50185
29,1000,51227
29,1000,53071
29,1000,48613
29,1000,54363
29,1000,49423
29,1000,48752
29,1000,49253
29,1000,48411
29,1000,49925
29,1000,48782
29,1000,49935
29,1000,156636
29,1000,74722
29,1000,102324
29,1000,114777
29,1000,136278
29,1000,57680
29,1000,50816
29,1000,51558
29,1000,52199
29,1000,49002
29,1000,48742
29,1000,49554
29,1000,49083
29,1000,48501
29,1000,48322
29,1000,49323
29,1000,49403
29,1000,48552
29,1000,187035
29,1000,52109
29,1000,51137
29,1000,49814
29,1000,51086
29,1000,48462
29,1000,48492
29,1000,49974
29,1000,49003
29,1000,48362
29,1000,49374
29,1000,49163
29,1000,48281
29,1000,49344
29,1000,49473
29,1000,48011
29,1000,48141
29,1000,56307
29,1000,177356
29,1000,51508
29,1000,50786
29,1000,49654
29,1000,48793
29,1000,49463
29,1000,50055
29,1000,48482
29,1000,48181
29,1000,50005
29,1000,48672
29,1000,48692
29,1000,48792
29,1000,49574
29,1000,49254
29,1000,55816
29,1000,49253
29,1000,48512
29,1000,219626
29,1000,66656
29,1000,50125
29,1000,49043
29,1000,47751
29,1000,49003
29,1000,48582
29,1000,49143
29,1000,49123
29,1000,48001
29,1000,47881
29,1000,49334
29,1000,47950
29,1000,48322
29,1000,49143
29,1000,48782
29,1000,56487
29,1000,49153
29,1000,49303
29,1000,48412
29,1000,288707
29,1000,52990
29,1000,54052
29,1000,48612
29,1000,48812
29,1000,49103
29,1000,48722
29,1000,49213
29,1000,51157
29,1000,51157
29,1000,48722
29,1000,49974
29,1000,49213
29,1000,48512
29,1000,49424
29,1000,48782
29,1000,48372
29,1000,49333
29,1000,48662
29,1000,48332
29,1000,213153
29,1000,51768
29,1000,51428
29,1000,51027
29,1000,51738
29,1000,50416
29,1000,48682
29,1000,48963
29,1000,50526
29,1000,48421
29,1000,49714
29,1000,48763
29,1000,49734
29,1000,48772
29,1000,49324
29,1000,50356
29,1000,48582
29,1000,58411
29,1000,53001
29,1000,48061
29,1000,212523
29,1000,55766
29,1000,48883
29,1000,49253
29,1000,51377
29,1000,48732
29,1000,49945
29,1000,49434
29,1000,48411
29,1000,48983
29,1000,48522
29,1000,56917
29,1000,51788
29,1000,48562
29,1000,49314
29,1000,48462
29,1000,48121
29,1000,49223
29,1000,48091
29,1000,48131
29,1000,232660
29,1000,81374
29,1000,83949
29,1000,53522
29,1000,52169
29,1000,57769
29,1000,51268
29,1000,50986
29,1000,55666
29,1000,50997
29,1000,58982
29,1000,56236
29,1000,52249
29,1000,50986
29,1000,50987
29,1000,55555
29,1000,51017
29,1000,52289
29,1000,55265
29,1000,52159
29,1000,288697
29,1000,69041
29,1000,63590
29,1000,55075
29,1000,56347
29,1000,51347
29,1000,51167
29,1000,55946
29,1000,50476
29,1000,49583
29,1000,55915
29,1000,49664
29,1000,56867
29,1000,53922
29,1000,50536
29,1000,50606
29,1000,53291
29,1000,50766
29,1000,51147
29,1000,53231
29,1000,238431
29,1000,67437
29,1000,51988
29,1000,52038
29,1000,53852
29,1000,62899
29,1000,51928
29,1000,51398
29,1000,54924
29,1000,57288
29,1000,52159
29,1000,55585
29,1000,52640
29,1000,52489
29,1000,56306
29,1000,52229
29,1000,55686
29,1000,60335
29,1000,52740
29,1000,53161
29,1000,253219
29,1000,67307
29,1000,90131
29,1000,102474
29,1000,54513
29,1000,54393
29,1000,53010
29,1000,55826
29,1000,51147
29,1000,50967
29,1000,54914
29,1000,71546
29,1000,78218
29,1000,62618
29,1000,54303
29,1000,53241
29,1000,55315
29,1000,51327
29,1000,50596
29,1000,55605
29,1000,281453
29,1000,94239
29,1000,122272
29,1000,116350
29,1000,81134
29,1000,51658
29,1000,53140
29,1000,56608
29,1000,51427
29,1000,51467
29,1000,54453
29,1000,51658
29,1000,51578
29,1000,50966
29,1000,54794
29,1000,50716
29,1000,50636
29,1000,67338
29,1000,62037
29,1000,109097
29,1000,154282
29,1000,51337
29,1000,51297
29,1000,48912
29,1000,48813
29,1000,49604
29,1000,48331
29,1000,49614
29,1000,49534
29,1000,49253
29,1000,48342
29,1000,56107
29,1000,49062
29,1000,49624
29,1000,49243
29,1000,48351
29,1000,52530
29,1000,53401
29,1000,104628
29,1000,111882
29,1000,239263
29,1000,78889
29,1000,56668
29,1000,51457
29,1000,50075
29,1000,50386
29,1000,49884
29,1000,49704
29,1000,48833
29,1000,48161
29,1000,49213
29,1000,49424
29,1000,48302
29,1000,49503
29,1000,48172
29,1000,48121
29,1000,49103
29,1000,48421
29,1000,48141
29,1000,49294
29,1000,232961
29,1000,59533
29,1000,62618
29,1000,56317
29,1000,55165
29,1000,52439
29,1000,55164
29,1000,51116
29,1000,49784
29,1000,54944
29,1000,50646
29,1000,50065
29,1000,55244
29,1000,58371
29,1000,51828
29,1000,56397
29,1000,50476
29,1000,50305
29,1000,52770
29,1000,95992
29,1000,231648
29,1000,62709
29,1000,100491
29,1000,123664
29,1000,114236
29,1000,80392
29,1000,55045
29,1000,56196
29,1000,56147
29,1000,50606
29,1000,51728
29,1000,54894
29,1000,51037
29,1000,50245
29,1000,53932
29,1000,51628
29,1000,50365
29,1000,50936
29,1000,53702
29,1000,50445
29,1000,232801
29,1000,62037
29,1000,60775
29,1000,56768
29,1000,57860
29,1000,52830
29,1000,51338
29,1000,57248
29,1000,50726
29,1000,49915
29,1000,55014
29,1000,51047
29,1000,56286
29,1000,53712
29,1000,51207
29,1000,51137
29,1000,54543
29,1000,54453
29,1000,51006
29,1000,49754
29,1000,204307
29,1000,51918
29,1000,64673
29,1000,49243
29,1000,51277
29,1000,48582
29,1000,54153
29,1000,50065
29,1000,48452
29,1000,48361
29,1000,48993
29,1000,49574
29,1000,48823
29,1000,49313
29,1000,49133
29,1000,48181
29,1000,48552
29,1000,49614
29,1000,48562
29,1000,48262
29,1000,254502
29,1000,53902
29,1000,49113
29,1000,48692
29,1000,50806
29,1000,48963
29,1000,49464
29,1000,56367
29,1000,48472
29,1000,48662
29,1000,48682
29,1000,49764
29,1000,48642
29,1000,48693
29,1000,49463
29,1000,48752
29,1000,48833
29,1000,54894
29,1000,48572
29,1000,55215
29,1000,199388
29,1000,63450
29,1000,67187
29,1000,51417
29,1000,50215
29,1000,52229
29,1000,57209
29,1000,50525
29,1000,49925
29,1000,54453
29,1000,50826
29,1000,70062
29,1000,55956
29,1000,51247
29,1000,50435
29,1000,52429
29,1000,50937
29,1000,50606
29,1000,52630
29,1000,50556
29,1000,228833
29,1000,87946
29,1000,157428
29,1000,90161
29,1000,82346
29,1000,83899
29,1000,80944
29,1000,87245
29,1000,81655
29,1000,82205
29,1000,88428
29,1000,76715
29,1000,92956
29,1000,81364
29,1000,77176
29,1000,77998
29,1000,79962
29,1000,77667
29,1000,75463
29,1000,80663
29,1000,271935
29,1000,71516
29,1000,125408
29,1000,119226
29,1000,102865
29,1000,50797
29,1000,49714
29,1000,51037
29,1000,49253
29,1000,50486
29,1000,50817
29,1000,49804
29,1000,50716
29,1000,50265
29,1000,50987
29,1000,61065
29,1000,49364
29,1000,51628
29,1000,49463
29,1000,49233
29,1000,233852
29,1000,67298
29,1000,60745
29,1000,53121
29,1000,50596
29,1000,56757
29,1000,50476
29,1000,50967
29,1000,59483
29,1000,53992
29,1000,51738
29,1000,50536
29,1000,54674
29,1000,50616
29,1000,50706
29,1000,55064
29,1000,50485
29,1000,50065
29,1000,71385
29,1000,103186
29,1000,275271
29,1000,55235
29,1000,102243
29,1000,119006
29,1000,119466
29,1000,78108
29,1000,51488
29,1000,50055
29,1000,52109
29,1000,51758
29,1000,50025
29,1000,51638
29,1000,50416
29,1000,69843
29,1000,50255
29,1000,51748
29,1000,50295
29,1000,55134
29,1000,51698
29,1000,50686
29,1000,206601
29,1000,59402
29,1000,57649
29,1000,57840
29,1000,50055
29,1000,50245
29,1000,54523
29,1000,67688
29,1000,50606
29,1000,54864
29,1000,53982
29,1000,52289
29,1000,49665
29,1000,54092
29,1000,50215
29,1000,50035
29,1000,53701
29,1000,51468
29,1000,57418
29,1000,52690
29,1000,268047
29,1000,54694
29,1000,75683
29,1000,86173
29,1000,112413
29,1000,51287
29,1000,51959
29,1000,51357
29,1000,54133
29,1000,50806
29,1000,50165
29,1000,51016
29,1000,50986
29,1000,49484
29,1000,57449
29,1000,51658
29,1000,49534
29,1000,58110
29,1000,57289
29,1000,52670
29,1000,225097
29,1000,76956
29,1000,60635
29,1000,59613
29,1000,50726
29,1000,50776
29,1000,51097
29,1000,67498
29,1000,52098
29,1000,51899
29,1000,56316
29,1000,55946
29,1000,50355
29,1000,54693
29,1000,50536
29,1000,50546
29,1000,53472
29,1000,51096
29,1000,57690
29,1000,53191
29,1000,201742
29,1000,73379
29,1000,59803
29,1000,55415
29,1000,51728
29,1000,56827
29,1000,50716
29,1000,50947
29,1000,55545
29,1000,50866
29,1000,51939
29,1000,54383
29,1000,50546
29,1000,50345
29,1000,53932
29,1000,50346
29,1000,50847
29,1000,63079
29,1000,51207
29,1000,50946
29,1000,212563
29,1000,59262
29,1000,60344
29,1000,61938
29,1000,50756
29,1000,50766
29,1000,55525
29,1000,51057
29,1000,51407
29,1000,55876
29,1000,51698
29,1000,57690
29,1000,53872
29,1000,51407
29,1000,49915
29,1000,53541
29,1000,50506
29,1000,50896
29,1000,50526
29,1000,53562
29,1000,205099
29,1000,56336
29,1000,113835
29,1000,117522
29,1000,69261
29,1000,52630
29,1000,51778
29,1000,49804
29,1000,50696
29,1000,52880
29,1000,50446
29,1000,51087
29,1000,51127
29,1000,51617
29,1000,51277
29,1000,51247
29,1000,51297
29,1000,55846
29,1000,49994
29,1000,50866
29,1000,268198
29,1000,54062
29,1000,51367
29,1000,50516
29,1000,48492
29,1000,49203
29,1000,49954
29,1000,49013
29,1000,49063
29,1000,50986
29,1000,48953
29,1000,63851
29,1000,49935
29,1000,50846
29,1000,49503
29,1000,52249
29,1000,51137
29,1000,49865
29,1000,49033
29,1000,54633
29,1000,210699
29,1000,92936
29,1000,128994
29,1000,118895
29,1000,79320
29,1000,53832
29,1000,52890
29,1000,56297
29,1000,51387
29,1000,51558
29,1000,51708
29,1000,55865
29,1000,52229
29,1000,52219
29,1000,55475
29,1000,51467
29,1000,59693
29,1000,55184
29,1000,50686
29,1000,51448
29,1000,199327
29,1000,51718
29,1000,52008
29,1000,48953
29,1000,48963
29,1000,49865
29,1000,48853
29,1000,49043
29,1000,50055
29,1000,48602
29,1000,48753
29,1000,58039
29,1000,48352
29,1000,48191
29,1000,49284
29,1000,65184
29,1000,51347
29,1000,50215
29,1000,56086
29,1000,50946
29,1000,196772
29,1000,62348
29,1000,62679
29,1000,58901
29,1000,50655
29,1000,50736
29,1000,56207
29,1000,51127
29,1000,50355
29,1000,60264
29,1000,51587
29,1000,50125
29,1000,53601
29,1000,49995
29,1000,49464
29,1000,52238
29,1000,50866
29,1000,49955
29,1000,49875
29,1000,52068
29,1000,262737
29,1000,59963
29,1000,61907
29,1000,53792
29,1000,55626
29,1000,50776
29,1000,50085
29,1000,54814
29,1000,49925
29,1000,49314
29,1000,54373
29,1000,49504
29,1000,49514
29,1000,49503
29,1000,62368
29,1000,50195
29,1000,49754
29,1000,52790
29,1000,50266
29,1000,56668
29,1000,219406
29,1000,61847
29,1000,58460
29,1000,51297
29,1000,51888
29,1000,51307
29,1000,52469
29,1000,51498
29,1000,56076
29,1000,50837
29,1000,51718
29,1000,51497
29,1000,66416
29,1000,54223
29,1000,50205
29,1000,54544
29,1000,49433
29,1000,49504
29,1000,64823
29,1000,50185
29,1000,197735
29,1000,62699
29,1000,60525
29,1000,57859
29,1000,50485
29,1000,51027
29,1000,58761
29,1000,56326
29,1000,50666
29,1000,50656
29,1000,57369
29,1000,50806
29,1000,50015
29,1000,54474
29,1000,50776
29,1000,50476
29,1000,54233
29,1000,50766
29,1000,50666
29,1000,53431
29,1000,188787
29,1000,60525
29,1000,64933
29,1000,55976
29,1000,51197
29,1000,56747
29,1000,50265
29,1000,50235
29,1000,54864
29,1000,55636
29,1000,50776
29,1000,60915
29,1000,50055
29,1000,50445
29,1000,54113
29,1000,50145
29,1000,55666
29,1000,53671
29,1000,50556
29,1000,50115
29,1000,219946
29,1000,79470
29,1000,122041
29,1000,129455
29,1000,102895
29,1000,52990
29,1000,52419
29,1000,57769
29,1000,52139
29,1000,52719
29,1000,52169
29,1000,55365
29,1000,51247
29,1000,51477
29,1000,55625
29,1000,51407
29,1000,52109
29,1000,55936
29,1000,57729
29,1000,51398
29,1000,215979
29,1000,53842
29,1000,50495
29,1000,50286
29,1000,51187
29,1000,50937
29,1000,50345
29,1000,51918
29,1000,48562
29,1000,49484
29,1000,49143
29,1000,49654
29,1000,55415
29,1000,48612
29,1000,49644
29,1000,49464
29,1000,48292
29,1000,54513
29,1000,51969
29,1000,50376
29,1000,187876
29,1000,77356
29,1000,50195
29,1000,48512
29,1000,48713
29,1000,49213
29,1000,57017
29,1000,49865
29,1000,49193
29,1000,48512
29,1000,48692
29,1000,48912
29,1000,48161
29,1000,48812
29,1000,48843
29,1000,48051
29,1000,48271
29,1000,49133
29,1000,48582
29,1000,48501
29,1000,272236
29,1000,67087
29,1000,142240
29,1000,122682
29,1000,84380
29,1000,52349
29,1000,52088
29,1000,50896
29,1000,55064
29,1000,51337
29,1000,50806
29,1000,55445
29,1000,50787
29,1000,51277
29,1000,53972
29,1000,51388
29,1000,50165
29,1000,57609
29,1000,52430
29,1000,50947
29,1000,227261
29,1000,54443
29,1000,53982
29,1000,51568
29,1000,53802
29,1000,51066
29,1000,56918
29,1000,51647
29,1000,51618
29,1000,50005
29,1000,50926
29,1000,55575
29,1000,49875
29,1000,50877
29,1000,51347
29,1000,49764
29,1000,49393
29,1000,52209
29,1000,51257
29,1000,50115
29,1000,257097
30,1000,24015
30,1000,23354
30,1000,40086
30,1000,36309
30,1000,45275
30,1000,41559
30,1000,29386
30,1000,20599
30,1000,20359
30,1000,20809
30,1000,20709
30,1000,20559
30,1000,20599
30,1000,20409
30,1000,21050
30,1000,20368
30,1000,20669
30,1000,20459
30,1000,20669
30,1000,20649
30,1000,25127
30,1000,20238
30,1000,20128
30,1000,20369
30,1000,19827
30,1000,20078
30,1000,20309
30,1000,20309
30,1000,26009
30,1000,19978
30,1000,20319
30,1000,24306
30,1000,20148
30,1000,20699
30,1000,20438
30,1000,20108
30,1000,20289
30,1000,20178
30,1000,20018
30,1000,20338
30,1000,20669
30,1000,23394
30,1000,23885
30,1000,20469
30,1000,20499
30,1000,19998
30,1000,20088
30,1000,19998
30,1000,19957
30,1000,20038
30,1000,19958
30,1000,20118
30,1000,19988
30,1000,23084
30,1000,20088
30,1000,20178
30,1000,19777
30,1000,20188
30,1000,20368
30,1000,19988
30,1000,20058
30,1000,20168
30,1000,19938
30,1000,27863
30,1000,29646
30,1000,116470
30,1000,21661
30,1000,21251
30,1000,21862
30,1000,20188
30,1000,22864
30,1000,20047
30,1000,20179
30,1000,20068
30,1000,19918
30,1000,20509
30,1000,20599
30,1000,20218
30,1000,19978
30,1000,19968
30,1000,19908
30,1000,19988
30,1000,20158
30,1000,20138
30,1000,20118
30,1000,20249
30,1000,19898
30,1000,20068
30,1000,20038
30,1000,21220
30,1000,19297
30,1000,19497
30,1000,19687
30,1000,19628
30,1000,19617
30,1000,27683
30,1000,19627
30,1000,19787
30,1000,19587
30,1000,19697
30,1000,20790
30,1000,19537
30,1000,19487
30,1000,19477
30,1000,19628
30,1000,19978
30,1000,19527
30,1000,19587
30,1000,21360
30,1000,22252
30,1000,20899
30,1000,20669
30,1000,19747
30,1000,19617
30,1000,19527
30,1000,19647
30,1000,19968
30,1000,19657
30,1000,19517
30,1000,19537
30,1000,19577
30,1000,20689
30,1000,19567
30,1000,19678
30,1000,22302
30,1000,20248
30,1000,20088
30,1000,19737
30,1000,20048
30,1000,19707
30,1000,19777
30,1000,19658
30,1000,20730
30,1000,74391
30,1000,93728
30,1000,25488
30,1000,23926
30,1000,23805
30,1000,29185
30,1000,42160
30,1000,41949
30,1000,39124
30,1000,37992
30,1000,41479
30,1000,37702
30,1000,39765
30,1000,42541
30,1000,35577
30,1000,20478
30,1000,20118
30,1000,19948
30,1000,20519
30,1000,20148
30,1000,20198
30,1000,39094
30,1000,20539
30,1000,20278
30,1000,19968
30,1000,20630
30,1000,20158
30,1000,24036
30,1000,19788
30,1000,19738
30,1000,19908
30,1000,20168
30,1000,19687
30,1000,20248
30,1000,23054
30,1000,22853
30,1000,20088
30,1000,24236
30,1000,20108
30,1000,20288
30,1000,20429
30,1000,20789
30,1000,20208
30,1000,20238
30,1000,19838
30,1000,20448
30,1000,20279
30,1000,20128
30,1000,23886
30,1000,20348
30,1000,19998
30,1000,20268
30,1000,19938
30,1000,20138
30,1000,20218
30,1000,20198
30,1000,20158
30,1000,20189
30,1000,20499
30,1000,23194
30,1000,20188
30,1000,20288
30,1000,20219
30,1000,20239
30,1000,20017
30,1000,19798
30,1000,20078
30,1000,19968
30,1000,20018
30,1000,96112
30,1000,21420
30,1000,22643
30,1000,21341
30,1000,21721
30,1000,19627
30,1000,19647
30,1000,19647
30,1000,19648
30,1000,19617
30,1000,19627
30,1000,20037
30,1000,19718
30,1000,19678
30,1000,19527
30,1000,21040
30,1000,19747
30,1000,19637
30,1000,29176
30,1000,19697
30,1000,19738
30,1000,19848
30,1000,19577
30,1000,19858
30,1000,19648
30,1000,19568
30,1000,20850
30,1000,19667
30,1000,19497
30,1000,19637
30,1000,20218
30,1000,22092
30,1000,20959
30,1000,19517
30,1000,19547
30,1000,19667
30,1000,20659
30,1000,19687
30,1000,19577
30,1000,19727
30,1000,19998
30,1000,19367
30,1000,19547
30,1000,19587
30,1000,19577
30,1000,19567
30,1000,19507
30,1000,21911
30,1000,19718
30,1000,19918
30,1000,19868
30,1000,20088
30,1000,19758
30,1000,20018
30,1000,19728
30,1000,24918
30,1000,19697
30,1000,19547
30,1000,22332
30,1000,20479
30,1000,20148
30,1000,20368
30,1000,20279
30,1000,25409
30,1000,22272
30,1000,20478
30,1000,20559
30,1000,20549
30,1000,88287
30,1000,86033
30,1000,21020
30,1000,20739
30,1000,27682
30,1000,47440
30,1000,39736
30,1000,39345
30,1000,42882
30,1000,39004
30,1000,42832
30,1000,39205
30,1000,44555
30,1000,39906
30,1000,20700
30,1000,20278
30,1000,20379
30,1000,20239
30,1000,20168
30,1000,20278
30,1000,20498
30,1000,20158
30,1000,20940
30,1000,20418
30,1000,20299
30,1000,21100
30,1000,19748
30,1000,19687
30,1000,20158
30,1000,19667
30,1000,19928
30,1000,19638
30,1000,19647
30,1000,19667
30,1000,19627
30,1000,20839
30,1000,19938
30,1000,19668
30,1000,19647
30,1000,19396
30,1000,20339
30,1000,19537
30,1000,19778
30,1000,19697
30,1000,19668
30,1000,19798
30,1000,20809
30,1000,26821
30,1000,19597
30,1000,19757
30,1000,19677
30,1000,20128
30,1000,19517
30,1000,19507
30,1000,19697
30,1000,19537
30,1000,19577
30,1000,21100
30,1000,19577
30,1000,19728
30,1000,19387
30,1000,20168
30,1000,19708
30,1000,20980
30,1000,19206
30,1000,19206
30,1000,19196
30,1000,19326
30,1000,84149
30,1000,83588
30,1000,25248
30,1000,25087
30,1000,25589
30,1000,24867
30,1000,24346
30,1000,29947
30,1000,53702
30,1000,37902
30,1000,42090
30,1000,38132
30,1000,37661
30,1000,41568
30,1000,38032
30,1000,29346
30,1000,20429
30,1000,21059
30,1000,22954
30,1000,21881
30,1000,20048
30,1000,20559
30,1000,20669
30,1000,20238
30,1000,20329
30,1000,20630
30,1000,20549
30,1000,20579
30,1000,25358
30,1000,20388
30,1000,20689
30,1000,20328
30,1000,20008
30,1000,20238
30,1000,20369
30,1000,20208
30,1000,19967
30,1000,20098
30,1000,20118
30,1000,29596
30,1000,20710
30,1000,20709
30,1000,20028
30,1000,20749
30,1000,20038
30,1000,19988
30,1000,20048
30,1000,20349
30,1000,20078
30,1000,20168
30,1000,23825
30,1000,19918
30,1000,20449
30,1000,20078
30,1000,20118
30,1000,20429
30,1000,19978
30,1000,19907
30,1000,20218
30,1000,19978
30,1000,20238
30,1000,23214
30,1000,20268
30,1000,20128
30,1000,20168
30,1000,20038
30,1000,20549
30,1000,20389
30,1000,20138
30,1000,91623
30,1000,85372
30,1000,21000
30,1000,20449
30,1000,20620
30,1000,45607
30,1000,38763
30,1000,42361
30,1000,43202
30,1000,39395
30,1000,42491
30,1000,27182
30,1000,20038
30,1000,20158
30,1000,20198
30,1000,19928
30,1000,20028
30,1000,19928
30,1000,20168
30,1000,20449
30,1000,20078
30,1000,20750
30,1000,20169
30,1000,20168
30,1000,20339
30,1000,20268
30,1000,20690
30,1000,19847
30,1000,19527
30,1000,19627
30,1000,19597
30,1000,19547
30,1000,26049
30,1000,19617
30,1000,19527
30,1000,19577
30,1000,19748
30,1000,20969
30,1000,19547
30,1000,19567
30,1000,19607
30,1000,19577
30,1000,19547
30,1000,19527
30,1000,19577
30,1000,20048
30,1000,22112
30,1000,23435
30,1000,23054
30,1000,22653
30,1000,21341
30,1000,19567
30,1000,19467
30,1000,19647
30,1000,19317
30,1000,19467
30,1000,19588
30,1000,19527
30,1000,20710
30,1000,19737
30,1000,19547
30,1000,19527
30,1000,19838
30,1000,19537
30,1000,19937
30,1000,19547
30,1000,19497
30,1000,22243
30,1000,108806
30,1000,37070
30,1000,24096
30,1000,22232
30,1000,20419
30,1000,21190
30,1000,24126
30,1000,20699
30,1000,20649
30,1000,20388
30,1000,20329
30,1000,20879
30,1000,26460
30,1000,20839
30,1000,20889
30,1000,20499
30,1000,20369
30,1000,20248
30,1000,20699
30,1000,20338
30,1000,20439
30,1000,20198
30,1000,20539
30,1000,24546
30,1000,20229
30,1000,20098
30,1000,20538
30,1000,20960
30,1000,20248
30,1000,20248
30,1000,25498
30,1000,19797
30,1000,20178
30,1000,21601
30,1000,23635
30,1000,20890
30,1000,20148
30,1000,20709
30,1000,20058
30,1000,20188
30,1000,20990
30,1000,20629
30,1000,22823
30,1000,19988
30,1000,23965
30,1000,20168
30,1000,20068
30,1000,21380
30,1000,20669
30,1000,19988
30,1000,20468
30,1000,20709
30,1000,19928
30,1000,20378
30,1000,21240
30,1000,24206
30,1000,20469
30,1000,19978
30,1000,20278
30,1000,20820
30,1000,20399
30,1000,21110
30,1000,20409
30,1000,20369
30,1000,21591
30,1000,20910
30,1000,23565
30,1000,20269
30,1000,83307
30,1000,126049
30,1000,24156
30,1000,27492
30,1000,25078
30,1000,23054
30,1000,20529
30,1000,20128
30,1000,19998
30,1000,20259
30,1000,20348
30,1000,19918
30,1000,20238
30,1000,20869
30,1000,20148
30,1000,25258
30,1000,20498
30,1000,19958
30,1000,19968
30,1000,20138
30,1000,20489
30,1000,20298
30,1000,20188
30,1000,20219
30,1000,19798
30,1000,20008
30,1000,30708
30,1000,19988
30,1000,20378
30,1000,19918
30,1000,20139
30,1000,20008
30,1000,21070
30,1000,20288
30,1000,20118
30,1000,20168
30,1000,24006
30,1000,20198
30,1000,20288
30,1000,20539
30,1000,22562
30,1000,23675
30,1000,20539
30,1000,20218
30,1000,20369
30,1000,20770
30,1000,20208
30,1000,24106
30,1000,20088
30,1000,20489
30,1000,20078
30,1000,20208
30,1000,20178
30,1000,20378
30,1000,20168
30,1000,20088
30,1000,20058
30,1000,19917
30,1000,24076
30,1000,21040
30,1000,20008
30,1000,20348
30,1000,25969
30,1000,20138
30,1000,20229
30,1000,19777
30,1000,20378
30,1000,22322
30,1000,65835
30,1000,50305
30,1000,21401
30,1000,20629
30,1000,20509
30,1000,23976
30,1000,19547
30,1000,19557
30,1000,19668
30,1000,19647
30,1000,19597
30,1000,19877
30,1000,21941
30,1000,19136
30,1000,19106
30,1000,19157
30,1000,19066
30,1000,19096
30,1000,19127
30,1000,19157
30,1000,19086
30,1000,19366
30,1000,19106
30,1000,20408
30,1000,19106
30,1000,19127
30,1000,24907
30,1000,18896
30,1000,19076
30,1000,19156
30,1000,19096
30,1000,19607
30,1000,19106
30,1000,19056
30,1000,20148
30,1000,19076
30,1000,19126
30,1000,19066
30,1000,19107
30,1000,19167
30,1000,19096
30,1000,22021
30,1000,22402
30,1000,19777
30,1000,19487
30,1000,20439
30,1000,19467
30,1000,19467
30,1000,19217
30,1000,19456
30,1000,19437
30,1000,19386
30,1000,19727
30,1000,19417
30,1000,19356
30,1000,20429
30,1000,19417
30,1000,19517
30,1000,19396
30,1000,19407
30,1000,19476
30,1000,19427
30,1000,19607
30,1000,19386
30,1000,38784
30,1000,19557
30,1000,20729
30,1000,19537
30,1000,19627
30,1000,77066
30,1000,88898
30,1000,23014
30,1000,24878
30,1000,23494
30,1000,26159
30,1000,23685
30,1000,20939
30,1000,19717
30,1000,20669
30,1000,19447
30,1000,19487
30,1000,19437
30,1000,25439
30,1000,19608
30,1000,19868
30,1000,19668
30,1000,19838
30,1000,19657
30,1000,19687
30,1000,20078
30,1000,19758
30,1000,19648
30,1000,19327
30,1000,24226
30,1000,38983
30,1000,19818
30,1000,19707
30,1000,19567
30,1000,20048
30,1000,19557
30,1000,19617
30,1000,20068
30,1000,19607
30,1000,23755
30,1000,19737
30,1000,19587
30,1000,19687
30,1000,19657
30,1000,23344
30,1000,23144
30,1000,19758
30,1000,19718
30,1000,19858
30,1000,19467
30,1000,23224
30,1000,19707
30,1000,19727
30,1000,20008
30,1000,19717
30,1000,19767
30,1000,19757
30,1000,19667
30,1000,19828
30,1000,19587
30,1000,19718
30,1000,22834
30,1000,19768
30,1000,19877
30,1000,19757
30,1000,20228
30,1000,19958
30,1000,19757
30,1000,19547
30,1000,20159
30,1000,19998
30,1000,19968
30,1000,21721
30,1000,73198
30,1000,80502
30,1000,20289
30,1000,23705
30,1000,22733
30,1000,21100
30,1000,19958
30,1000,20168
30,1000,20279
30,1000,20178
30,1000,20258
30,1000,20609
30,1000,19907
30,1000,20739
30,1000,19678
30,1000,19437
30,1000,19467
30,1000,19517
30,1000,19948
30,1000,19447
30,1000,19547
30,1000,19267
30,1000,19507
30,1000,20830
30,1000,19567
30,1000,24106
30,1000,19507
30,1000,19707
30,1000,19517
30,1000,19426
30,1000,19417
30,1000,19537
30,1000,19427
30,1000,19427
30,1000,20579
30,1000,19497
30,1000,19407
30,1000,20048
30,1000,19527
30,1000,19968
30,1000,22552
30,1000,25068
30,1000,36439
30,1000,19657
30,1000,19587
30,1000,20820
30,1000,19517
30,1000,19628
30,1000,19868
30,1000,19517
30,1000,19457
30,1000,19487
30,1000,19507
30,1000,19517
30,1000,19457
30,1000,19527
30,1000,20399
30,1000,19457
30,1000,19748
30,1000,19426
30,1000,19497
30,1000,24857
30,1000,19517
30,1000,19317
30,1000,19517
30,1000,19517
30,1000,20429
30,1000,19597
30,1000,20109
30,1000,156527
30,1000,22933
30,1000,21491
30,1000,24817
30,1000,20269
30,1000,19737
30,1000,19807
30,1000,19687
30,1000,19637
30,1000,19597
30,1000,19737
30,1000,21361
30,1000,19687
30,1000,19728
30,1000,19567
30,1000,19588
30,1000,19647
30,1000,19688
30,1000,19377
30,1000,19567
30,1000,19767
30,1000,19617
30,1000,20779
30,1000,19557
30,1000,26841
30,1000,19547
30,1000,19487
30,1000,19507
30,1000,19567
30,1000,19677
30,1000,20048
30,1000,19607
30,1000,20669
30,1000,19537
30,1000,19527
30,1000,19557
30,1000,19527
30,1000,19597
30,1000,22172
30,1000,20088
30,1000,19728
30,1000,19607
30,1000,19507
30,1000,20579
30,1000,19597
30,1000,19517
30,1000,19527
30,1000,19537
30,1000,19517
30,1000,19557
30,1000,19497
30,1000,19727
30,1000,19567
30,1000,19497
30,1000,20479
30,1000,19677
30,1000,19487
30,1000,19557
30,1000,19547
30,1000,19537
30,1000,19437
30,1000,24646
30,1000,19507
30,1000,19487
30,1000,19587
30,1000,20479
30,1000,19457
30,1000,19487
30,1000,164562
30,1000,25077
30,1000,22723
30,1000,22723
30,1000,22643
30,1000,24506
30,1000,20880
30,1000,20228
30,1000,20068
30,1000,19958
30,1000,20269
30,1000,20118
30,1000,19948
30,1000,20700
30,1000,19968
30,1000,20178
30,1000,20068
30,1000,19858
30,1000,20027
30,1000,20559
30,1000,22112
30,1000,22002
30,1000,21771
30,1000,26671
30,1000,20088
30,1000,20189
30,1000,24497
30,1000,20018
30,1000,19838
30,1000,19908
30,1000,19867
30,1000,20439
30,1000,19927
30,1000,19457
30,1000,19757
30,1000,19848
30,1000,19958
30,1000,23664
30,1000,23244
30,1000,22372
30,1000,19958
30,1000,20058
30,1000,20238
30,1000,20058
30,1000,20028
30,1000,20018
30,1000,20139
30,1000,20028
30,1000,22883
30,1000,19938
30,1000,19998
30,1000,19847
30,1000,20218
30,1000,20008
30,1000,19927
30,1000,20088
30,1000,19938
30,1000,20008
30,1000,19778
30,1000,29025
30,1000,20118
30,1000,19978
30,1000,20128
30,1000,19987
30,1000,19928
30,1000,19918
30,1000,20068
30,1000,112933
30,1000,44323
30,1000,20449
30,1000,20448
30,1000,20830
30,1000,20969
30,1000,21381
30,1000,20118
30,1000,20068
30,1000,20218
30,1000,20589
30,1000,20368
30,1000,20088
30,1000,20268
30,1000,20299
30,1000,20359
30,1000,20348
30,1000,20128
30,1000,20038
30,1000,20088
30,1000,20058
30,1000,19968
30,1000,19998
30,1000,20318
30,1000,26891
30,1000,21211
30,1000,19557
30,1000,19617
30,1000,19547
30,1000,19537
30,1000,19537
30,1000,19627
30,1000,19537
30,1000,19998
30,1000,19617
30,1000,19608
30,1000,21231
30,1000,19627
30,1000,19587
30,1000,19537
30,1000,19587
30,1000,19527
30,1000,19677
30,1000,19787
30,1000,19958
30,1000,19577
30,1000,19918
30,1000,20809
31,1000,19657
31,1000,19527
31,1000,19527
31,1000,19537
31,1000,19567
31,1000,19717
31,1000,19507
31,1000,19497
31,1000,19547
31,1000,20328
31,1000,19557
31,1000,19687
31,1000,19477
31,1000,24667
31,1000,21070
31,1000,23645
31,1000,19567
31,1000,19507
31,1000,19447
31,1000,19477
31,1000,65905
31,1000,111351
31,1000,20659
31,1000,20378
31,1000,49654
31,1000,37101
31,1000,40376
31,1000,37832
31,1000,37902
31,1000,40928
31,1000,37601
31,1000,37611
31,1000,42210
31,1000,23124
31,1000,20949
31,1000,19437
31,1000,19477
31,1000,19617
31,1000,19377
31,1000,19477
31,1000,19467
31,1000,19847
31,1000,19537
31,1000,19487
31,1000,19527
31,1000,20769
31,1000,19447
31,1000,19477
31,1000,19397
31,1000,19417
31,1000,21601
31,1000,19407
31,1000,22462
31,1000,22613
31,1000,19426
31,1000,19527
31,1000,20629
31,1000,19477
31,1000,19737
31,1000,19527
31,1000,20379
31,1000,19597
31,1000,19507
31,1000,19547
31,1000,19597
31,1000,19487
31,1000,19727
31,1000,20629
31,1000,19527
31,1000,19808
31,1000,19767
31,1000,19467
31,1000,19597
31,1000,19497
31,1000,26100
31,1000,19697
31,1000,19477
31,1000,20759
31,1000,19707
31,1000,19777
31,1000,19688
31,1000,19968
31,1000,19787
31,1000,19657
31,1000,19567
31,1000,19587
31,1000,19868
31,1000,19547
31,1000,21371
31,1000,104979
31,1000,24045
31,1000,25598
31,1000,24166
31,1000,24417
31,1000,23906
31,1000,24506
31,1000,23414
31,1000,22603
31,1000,21050
31,1000,20700
31,1000,20790
31,1000,20609
31,1000,21200
31,1000,20418
31,1000,27973
31,1000,20939
31,1000,25148
31,1000,20569
31,1000,20589
31,1000,21020
31,1000,20799
31,1000,20659
31,1000,20689
31,1000,21240
31,1000,20950
31,1000,20309
31,1000,20809
31,1000,24787
31,1000,20930
31,1000,20679
31,1000,20759
31,1000,21180
31,1000,25107
31,1000,24095
31,1000,24416
31,1000,24918
31,1000,23835
31,1000,22382
31,1000,24266
31,1000,21030
31,1000,20830
31,1000,20920
31,1000,21370
31,1000,21530
31,1000,21020
31,1000,20338
31,1000,20920
31,1000,20729
31,1000,23664
31,1000,20519
31,1000,20870
31,1000,20439
31,1000,21110
31,1000,20399
31,1000,20769
31,1000,20529
31,1000,20740
31,1000,20489
31,1000,20468
31,1000,24196
31,1000,23004
31,1000,22874
31,1000,20589
31,1000,20088
31,1000,19928
31,1000,19967
31,1000,20028
31,1000,79931
31,1000,78699
31,1000,20238
31,1000,20168
31,1000,20629
31,1000,24516
31,1000,21962
31,1000,19568
31,1000,19497
31,1000,19597
31,1000,19527
31,1000,19497
31,1000,19587
31,1000,27743
31,1000,20068
31,1000,19668
31,1000,19658
31,1000,20950
31,1000,19617
31,1000,19637
31,1000,19587
31,1000,19517
31,1000,19507
31,1000,19838
31,1000,19547
31,1000,19547
31,1000,19918
31,1000,19547
31,1000,20759
31,1000,19376
31,1000,19487
31,1000,19647
31,1000,19537
31,1000,20098
31,1000,19617
31,1000,19607
31,1000,19617
31,1000,19567
31,1000,20709
31,1000,19527
31,1000,19627
31,1000,19527
31,1000,19567
31,1000,19968
31,1000,19607
31,1000,19537
31,1000,19847
31,1000,19647
31,1000,19567
31,1000,21060
31,1000,25749
31,1000,19817
31,1000,19707
31,1000,19527
31,1000,19807
31,1000,19487
31,1000,19527
31,1000,19497
31,1000,19557
31,1000,19517
31,1000,21150
31,1000,20278
31,1000,19948
31,1000,20519
31,1000,19897
31,1000,20068
31,1000,19867
31,1000,19878
31,1000,70443
31,1000,59112
31,1000,24366
31,1000,23264
31,1000,23675
31,1000,23244
31,1000,23385
31,1000,23785
31,1000,28253
31,1000,20108
31,1000,20258
31,1000,20659
31,1000,21380
31,1000,38312
31,1000,20929
31,1000,20770
31,1000,20118
31,1000,20178
31,1000,25128
31,1000,20148
31,1000,20168
31,1000,20008
31,1000,20078
31,1000,20228
31,1000,19968
31,1000,20328
31,1000,19828
31,1000,20189
31,1000,20098
31,1000,24166
31,1000,19907
31,1000,20239
31,1000,20148
31,1000,20729
31,1000,20088
31,1000,20148
31,1000,20028
31,1000,20358
31,1000,20108
31,1000,20288
31,1000,23915
31,1000,20389
31,1000,20198
31,1000,20268
31,1000,19787
31,1000,19948
31,1000,20138
31,1000,19807
31,1000,30077
31,1000,19878
31,1000,19968
31,1000,21631
31,1000,20208
31,1000,20168
31,1000,20188
31,1000,20388
31,1000,20188
31,1000,20017
31,1000,20018
31,1000,20058
31,1000,20058
31,1000,21581
31,1000,20118
31,1000,20389
31,1000,20158
31,1000,20078
31,1000,20088
31,1000,20289
31,1000,23544
31,1000,80613
31,1000,98877
31,1000,22874
31,1000,23094
31,1000,23554
31,1000,23164
31,1000,23074
31,1000,22754
31,1000,25919
31,1000,20168
31,1000,20178
31,1000,20559
31,1000,20248
31,1000,20409
31,1000,20188
31,1000,21040
31,1000,20309
31,1000,20208
31,1000,20128
31,1000,24877
31,1000,20108
31,1000,20138
31,1000,19948
31,1000,23354
31,1000,20138
31,1000,20298
31,1000,20108
31,1000,20338
31,1000,20238
31,1000,19988
31,1000,24596
31,1000,20108
31,1000,20438
31,1000,20830
31,1000,20549
31,1000,20238
31,1000,20028
31,1000,19948
31,1000,20028
31,1000,19998
31,1000,23835
31,1000,19948
31,1000,20158
31,1000,20358
31,1000,19777
31,1000,20148
31,1000,20118
31,1000,20188
31,1000,20358
31,1000,20048
31,1000,20088
31,1000,23455
31,1000,20309
31,1000,20238
31,1000,20078
31,1000,19988
31,1000,20078
31,1000,19848
31,1000,20078
31,1000,20249
31,1000,23474
31,1000,19918
31,1000,21381
31,1000,20689
31,1000,20528
31,1000,20319
31,1000,20990
31,1000,20579
31,1000,72226
31,1000,61467
31,1000,22543
31,1000,23284
31,1000,23825
31,1000,23835
31,1000,24686
31,1000,24827
31,1000,25879
31,1000,20469
31,1000,25408
31,1000,20338
31,1000,20269
31,1000,20048
31,1000,20098
31,1000,21010
31,1000,20068
31,1000,20148
31,1000,20218
31,1000,20469
31,1000,24546
31,1000,21410
31,1000,22603
31,1000,20448
31,1000,20278
31,1000,20028
31,1000,20118
31,1000,20188
31,1000,20058
31,1000,20278
31,1000,20108
31,1000,24046
31,1000,19998
31,1000,20689
31,1000,20088
31,1000,20058
31,1000,20068
31,1000,20199
31,1000,20770
31,1000,20418
31,1000,20208
31,1000,20138
31,1000,23685
31,1000,20799
31,1000,25328
31,1000,20078
31,1000,20900
31,1000,20269
31,1000,19988
31,1000,20459
31,1000,20189
31,1000,20389
31,1000,20669
31,1000,23445
31,1000,20448
31,1000,20319
31,1000,20118
31,1000,20329
31,1000,20018
31,1000,20058
31,1000,20368
31,1000,20218
31,1000,20018
31,1000,19867
31,1000,21090
31,1000,20479
31,1000,20259
31,1000,20228
31,1000,21260
31,1000,81584
31,1000,37471
31,1000,48512
31,1000,47039
31,1000,51958
31,1000,103516
31,1000,20328
31,1000,20299
31,1000,20409
31,1000,20338
31,1000,43913
31,1000,38974
31,1000,37752
31,1000,42240
31,1000,39094
31,1000,38233
31,1000,36930
31,1000,20378
31,1000,19878
31,1000,20068
31,1000,20709
31,1000,19537
31,1000,19547
31,1000,19547
31,1000,20028
31,1000,19527
31,1000,19497
31,1000,19598
31,1000,19517
31,1000,19537
31,1000,19667
31,1000,20469
31,1000,19798
31,1000,19698
31,1000,24646
31,1000,21160
31,1000,19677
31,1000,19547
31,1000,19707
31,1000,19447
31,1000,19547
31,1000,19557
31,1000,20609
31,1000,20228
31,1000,19657
31,1000,19567
31,1000,19457
31,1000,19557
31,1000,19817
31,1000,19487
31,1000,19527
31,1000,19797
31,1000,20539
31,1000,19768
31,1000,19436
31,1000,19748
31,1000,19456
31,1000,19628
31,1000,19527
31,1000,19497
31,1000,19337
31,1000,19447
31,1000,19587
31,1000,20619
31,1000,19487
31,1000,19888
31,1000,95991
31,1000,76014
31,1000,20750
31,1000,21731
31,1000,20589
31,1000,20028
31,1000,19768
31,1000,19637
31,1000,20148
31,1000,19547
31,1000,20098
31,1000,21160
31,1000,19527
31,1000,21811
31,1000,21972
31,1000,19617
31,1000,19747
31,1000,19767
31,1000,19547
31,1000,19547
31,1000,19557
31,1000,19657
31,1000,20368
31,1000,20068
31,1000,19617
31,1000,19507
31,1000,19748
31,1000,19517
31,1000,19758
31,1000,19507
31,1000,19497
31,1000,19607
31,1000,20469
31,1000,19557
31,1000,19607
31,1000,19707
31,1000,27843
31,1000,19557
31,1000,19557
31,1000,19648
31,1000,19487
31,1000,19577
31,1000,19497
31,1000,20509
31,1000,19658
31,1000,19567
31,1000,19698
31,1000,19607
31,1000,19467
31,1000,19487
31,1000,19597
31,1000,19557
31,1000,19828
31,1000,19497
31,1000,20359
31,1000,19887
31,1000,19547
31,1000,19627
31,1000,20068
31,1000,19547
31,1000,21330
31,1000,22032
31,1000,19757
31,1000,19587
31,1000,19617
31,1000,20809
31,1000,105901
31,1000,22774
31,1000,28334
31,1000,23284
31,1000,23585
31,1000,23735
31,1000,23033
31,1000,24707
31,1000,23204
31,1000,20329
31,1000,21621
31,1000,20689
31,1000,20459
31,1000,20979
31,1000,21020
31,1000,27863
31,1000,20469
31,1000,20118
31,1000,20729
31,1000,20529
31,1000,20179
31,1000,20909
31,1000,21030
31,1000,20369
31,1000,21150
31,1000,21080
31,1000,24547
31,1000,20700
31,1000,20649
31,1000,20509
31,1000,20679
31,1000,20609
31,1000,20939
31,1000,20309
31,1000,21020
31,1000,21100
31,1000,20478
31,1000,31570
31,1000,20518
31,1000,20770
31,1000,21611
31,1000,20128
31,1000,20870
31,1000,21300
31,1000,20909
31,1000,21020
31,1000,21220
31,1000,20849
31,1000,24477
31,1000,20830
31,1000,21080
31,1000,21691
31,1000,20940
31,1000,20589
31,1000,21040
31,1000,20569
31,1000,20259
31,1000,20780
31,1000,23715
31,1000,20409
31,1000,20249
31,1000,21171
31,1000,20639
31,1000,20649
31,1000,20860
31,1000,72107
31,1000,112363
31,1000,24065
31,1000,23465
31,1000,24296
31,1000,32101
31,1000,39034
31,1000,39074
31,1000,45746
31,1000,39434
31,1000,42189
31,1000,39394
31,1000,43903
31,1000,44505
31,1000,39755
31,1000,21932
31,1000,21130
31,1000,20890
31,1000,20219
31,1000,20509
31,1000,20389
31,1000,21410
31,1000,20990
31,1000,20729
31,1000,20719
31,1000,24987
31,1000,20639
31,1000,20519
31,1000,20369
31,1000,20328
31,1000,20439
31,1000,20418
31,1000,20179
31,1000,20850
31,1000,20228
31,1000,20479
31,1000,24146
31,1000,20680
31,1000,20418
31,1000,19928
31,1000,20338
31,1000,20769
31,1000,20209
31,1000,20388
31,1000,20088
31,1000,22953
31,1000,20138
31,1000,23404
31,1000,20268
31,1000,20248
31,1000,19877
31,1000,20058
31,1000,19898
31,1000,20159
31,1000,20359
31,1000,20229
31,1000,19818
31,1000,23494
31,1000,20358
31,1000,20118
31,1000,19557
31,1000,20108
31,1000,20109
31,1000,20429
31,1000,19937
31,1000,20669
31,1000,90672
31,1000,123705
31,1000,20699
31,1000,20599
31,1000,20950
31,1000,22062
31,1000,19777
31,1000,19927
31,1000,20579
31,1000,19537
31,1000,19507
31,1000,21771
31,1000,19187
31,1000,19367
31,1000,19367
31,1000,19356
31,1000,21030
31,1000,19197
31,1000,19006
31,1000,19266
31,1000,19237
31,1000,19247
31,1000,19357
31,1000,19366
31,1000,19617
31,1000,19216
31,1000,19446
31,1000,20489
31,1000,19296
31,1000,19447
31,1000,36970
31,1000,19446
31,1000,19286
31,1000,19247
31,1000,20068
31,1000,19577
31,1000,19347
31,1000,19237
31,1000,20479
31,1000,19096
31,1000,19166
31,1000,19246
31,1000,19437
31,1000,19217
31,1000,19207
31,1000,19547
31,1000,19146
31,1000,19287
31,1000,20459
31,1000,21100
31,1000,22152
31,1000,20439
31,1000,19537
31,1000,19677
31,1000,19527
31,1000,19718
31,1000,19486
31,1000,19898
31,1000,20138
31,1000,20849
31,1000,21190
31,1000,22403
31,1000,20919
31,1000,21501
31,1000,20228
31,1000,20218
31,1000,125087
31,1000,21140
31,1000,20669
31,1000,20329
31,1000,23104
31,1000,19998
31,1000,36138
31,1000,43983
31,1000,37792
31,1000,42741
31,1000,30308
31,1000,19627
31,1000,19647
31,1000,19737
31,1000,22883
31,1000,24446
31,1000,21401
31,1000,22052
31,1000,23504
31,1000,23595
31,1000,19868
31,1000,19588
31,1000,19748
31,1000,19597
31,1000,19647
31,1000,19607
31,1000,20538
31,1000,29355
31,1000,19687
31,1000,19567
31,1000,19517
31,1000,19617
31,1000,19728
31,1000,19537
31,1000,19758
31,1000,19628
31,1000,20559
31,1000,20408
31,1000,19457
31,1000,19627
31,1000,19727
31,1000,19697
31,1000,19667
31,1000,19647
31,1000,19507
31,1000,19487
31,1000,22132
31,1000,22172
31,1000,19477
31,1000,21991
31,1000,19617
31,1000,19687
31,1000,19557
31,1000,19667
31,1000,19557
31,1000,19597
31,1000,19887
31,1000,19748
31,1000,21361
31,1000,19637
31,1000,19607
31,1000,19957
31,1000,19477
31,1000,19647
31,1000,25058
31,1000,19547
31,1000,19567
31,1000,19767
31,1000,134805
31,1000,23945
31,1000,22422
31,1000,21300
31,1000,24045
31,1000,22763
31,1000,21400
31,1000,21681
31,1000,20609
31,1000,21110
31,1000,20418
31,1000,20529
31,1000,21281
31,1000,20979
31,1000,21020
31,1000,20428
31,1000,20338
31,1000,20378
31,1000,20359
31,1000,20408
31,1000,20068
31,1000,20299
31,1000,20518
31,1000,20379
31,1000,20378
31,1000,30548
31,1000,19938
31,1000,21732
31,1000,20930
31,1000,19587
31,1000,20358
31,1000,23024
31,1000,22312
31,1000,20539
31,1000,19537
31,1000,19717
31,1000,19587
31,1000,19647
31,1000,21020
31,1000,20810
31,1000,19507
31,1000,19517
31,1000,19938
31,1000,19677
31,1000,19567
31,1000,19637
31,1000,19627
31,1000,19978
31,1000,19678
31,1000,19477
31,1000,21491
31,1000,20058
31,1000,20028
31,1000,20008
31,1000,19797
31,1000,20108
31,1000,20088
31,1000,19567
31,1000,19817
31,1000,19677
31,1000,20679
31,1000,29406
31,1000,20249
31,1000,20328
31,1000,27883
31,1000,34876
31,1000,38794
31,1000,39295
31,1000,26861
31,1000,88197
31,1000,23946
31,1000,23495
31,1000,24106
31,1000,24556
31,1000,23795
31,1000,23685
31,1000,20779
31,1000,20910
31,1000,27121
31,1000,21911
31,1000,20269
31,1000,19968
31,1000,20479
31,1000,20269
31,1000,20279
31,1000,20078
31,1000,20279
31,1000,20849
31,1000,32021
31,1000,25208
31,1000,20218
31,1000,20218
31,1000,20539
31,1000,20168
31,1000,19897
31,1000,20449
31,1000,20369
31,1000,20409
31,1000,20268
31,1000,20539
31,1000,24516
31,1000,20339
31,1000,20780
31,1000,22532
31,1000,20329
31,1000,20589
31,1000,20329
31,1000,20138
31,1000,20189
31,1000,19978
31,1000,19878
31,1000,23485
31,1000,19947
31,1000,20078
31,1000,19998
31,1000,20318
31,1000,20329
31,1000,20018
31,1000,20018
31,1000,20489
31,1000,20108
31,1000,23715
31,1000,20058
31,1000,19758
31,1000,28354
31,1000,20469
31,1000,19978
31,1000,19998
31,1000,20047
31,1000,20158
31,1000,20088
31,1000,20258
31,1000,23575
31,1000,20068
31,1000,20478
31,1000,20209
31,1000,20379
31,1000,94970
31,1000,33544
31,1000,88327
31,1000,23154
31,1000,22923
31,1000,22763
31,1000,22553
31,1000,23444
31,1000,23384
31,1000,21140
31,1000,19938
31,1000,25448
31,1000,20308
31,1000,20228
31,1000,20038
31,1000,20188
31,1000,30177
31,1000,20298
31,1000,20308
31,1000,20168
31,1000,20329
31,1000,20139
31,1000,24376
31,1000,20008
31,1000,20268
31,1000,20218
31,1000,20249
31,1000,19978
31,1000,20228
31,1000,20048
31,1000,20108
31,1000,22653
31,1000,21791
31,1000,24537
31,1000,20478
32,1000,20028
32,1000,20269
32,1000,19977
32,1000,19968
32,1000,20028
32,1000,20389
32,1000,20198
32,1000,20599
32,1000,23375
32,1000,20399
32,1000,19978
32,1000,20038
32,1000,20138
32,1000,20569
32,1000,20148
32,1000,20038
32,1000,19918
32,1000,27111
32,1000,19868
32,1000,24045
32,1000,19998
32,1000,19898
32,1000,19998
32,1000,20138
32,1000,20098
32,1000,20098
32,1000,20269
32,1000,19797
32,1000,19958
32,1000,20178
32,1000,23594
32,1000,20349
32,1000,22993
32,1000,77657
32,1000,104518
32,1000,23745
32,1000,24166
32,1000,23474
32,1000,23805
32,1000,23815
32,1000,21681
32,1000,20289
32,1000,20209
32,1000,20229
32,1000,20569
32,1000,25058
32,1000,20037
32,1000,29226
32,1000,20479
32,1000,20068
32,1000,20028
32,1000,20028
32,1000,20118
32,1000,20258
32,1000,20008
32,1000,20589
32,1000,24847
32,1000,20128
32,1000,22032
32,1000,20288
32,1000,20299
32,1000,20259
32,1000,26119
32,1000,23164
32,1000,22814
32,1000,23805
32,1000,25248
32,1000,28343
32,1000,23094
32,1000,23926
32,1000,20179
32,1000,20149
32,1000,19968
32,1000,20099
32,1000,19868
32,1000,19978
32,1000,20549
32,1000,19908
32,1000,23675
32,1000,20048
32,1000,19898
32,1000,27622
32,1000,19958
32,1000,19737
32,1000,20078
32,1000,20268
32,1000,20098
32,1000,19978
32,1000,23063
32,1000,20198
32,1000,19998
32,1000,20519
32,1000,20339
32,1000,20148
32,1000,20188
32,1000,20218
32,1000,22733
32,1000,22463
32,1000,20078
32,1000,23073
32,1000,19958
32,1000,73720
32,1000,108635
32,1000,23114
32,1000,22853
32,1000,23134
32,1000,23635
32,1000,23254
32,1000,20749
32,1000,21591
32,1000,20920
32,1000,31399
32,1000,20879
32,1000,20309
32,1000,20308
32,1000,25308
32,1000,20128
32,1000,20809
32,1000,20128
32,1000,20108
32,1000,20248
32,1000,20259
32,1000,20209
32,1000,20088
32,1000,20158
32,1000,25187
32,1000,20378
32,1000,20549
32,1000,19808
32,1000,20179
32,1000,20319
32,1000,20368
32,1000,20199
32,1000,20098
32,1000,19958
32,1000,20829
32,1000,24467
32,1000,20289
32,1000,20088
32,1000,20378
32,1000,20549
32,1000,20509
32,1000,20088
32,1000,20108
32,1000,20188
32,1000,20378
32,1000,20800
32,1000,32882
32,1000,20389
32,1000,19938
32,1000,20228
32,1000,20258
32,1000,20819
32,1000,20038
32,1000,20208
32,1000,20479
32,1000,20418
32,1000,20229
32,1000,24116
32,1000,20569
32,1000,20279
32,1000,20279
32,1000,19897
32,1000,20048
32,1000,20148
32,1000,22442
32,1000,19907
32,1000,19817
32,1000,24206
32,1000,20128
32,1000,85932
32,1000,93186
32,1000,28574
32,1000,59653
32,1000,51938
32,1000,46458
32,1000,50585
32,1000,46538
32,1000,47550
32,1000,50556
32,1000,46378
32,1000,50696
32,1000,46578
32,1000,31289
32,1000,20689
32,1000,25238
32,1000,21370
32,1000,20008
32,1000,21401
32,1000,20408
32,1000,20328
32,1000,20930
32,1000,20419
32,1000,20519
32,1000,19888
32,1000,24496
32,1000,20208
32,1000,21391
32,1000,20599
32,1000,30268
32,1000,20619
32,1000,21040
32,1000,21019
32,1000,21090
32,1000,21962
32,1000,20268
32,1000,24196
32,1000,20299
32,1000,20479
32,1000,20308
32,1000,20960
32,1000,21380
32,1000,20779
32,1000,20209
32,1000,20098
32,1000,19888
32,1000,20369
32,1000,23424
32,1000,21180
32,1000,20209
32,1000,20469
32,1000,20559
32,1000,20198
32,1000,20138
32,1000,20278
32,1000,20329
32,1000,20098
32,1000,21019
32,1000,23103
32,1000,20068
32,1000,20349
32,1000,20269
32,1000,20408
32,1000,20078
32,1000,20339
32,1000,20629
32,1000,19848
32,1000,19948
32,1000,82306
32,1000,72778
32,1000,20539
32,1000,22332
32,1000,20899
32,1000,20399
32,1000,20880
32,1000,20218
32,1000,20108
32,1000,19998
32,1000,20048
32,1000,20008
32,1000,20028
32,1000,19897
32,1000,21441
32,1000,19597
32,1000,19637
32,1000,19537
32,1000,19547
32,1000,19547
32,1000,19607
32,1000,20078
32,1000,19407
32,1000,19848
32,1000,19526
32,1000,20760
32,1000,19837
32,1000,19627
32,1000,19537
32,1000,19618
32,1000,19547
32,1000,19587
32,1000,19537
32,1000,20148
32,1000,19527
32,1000,20760
32,1000,19527
32,1000,19497
32,1000,19537
32,1000,19587
32,1000,19657
32,1000,19557
32,1000,19647
32,1000,19677
32,1000,19557
32,1000,19648
32,1000,20719
32,1000,19797
32,1000,19497
32,1000,19487
32,1000,19557
32,1000,19486
32,1000,19507
32,1000,19477
32,1000,19737
32,1000,19507
32,1000,19507
32,1000,20459
32,1000,19547
32,1000,19517
32,1000,24647
32,1000,22313
32,1000,20018
32,1000,32001
32,1000,27021
32,1000,68530
32,1000,43392
32,1000,21671
32,1000,25228
32,1000,100931
32,1000,57849
32,1000,25588
32,1000,26129
32,1000,27442
32,1000,20439
32,1000,21160
32,1000,19928
32,1000,20078
32,1000,20028
32,1000,19948
32,1000,19978
32,1000,20980
32,1000,19617
32,1000,19737
32,1000,19417
32,1000,19797
32,1000,19547
32,1000,19256
32,1000,19738
32,1000,19427
32,1000,19908
32,1000,19747
32,1000,26220
32,1000,19456
32,1000,19447
32,1000,19407
32,1000,19457
32,1000,19367
32,1000,19396
32,1000,19377
32,1000,20178
32,1000,19457
32,1000,20268
32,1000,19427
32,1000,19517
32,1000,19407
32,1000,19477
32,1000,19417
32,1000,19246
32,1000,19547
32,1000,19667
32,1000,19387
32,1000,19466
32,1000,22622
32,1000,22413
32,1000,20188
32,1000,19517
32,1000,19567
32,1000,19496
32,1000,19487
32,1000,19577
32,1000,19657
32,1000,19577
32,1000,19497
32,1000,20338
32,1000,19588
32,1000,19497
32,1000,19477
32,1000,19587
32,1000,19316
32,1000,19537
32,1000,20288
32,1000,20489
32,1000,19877
32,1000,20469
32,1000,20539
32,1000,24577
32,1000,87435
32,1000,23094
32,1000,21711
32,1000,20318
32,1000,21060
32,1000,20298
32,1000,19867
32,1000,20850
32,1000,19657
32,1000,19998
32,1000,19577
32,1000,19808
32,1000,21471
32,1000,19517
32,1000,19677
32,1000,20118
32,1000,19497
32,1000,20118
32,1000,19597
32,1000,19567
32,1000,19647
32,1000,19557
32,1000,19728
32,1000,21089
32,1000,19597
32,1000,19617
32,1000,19627
32,1000,19557
32,1000,19638
32,1000,19547
32,1000,19678
32,1000,19608
32,1000,19578
32,1000,19557
32,1000,21420
32,1000,19697
32,1000,19698
32,1000,19377
32,1000,19607
32,1000,19527
32,1000,19928
32,1000,19568
32,1000,19597
32,1000,19647
32,1000,20008
32,1000,20659
32,1000,19577
32,1000,19567
32,1000,19527
32,1000,19547
32,1000,19457
32,1000,19577
32,1000,20168
32,1000,19487
32,1000,19768
32,1000,20438
32,1000,19817
32,1000,19697
32,1000,19326
32,1000,19788
32,1000,19497
32,1000,19497
32,1000,24456
32,1000,19457
32,1000,20118
32,1000,19537
32,1000,20488
32,1000,19537
32,1000,64052
32,1000,111891
32,1000,24046
32,1000,23604
32,1000,24035
32,1000,24245
32,1000,47871
32,1000,40606
32,1000,37190
32,1000,41689
32,1000,38022
32,1000,41919
32,1000,38583
32,1000,38513
32,1000,38402
32,1000,27913
32,1000,20640
32,1000,26690
32,1000,20459
32,1000,20198
32,1000,20288
32,1000,20108
32,1000,20339
32,1000,20589
32,1000,20329
32,1000,20268
32,1000,20809
32,1000,25118
32,1000,20478
32,1000,20088
32,1000,19968
32,1000,20278
32,1000,20228
32,1000,20559
32,1000,20068
32,1000,20078
32,1000,19958
32,1000,23425
32,1000,24106
32,1000,19927
32,1000,20078
32,1000,20699
32,1000,20068
32,1000,20178
32,1000,20038
32,1000,19858
32,1000,19938
32,1000,20068
32,1000,23975
32,1000,20068
32,1000,20168
32,1000,20239
32,1000,20058
32,1000,25378
32,1000,21441
32,1000,20309
32,1000,19998
32,1000,20068
32,1000,20408
32,1000,23183
32,1000,19997
32,1000,20659
32,1000,19817
32,1000,19928
32,1000,20008
32,1000,20078
32,1000,20138
32,1000,19708
32,1000,66366
32,1000,122172
32,1000,20710
32,1000,20459
32,1000,20338
32,1000,39946
32,1000,41749
32,1000,38413
32,1000,42240
32,1000,38924
32,1000,45386
32,1000,41559
32,1000,34816
32,1000,37932
32,1000,38764
32,1000,20319
32,1000,20268
32,1000,20078
32,1000,19958
32,1000,20048
32,1000,19978
32,1000,19858
32,1000,20469
32,1000,20158
32,1000,21019
32,1000,19527
32,1000,19617
32,1000,19607
32,1000,19557
32,1000,19637
32,1000,19527
32,1000,19868
32,1000,19597
32,1000,19386
32,1000,19818
32,1000,20959
32,1000,19547
32,1000,19597
32,1000,19617
32,1000,19557
32,1000,19547
32,1000,20118
32,1000,19607
32,1000,19617
32,1000,19868
32,1000,20779
32,1000,19617
32,1000,19607
32,1000,19577
32,1000,19567
32,1000,19587
32,1000,19787
32,1000,19557
32,1000,19607
32,1000,19327
32,1000,19497
32,1000,20579
32,1000,19577
32,1000,19497
32,1000,19677
32,1000,19547
32,1000,19848
32,1000,19547
32,1000,19587
32,1000,19827
32,1000,19507
32,1000,19507
32,1000,20529
32,1000,19587
32,1000,86865
32,1000,21080
32,1000,20729
32,1000,20609
32,1000,21090
32,1000,20839
32,1000,19657
32,1000,19808
32,1000,19516
32,1000,19827
32,1000,19978
32,1000,21290
32,1000,19757
32,1000,19587
32,1000,19758
32,1000,19547
32,1000,20038
32,1000,19547
32,1000,19637
32,1000,19577
32,1000,19607
32,1000,19677
32,1000,21200
32,1000,19537
32,1000,19577
32,1000,19587
32,1000,19587
32,1000,19527
32,1000,19537
32,1000,19366
32,1000,19587
32,1000,19517
32,1000,20178
32,1000,20709
32,1000,19527
32,1000,19517
32,1000,19667
32,1000,19547
32,1000,19587
32,1000,19607
32,1000,19687
32,1000,19707
32,1000,19757
32,1000,20589
32,1000,19627
32,1000,19537
32,1000,24286
32,1000,19617
32,1000,19607
32,1000,19587
32,1000,19347
32,1000,19527
32,1000,19647
32,1000,19898
32,1000,20579
32,1000,19577
32,1000,19627
32,1000,19567
32,1000,19557
32,1000,19547
32,1000,23043
32,1000,20068
32,1000,19817
32,1000,19758
32,1000,22032
32,1000,20909
32,1000,20579
32,1000,21991
32,1000,72688
32,1000,116030
32,1000,25378
32,1000,26791
32,1000,26670
32,1000,25929
32,1000,22031
32,1000,27903
32,1000,20418
32,1000,23375
32,1000,19718
32,1000,20188
32,1000,20328
32,1000,20459
32,1000,25028
32,1000,19927
32,1000,19968
32,1000,19897
32,1000,19828
32,1000,20018
32,1000,19807
32,1000,20208
32,1000,19878
32,1000,19888
32,1000,20378
32,1000,24186
32,1000,20018
32,1000,19758
32,1000,22703
32,1000,23935
32,1000,20008
32,1000,20078
32,1000,20108
32,1000,20048
32,1000,20038
32,1000,19908
32,1000,23965
32,1000,20308
32,1000,20018
32,1000,20870
32,1000,20139
32,1000,20078
32,1000,20158
32,1000,20018
32,1000,20218
32,1000,20328
32,1000,23635
32,1000,20248
32,1000,19807
32,1000,20329
32,1000,19938
32,1000,20178
32,1000,20038
32,1000,20118
32,1000,19958
32,1000,20118
32,1000,19978
32,1000,23815
32,1000,20168
32,1000,20258
32,1000,20118
32,1000,20148
32,1000,20078
32,1000,20088
32,1000,22092
32,1000,19808
32,1000,19887
32,1000,19968
32,1000,76465
32,1000,79651
32,1000,20740
32,1000,20458
32,1000,19938
32,1000,20469
32,1000,19958
32,1000,24456
32,1000,19857
32,1000,20158
32,1000,19917
32,1000,20208
32,1000,19777
32,1000,19677
32,1000,20719
32,1000,19607
32,1000,19297
32,1000,19287
32,1000,19337
32,1000,19777
32,1000,19377
32,1000,19287
32,1000,19357
32,1000,19557
32,1000,20488
32,1000,19106
32,1000,19297
32,1000,19557
32,1000,19347
32,1000,20229
32,1000,22302
32,1000,21722
32,1000,19557
32,1000,19557
32,1000,19597
32,1000,20719
32,1000,19517
32,1000,20499
32,1000,19537
32,1000,19657
32,1000,19527
32,1000,19557
32,1000,19848
32,1000,19587
32,1000,19537
32,1000,19577
32,1000,20970
32,1000,19557
32,1000,19818
32,1000,19597
32,1000,19467
32,1000,19537
32,1000,19507
32,1000,19477
32,1000,19567
32,1000,19496
32,1000,19487
32,1000,20970
32,1000,20178
32,1000,19988
32,1000,19807
32,1000,20128
32,1000,22232
32,1000,22874
32,1000,19818
32,1000,19487
32,1000,19527
32,1000,19327
32,1000,21370
32,1000,147109
32,1000,24557
32,1000,24937
32,1000,37250
32,1000,39375
32,1000,40887
32,1000,21020
32,1000,20539
32,1000,20599
32,1000,20699
32,1000,20659
32,1000,20559
32,1000,20599
32,1000,21150
32,1000,20609
32,1000,20478
32,1000,20479
32,1000,20599
32,1000,20839
32,1000,20629
32,1000,21200
32,1000,20399
32,1000,20779
32,1000,20459
32,1000,24326
32,1000,21050
32,1000,20348
32,1000,20369
32,1000,20389
32,1000,21210
32,1000,20389
32,1000,20048
32,1000,20228
32,1000,21400
32,1000,24196
32,1000,20359
32,1000,20329
32,1000,20218
32,1000,20289
32,1000,21491
32,1000,29055
32,1000,20038
32,1000,20819
32,1000,19718
32,1000,20509
32,1000,23404
32,1000,20348
32,1000,20179
32,1000,19887
32,1000,20218
32,1000,20058
32,1000,20830
32,1000,20459
32,1000,20388
32,1000,20108
32,1000,20118
32,1000,24246
32,1000,20218
32,1000,20199
32,1000,20258
32,1000,22402
32,1000,20629
32,1000,22843
32,1000,22853
32,1000,19808
32,1000,19827
32,1000,19637
32,1000,83799
32,1000,100691
32,1000,22883
32,1000,30839
32,1000,23414
32,1000,23705
32,1000,24276
32,1000,21751
32,1000,21560
32,1000,20199
32,1000,21040
32,1000,19968
32,1000,19918
32,1000,19727
32,1000,19877
32,1000,19828
32,1000,24617
32,1000,20218
32,1000,19927
32,1000,20008
32,1000,19988
32,1000,20219
32,1000,23514
32,1000,22833
32,1000,20269
32,1000,20489
32,1000,24868
32,1000,20109
32,1000,20138
32,1000,20028
32,1000,20138
32,1000,20409
32,1000,20258
32,1000,20419
32,1000,20288
32,1000,20649
32,1000,20078
32,1000,24627
32,1000,27502
32,1000,20329
32,1000,20129
32,1000,19798
32,1000,20128
32,1000,20068
32,1000,20368
32,1000,20509
32,1000,20118
32,1000,20619
32,1000,24476
32,1000,20369
32,1000,20409
32,1000,20278
32,1000,20369
32,1000,20869
32,1000,20479
32,1000,20819
32,1000,20469
32,1000,22463
32,1000,24627
32,1000,24066
32,1000,20329
32,1000,20408
32,1000,20018
32,1000,20579
32,1000,20078
32,1000,20730
32,1000,20589
32,1000,20219
32,1000,20228
32,1000,182986
32,1000,24787
32,1000,23885
32,1000,23615
32,1000,22573
32,1000,20508
32,1000,22021
32,1000,20559
32,1000,20249
32,1000,20609
32,1000,20519
32,1000,20308
32,1000,20329
32,1000,20318
32,1000,23545
32,1000,20840
32,1000,20749
32,1000,20458
32,1000,20849
32,1000,20499
32,1000,20589
32,1000,25638
32,1000,21290
32,1000,20759
32,1000,20539
32,1000,20168
32,1000,20218
32,1000,20008
32,1000,20398
32,1000,20138
32,1000,20409
32,1000,20488
32,1000,24527
32,1000,21932
32,1000,20359
32,1000,20439
32,1000,20188
32,1000,21230
32,1000,19858
32,1000,20408
32,1000,21030
32,1000,20419
32,1000,20910
32,1000,25378
32,1000,20870
32,1000,20488
32,1000,20880
32,1000,20448
32,1000,21010
32,1000,20849
32,1000,20449
32,1000,20018
32,1000,20299
32,1000,23584
32,1000,20439
32,1000,20689
32,1000,20990
32,1000,20539
32,1000,21200
32,1000,19998
32,1000,20849
32,1000,19848
32,1000,21150
32,1000,20208
32,1000,23454
32,1000,20188
32,1000,19898
32,1000,88267
32,1000,47510
32,1000,99990
32,1000,24827
32,1000,25047
32,1000,24767
32,1000,24887
32,1000,33413
32,1000,20609
32,1000,20760
32,1000,24486
32,1000,20609
33,1000,55685
33,1000,51708
33,1000,51608
33,1000,53171
33,1000,57268
33,1000,51848
33,1000,52360
33,1000,57800
33,1000,55395
33,1000,52129
33,1000,51518
33,1000,54403
33,1000,51728
33,1000,52499
33,1000,55385
33,1000,51688
33,1000,178098
33,1000,56387
33,1000,60214
33,1000,57719
33,1000,51698
33,1000,61416
33,1000,50285
33,1000,51447
33,1000,50816
33,1000,54894
33,1000,51467
33,1000,50576
33,1000,55034
33,1000,50917
33,1000,49985
33,1000,54533
33,1000,50496
33,1000,49704
33,1000,53311
33,1000,52629
33,1000,169822
33,1000,53211
33,1000,107744
33,1000,119466
33,1000,89830
33,1000,48873
33,1000,48873
33,1000,50556
33,1000,48672
33,1000,48622
33,1000,49644
33,1000,48451
33,1000,49113
33,1000,82657
33,1000,52139
33,1000,53963
33,1000,55816
33,1000,52950
33,1000,52009
33,1000,50395
33,1000,234714
33,1000,63310
33,1000,71335
33,1000,121490
33,1000,125888
33,1000,119075
33,1000,51347
33,1000,51397
33,1000,56697
33,1000,63891
33,1000,51106
33,1000,56026
33,1000,51327
33,1000,51738
33,1000,54503
33,1000,51067
33,1000,51157
33,1000,66045
33,1000,51488
33,1000,50746
33,1000,145636
33,1000,57339
33,1000,52609
33,1000,52179
33,1000,49354
33,1000,49333
33,1000,49784
33,1000,49063
33,1000,49234
33,1000,48302
33,1000,49954
33,1000,48542
33,1000,61396
33,1000,49363
33,1000,48452
33,1000,49133
33,1000,52018
33,1000,51989
33,1000,56057
33,1000,55986
33,1000,53211
33,1000,258129
33,1000,67948
33,1000,60625
33,1000,62809
33,1000,56877
33,1000,50947
33,1000,50285
33,1000,56066
33,1000,51287
33,1000,50155
33,1000,55986
33,1000,50826
33,1000,50325
33,1000,54223
33,1000,50165
33,1000,50455
33,1000,53571
33,1000,50906
33,1000,50386
33,1000,50306
33,1000,245796
33,1000,63239
33,1000,90231
33,1000,123794
33,1000,125358
33,1000,105319
33,1000,50977
33,1000,51858
33,1000,55485
33,1000,63480
33,1000,51046
33,1000,54544
33,1000,50987
33,1000,50897
33,1000,54353
33,1000,52009
33,1000,50425
33,1000,53972
33,1000,51738
33,1000,51317
33,1000,214266
33,1000,61145
33,1000,68389
33,1000,57118
33,1000,50586
33,1000,50816
33,1000,55435
33,1000,50876
33,1000,50225
33,1000,57388
33,1000,51608
33,1000,50075
33,1000,54203
33,1000,50926
33,1000,51006
33,1000,55515
33,1000,51668
33,1000,54944
33,1000,51888
33,1000,67458
33,1000,262508
33,1000,65414
33,1000,65905
33,1000,111762
33,1000,76986
33,1000,54753
33,1000,53511
33,1000,53031
33,1000,59342
33,1000,69963
33,1000,57368
33,1000,56717
33,1000,53862
33,1000,53121
33,1000,57058
33,1000,52820
33,1000,53731
33,1000,53030
33,1000,56828
33,1000,102414
33,1000,193076
33,1000,100801
33,1000,127953
33,1000,119065
33,1000,91664
33,1000,51948
33,1000,51708
33,1000,51457
33,1000,51557
33,1000,51487
33,1000,52480
33,1000,52410
33,1000,52079
33,1000,49834
33,1000,58561
33,1000,51527
33,1000,50196
33,1000,51648
33,1000,50085
33,1000,51888
33,1000,241597
33,1000,82647
33,1000,50064
33,1000,49103
33,1000,50847
33,1000,49353
33,1000,48743
33,1000,54483
33,1000,49544
33,1000,49424
33,1000,49062
33,1000,49784
33,1000,49614
33,1000,49293
33,1000,50606
33,1000,50145
33,1000,54143
33,1000,52349
33,1000,54824
33,1000,51137
33,1000,230707
33,1000,77557
33,1000,65334
33,1000,52189
33,1000,51297
33,1000,51076
33,1000,56848
33,1000,51447
33,1000,51898
33,1000,60214
33,1000,52589
33,1000,50686
33,1000,54604
33,1000,52810
33,1000,51107
33,1000,53562
33,1000,50966
33,1000,60975
33,1000,54583
33,1000,51828
33,1000,276564
33,1000,66536
33,1000,63020
33,1000,52890
33,1000,53431
33,1000,53020
33,1000,53351
33,1000,53041
33,1000,57309
33,1000,60174
33,1000,52409
33,1000,57850
33,1000,53080
33,1000,52630
33,1000,54133
33,1000,51297
33,1000,51176
33,1000,51287
33,1000,57609
33,1000,53451
33,1000,208676
33,1000,60715
33,1000,65524
33,1000,52861
33,1000,51938
33,1000,51968
33,1000,51197
33,1000,51798
33,1000,56727
33,1000,51027
33,1000,51869
33,1000,54994
33,1000,51017
33,1000,51147
33,1000,53852
33,1000,50356
33,1000,51368
33,1000,53852
33,1000,50796
33,1000,55685
33,1000,261224
33,1000,171165
33,1000,154272
33,1000,153791
33,1000,79571
33,1000,67528
33,1000,53802
33,1000,68880
33,1000,52148
33,1000,51738
33,1000,55354
33,1000,51908
33,1000,50586
33,1000,59212
33,1000,51117
33,1000,53190
33,1000,54864
33,1000,51378
33,1000,50635
33,1000,54223
33,1000,283477
33,1000,62488
33,1000,61196
33,1000,53702
33,1000,51598
33,1000,62408
33,1000,51848
33,1000,51537
33,1000,55605
33,1000,54053
33,1000,51307
33,1000,54904
33,1000,51477
33,1000,73169
33,1000,55155
33,1000,51257
33,1000,50957
33,1000,54703
33,1000,55555
33,1000,52649
33,1000,257718
33,1000,73970
33,1000,66627
33,1000,56828
33,1000,51828
33,1000,67558
33,1000,56817
33,1000,51929
33,1000,51498
33,1000,54703
33,1000,52710
33,1000,51317
33,1000,56077
33,1000,65644
33,1000,56237
33,1000,51136
33,1000,54883
33,1000,51017
33,1000,50475
33,1000,54082
33,1000,264471
33,1000,83939
33,1000,113906
33,1000,141308
33,1000,113956
33,1000,52248
33,1000,54042
33,1000,57008
33,1000,52820
33,1000,72918
33,1000,58461
33,1000,51908
33,1000,54493
33,1000,52048
33,1000,55986
33,1000,52118
33,1000,53021
33,1000,57249
33,1000,51488
33,1000,51227
33,1000,215939
33,1000,53882
33,1000,55846
33,1000,48912
33,1000,49153
33,1000,49974
33,1000,48873
33,1000,48973
33,1000,50726
33,1000,48582
33,1000,49033
33,1000,50887
33,1000,48832
33,1000,48963
33,1000,50556
33,1000,49053
33,1000,48962
33,1000,53070
33,1000,55495
33,1000,56898
33,1000,189649
33,1000,55014
33,1000,50516
33,1000,48662
33,1000,50295
33,1000,49825
33,1000,49303
33,1000,49594
33,1000,49965
33,1000,48853
33,1000,48742
33,1000,49513
33,1000,48883
33,1000,48722
33,1000,55986
33,1000,50556
33,1000,49614
33,1000,48842
33,1000,52169
33,1000,50165
33,1000,221800
33,1000,70373
33,1000,120589
33,1000,117653
33,1000,111922
33,1000,58802
33,1000,48882
33,1000,48923
33,1000,48772
33,1000,49544
33,1000,49805
33,1000,48713
33,1000,49564
33,1000,49754
33,1000,48351
33,1000,49594
33,1000,48452
33,1000,48381
33,1000,50545
33,1000,48772
33,1000,216290
33,1000,51387
33,1000,49955
33,1000,49944
33,1000,49173
33,1000,48883
33,1000,49784
33,1000,48602
33,1000,49374
33,1000,55866
33,1000,48893
33,1000,49353
33,1000,66286
33,1000,48703
33,1000,49243
33,1000,49924
33,1000,58961
33,1000,54994
33,1000,74952
33,1000,117813
33,1000,283667
33,1000,91162
33,1000,118344
33,1000,115209
33,1000,100109
33,1000,50516
33,1000,50365
33,1000,50727
33,1000,48862
33,1000,49874
33,1000,49664
33,1000,48272
33,1000,48863
33,1000,53081
33,1000,50416
33,1000,48692
33,1000,48341
33,1000,49303
33,1000,48522
33,1000,48251
33,1000,247328
33,1000,70463
33,1000,60625
33,1000,53051
33,1000,57498
33,1000,50525
33,1000,55936
33,1000,50987
33,1000,50806
33,1000,54643
33,1000,51067
33,1000,49974
33,1000,71676
33,1000,55395
33,1000,70012
33,1000,54283
33,1000,51438
33,1000,51317
33,1000,66977
33,1000,51919
33,1000,211551
33,1000,76725
33,1000,57930
33,1000,51557
33,1000,52600
33,1000,172888
33,1000,51768
33,1000,49754
33,1000,49503
33,1000,60725
33,1000,51919
33,1000,50556
33,1000,51328
33,1000,51567
33,1000,49153
33,1000,49083
33,1000,49544
33,1000,48652
33,1000,49734
33,1000,50816
33,1000,234724
33,1000,64282
33,1000,119206
33,1000,121199
33,1000,112333
33,1000,51969
33,1000,54473
33,1000,51547
33,1000,56377
33,1000,51778
33,1000,58340
33,1000,55886
33,1000,53511
33,1000,51537
33,1000,56397
33,1000,52138
33,1000,50085
33,1000,54894
33,1000,52670
33,1000,50626
33,1000,250584
33,1000,84089
33,1000,81434
33,1000,52770
33,1000,52400
33,1000,51427
33,1000,52509
33,1000,52019
33,1000,50114
33,1000,50887
33,1000,51297
33,1000,53802
33,1000,51447
33,1000,51527
33,1000,51087
33,1000,50876
33,1000,50556
33,1000,52880
33,1000,63480
33,1000,99709
33,1000,166185
33,1000,84060
33,1000,120769
33,1000,120478
33,1000,95491
33,1000,52058
33,1000,53692
33,1000,56687
33,1000,57218
33,1000,52379
33,1000,55305
33,1000,62809
33,1000,50857
33,1000,50586
33,1000,54312
33,1000,51156
33,1000,51067
33,1000,54643
33,1000,51097
33,1000,50916
33,1000,198085
33,1000,52088
33,1000,56146
33,1000,54213
33,1000,57178
33,1000,57549
33,1000,48722
33,1000,48933
33,1000,49815
33,1000,48252
33,1000,48753
33,1000,49123
33,1000,48793
33,1000,48551
33,1000,49133
33,1000,48512
33,1000,48222
33,1000,56096
33,1000,58921
33,1000,73058
33,1000,224295
33,1000,54073
33,1000,136659
33,1000,122653
33,1000,109948
33,1000,50426
33,1000,49303
33,1000,51387
33,1000,58701
33,1000,49875
33,1000,50656
33,1000,50997
33,1000,51487
33,1000,52610
33,1000,51176
33,1000,50797
33,1000,49985
33,1000,67087
33,1000,55916
33,1000,52329
33,1000,204297
33,1000,51597
33,1000,59152
33,1000,49664
33,1000,49985
33,1000,49975
33,1000,48161
33,1000,48772
33,1000,49414
33,1000,49013
33,1000,48532
33,1000,50626
33,1000,48522
33,1000,48232
33,1000,49453
33,1000,48462
33,1000,48261
33,1000,53962
33,1000,51587
33,1000,71365
33,1000,203956
33,1000,60976
33,1000,58772
33,1000,56558
33,1000,50766
33,1000,51087
33,1000,55876
33,1000,50766
33,1000,49593
33,1000,54463
33,1000,52249
33,1000,50405
33,1000,54163
33,1000,58040
33,1000,49785
33,1000,53442
33,1000,50746
33,1000,50366
33,1000,52920
33,1000,50445
33,1000,230737
33,1000,63290
33,1000,53051
33,1000,52559
33,1000,52339
33,1000,52239
33,1000,59663
33,1000,57299
33,1000,51217
33,1000,51517
33,1000,52009
33,1000,56137
33,1000,51868
33,1000,51658
33,1000,55565
33,1000,52519
33,1000,53942
33,1000,54163
33,1000,51998
33,1000,106511
33,1000,151858
33,1000,61657
33,1000,68610
33,1000,57319
33,1000,51338
33,1000,56727
33,1000,50696
33,1000,51107
33,1000,51137
33,1000,55385
33,1000,52530
33,1000,50576
33,1000,53791
33,1000,51588
33,1000,49724
33,1000,52820
33,1000,68540
33,1000,50976
33,1000,53441
33,1000,51457
33,1000,247639
33,1000,55856
33,1000,115769
33,1000,116220
33,1000,84089
33,1000,48943
33,1000,50355
33,1000,48622
33,1000,48662
33,1000,49695
33,1000,48552
33,1000,48312
33,1000,49824
33,1000,49534
33,1000,48512
33,1000,49593
33,1000,87536
33,1000,48482
33,1000,48552
33,1000,49925
33,1000,231308
33,1000,60074
33,1000,59823
33,1000,55305
33,1000,55806
33,1000,51398
33,1000,50326
33,1000,50696
33,1000,55365
33,1000,50616
33,1000,52810
33,1000,54743
33,1000,50326
33,1000,50666
33,1000,53531
33,1000,50666
33,1000,50115
33,1000,51718
33,1000,54363
33,1000,51117
33,1000,176404
33,1000,51618
33,1000,51167
33,1000,48622
33,1000,49153
33,1000,50185
33,1000,48862
33,1000,48582
33,1000,49755
33,1000,49725
33,1000,48752
33,1000,49544
33,1000,56237
33,1000,48622
33,1000,49764
33,1000,48402
33,1000,48602
33,1000,48371
33,1000,50285
33,1000,48612
33,1000,212582
33,1000,60074
33,1000,59232
33,1000,56577
33,1000,51848
33,1000,51477
33,1000,55755
33,1000,50716
33,1000,51999
33,1000,54493
33,1000,51437
33,1000,49644
33,1000,54043
33,1000,49975
33,1000,51197
33,1000,50325
33,1000,55245
33,1000,50055
33,1000,50826
33,1000,53040
33,1000,243000
33,1000,55345
33,1000,92856
33,1000,125518
33,1000,56176
33,1000,51437
33,1000,52429
33,1000,52630
33,1000,52349
33,1000,51107
33,1000,50776
33,1000,52930
33,1000,51398
33,1000,59863
33,1000,52800
33,1000,49894
33,1000,50115
33,1000,51708
33,1000,50996
33,1000,50966
33,1000,220688
33,1000,50976
33,1000,118605
33,1000,116981
33,1000,128063
33,1000,50616
33,1000,48572
33,1000,49664
33,1000,49974
33,1000,48742
33,1000,48953
33,1000,49354
33,1000,49233
33,1000,48792
33,1000,54824
33,1000,50365
33,1000,48903
33,1000,48381
33,1000,51277
33,1000,48732
33,1000,290460
33,1000,141468
33,1000,54683
33,1000,56096
33,1000,51377
33,1000,53812
33,1000,52099
33,1000,51919
33,1000,52039
33,1000,52679
33,1000,50145
33,1000,57378
33,1000,51658
33,1000,50716
33,1000,50756
33,1000,50816
33,1000,50316
33,1000,49414
33,1000,53862
33,1000,124977
33,1000,136027
33,1000,60775
33,1000,59082
33,1000,51518
33,1000,56286
33,1000,56437
33,1000,50846
33,1000,54393
33,1000,50926
33,1000,49374
33,1000,53561
33,1000,50596
33,1000,49764
33,1000,54312
33,1000,50225
33,1000,49674
33,1000,53341
33,1000,50045
33,1000,50105
33,1000,213695
33,1000,53331
33,1000,52089
33,1000,48662
33,1000,48612
33,1000,50556
33,1000,48291
33,1000,48242
33,1000,49774
33,1000,48662
33,1000,51107
33,1000,49313
33,1000,48802
33,1000,49524
33,1000,50636
33,1000,49514
33,1000,49885
33,1000,57239
33,1000,61136
33,1000,50746
33,1000,205128
33,1000,63269
33,1000,58360
33,1000,57489
33,1000,51829
33,1000,50847
33,1000,56046
33,1000,50857
33,1000,50034
33,1000,54653
33,1000,50847
33,1000,58762
33,1000,53612
33,1000,51097
33,1000,49393
33,1000,53351
33,1000,49994
33,1000,49895
33,1000,52530
33,1000,102794
33,1000,200890
33,1000,76305
33,1000,54743
33,1000,59082
33,1000,48983
33,1000,48652
33,1000,49984
33,1000,48372
33,1000,48592
33,1000,49694
33,1000,48672
33,1000,48612
33,1000,49363
33,1000,48873
33,1000,50807
33,1000,48151
33,1000,50606
33,1000,49975
33,1000,49594
33,1000,228243
33,1000,61767
33,1000,60695
33,1000,53902
33,1000,52109
33,1000,56958
33,1000,50576
33,1000,51918
33,1000,59923
33,1000,53230
33,1000,50776
33,1000,54844
33,1000,50726
33,1000,50506
33,1000,56196
33,1000,56347
33,1000,73148
33,1000,60284
33,1000,54463
33,1000,52329
33,1000,199327
33,1000,100590
33,1000,62849
33,1000,59212
33,1000,52690
33,1000,51838
33,1000,59112
33,1000,51657
33,1000,52208
33,1000,55605
33,1000,51488
33,1000,50807
33,1000,54263
33,1000,50766
33,1000,49844
33,1000,54252
33,1000,57058
33,1000,51728
33,1000,50796
33,1000,55735
33,1000,130237
33,1000,106752
33,1000,61757
33,1000,60594
33,1000,99097
33,1000,84660
33,1000,51398
33,1000,52058
33,1000,52619
33,1000,59032
33,1000,50245
33,1000,50635
33,1000,64412
33,1000,52660
33,1000,55555
33,1000,62177
33,1000,50385
33,1000,50306
33,1000,54343
33,1000,50064
33,1000,50646
33,1000,235115
33,1000,67408
33,1000,83458
33,1000,124626
33,1000,123334
33,1000,115218
33,1000,56878
33,1000,51447
33,1000,51508
33,1000,55495
33,1000,51477
33,1000,50786
33,1000,54774
33,1000,50616
33,1000,55816
33,1000,57649
33,1000,51317
33,1000,50846
33,1000,51347
33,1000,54363
33,1000,229896
33,1000,64974
33,1000,110720
33,1000,122932
33,1000,126079
33,1000,75012
33,1000,53942
33,1000,53060
33,1000,58842
33,1000,61737
33,1000,51848
33,1000,56868
33,1000,53110
33,1000,53051
33,1000,55485
33,1000,51798
33,1000,51768
33,1000,51938
33,1000,57289
33,1000,104618
33,1000,156577
33,1000,57669
33,1000,53341
33,1000,53722
34,1000,22543
34,1000,20439
34,1000,20299
34,1000,20619
34,1000,20058
34,1000,20339
34,1000,21561
34,1000,20850
34,1000,20879
34,1000,20850
34,1000,20689
34,1000,20809
34,1000,21110
34,1000,21711
34,1000,20539
34,1000,20188
34,1000,21531
34,1000,22603
34,1000,20108
34,1000,20098
34,1000,20058
34,1000,20128
34,1000,20018
34,1000,21380
34,1000,20178
34,1000,20539
34,1000,19958
34,1000,19907
34,1000,20058
34,1000,20158
34,1000,20890
34,1000,25459
34,1000,20038
34,1000,19938
34,1000,20819
34,1000,20018
34,1000,19948
34,1000,20138
34,1000,20659
34,1000,19587
34,1000,19707
34,1000,19708
34,1000,19617
34,1000,19758
34,1000,20178
34,1000,21611
34,1000,19747
34,1000,20118
34,1000,19567
34,1000,21100
34,1000,26630
34,1000,21110
34,1000,19878
34,1000,24576
34,1000,126950
34,1000,26440
34,1000,24887
34,1000,23574
34,1000,34005
34,1000,32732
34,1000,20809
34,1000,20680
34,1000,20498
34,1000,20409
34,1000,21170
34,1000,20389
34,1000,20619
34,1000,20639
34,1000,19978
34,1000,25608
34,1000,19868
34,1000,20088
34,1000,19928
34,1000,19958
34,1000,20418
34,1000,20359
34,1000,20128
34,1000,20038
34,1000,20168
34,1000,20429
34,1000,24085
34,1000,20219
34,1000,19968
34,1000,22523
34,1000,23123
34,1000,22442
34,1000,20459
34,1000,20268
34,1000,20759
34,1000,20158
34,1000,20048
34,1000,24867
34,1000,21200
34,1000,20679
34,1000,21170
34,1000,20319
34,1000,21260
34,1000,20629
34,1000,21160
34,1000,20188
34,1000,20008
34,1000,24145
34,1000,20990
34,1000,21070
34,1000,20489
34,1000,20559
34,1000,20609
34,1000,19978
34,1000,20990
34,1000,20048
34,1000,20559
34,1000,20208
34,1000,24697
34,1000,20128
34,1000,20449
34,1000,25328
34,1000,21691
34,1000,20018
34,1000,20198
34,1000,23103
34,1000,20519
34,1000,19938
34,1000,77807
34,1000,57539
34,1000,55695
34,1000,26611
34,1000,26671
34,1000,25989
34,1000,24556
34,1000,25970
34,1000,22893
34,1000,20309
34,1000,20659
34,1000,20278
34,1000,20469
34,1000,19848
34,1000,20259
34,1000,20308
34,1000,20228
34,1000,25078
34,1000,19927
34,1000,20159
34,1000,20008
34,1000,20228
34,1000,20198
34,1000,20388
34,1000,20479
34,1000,20138
34,1000,20108
34,1000,20198
34,1000,24326
34,1000,20078
34,1000,20028
34,1000,19998
34,1000,20038
34,1000,20408
34,1000,19958
34,1000,20228
34,1000,19948
34,1000,19897
34,1000,32331
34,1000,24556
34,1000,20078
34,1000,19947
34,1000,20138
34,1000,20319
34,1000,20098
34,1000,19977
34,1000,19958
34,1000,20379
34,1000,20238
34,1000,23745
34,1000,19957
34,1000,20078
34,1000,20399
34,1000,20218
34,1000,20188
34,1000,19627
34,1000,20058
34,1000,19968
34,1000,20058
34,1000,19768
34,1000,23565
34,1000,20078
34,1000,20108
34,1000,20269
34,1000,20108
34,1000,19967
34,1000,20068
34,1000,20038
34,1000,19827
34,1000,85893
34,1000,99088
34,1000,22172
34,1000,21901
34,1000,21470
34,1000,44615
34,1000,23966
34,1000,20890
34,1000,21200
34,1000,21210
34,1000,20960
34,1000,20889
34,1000,21200
34,1000,21271
34,1000,20980
34,1000,20228
34,1000,20469
34,1000,20419
34,1000,20629
34,1000,22402
34,1000,23204
34,1000,20559
34,1000,20899
34,1000,20509
34,1000,21411
34,1000,21791
34,1000,19817
34,1000,19818
34,1000,19667
34,1000,20028
34,1000,19967
34,1000,20038
34,1000,20238
34,1000,26901
34,1000,19787
34,1000,20038
34,1000,21090
34,1000,20188
34,1000,20198
34,1000,19978
34,1000,19828
34,1000,19848
34,1000,20128
34,1000,19798
34,1000,19797
34,1000,19677
34,1000,19768
34,1000,20900
34,1000,19537
34,1000,19677
34,1000,19707
34,1000,19587
34,1000,20369
34,1000,19748
34,1000,20008
34,1000,19777
34,1000,19867
34,1000,19768
34,1000,21711
34,1000,19747
34,1000,19827
34,1000,19858
34,1000,19807
34,1000,19818
34,1000,19577
34,1000,20418
34,1000,20249
34,1000,19907
34,1000,138513
34,1000,25378
34,1000,23925
34,1000,23665
34,1000,23745
34,1000,24847
34,1000,27842
34,1000,20308
34,1000,20017
34,1000,20279
34,1000,20078
34,1000,20218
34,1000,20369
34,1000,20118
34,1000,20779
34,1000,20118
34,1000,20248
34,1000,25148
34,1000,20258
34,1000,20108
34,1000,20579
34,1000,20168
34,1000,20268
34,1000,20118
34,1000,20129
34,1000,20208
34,1000,20048
34,1000,20178
34,1000,24366
34,1000,19908
34,1000,20379
34,1000,27502
34,1000,20589
34,1000,20078
34,1000,20528
34,1000,20158
34,1000,20268
34,1000,20258
34,1000,19918
34,1000,24105
34,1000,19888
34,1000,20028
34,1000,20199
34,1000,19927
34,1000,19878
34,1000,20168
34,1000,20158
34,1000,20048
34,1000,20158
34,1000,22493
34,1000,20038
34,1000,20169
34,1000,20448
34,1000,20279
34,1000,20538
34,1000,20158
34,1000,20148
34,1000,20158
34,1000,19968
34,1000,19977
34,1000,21601
34,1000,20138
34,1000,20248
34,1000,19968
34,1000,20308
34,1000,20279
34,1000,20219
34,1000,25989
34,1000,84390
34,1000,89239
34,1000,23043
34,1000,23384
34,1000,22462
34,1000,23374
34,1000,22272
34,1000,23064
34,1000,26731
34,1000,20449
34,1000,20338
34,1000,20108
34,1000,20398
34,1000,20198
34,1000,20148
34,1000,20268
34,1000,20048
34,1000,20299
34,1000,20639
34,1000,24557
34,1000,20338
34,1000,19968
34,1000,20038
34,1000,20278
34,1000,20148
34,1000,23034
34,1000,20379
34,1000,19667
34,1000,20979
34,1000,27973
34,1000,24416
34,1000,20218
34,1000,20148
34,1000,20459
34,1000,20148
34,1000,19918
34,1000,20058
34,1000,20008
34,1000,19868
34,1000,19777
34,1000,23815
34,1000,20088
34,1000,20068
34,1000,20078
34,1000,20018
34,1000,20078
34,1000,20108
34,1000,20489
34,1000,19867
34,1000,20048
34,1000,20178
34,1000,23715
34,1000,20248
34,1000,20269
34,1000,19997
34,1000,19978
34,1000,20068
34,1000,19938
34,1000,19848
34,1000,19847
34,1000,20108
34,1000,20138
34,1000,23154
34,1000,20829
34,1000,19998
34,1000,20338
34,1000,20078
34,1000,19978
34,1000,67197
34,1000,92625
34,1000,23414
34,1000,24206
34,1000,23404
34,1000,24176
34,1000,25068
34,1000,23605
34,1000,20650
34,1000,25459
34,1000,20278
34,1000,20138
34,1000,20319
34,1000,20068
34,1000,20168
34,1000,20669
34,1000,20279
34,1000,20218
34,1000,20188
34,1000,20138
34,1000,25028
34,1000,20489
34,1000,20088
34,1000,20238
34,1000,20249
34,1000,19888
34,1000,20138
34,1000,20138
34,1000,26169
34,1000,20208
34,1000,20138
34,1000,24316
34,1000,19978
34,1000,20549
34,1000,20178
34,1000,19968
34,1000,20178
34,1000,20088
34,1000,20298
34,1000,19868
34,1000,20088
34,1000,20028
34,1000,23875
34,1000,19988
34,1000,20178
34,1000,20028
34,1000,19868
34,1000,20038
34,1000,20198
34,1000,20068
34,1000,20038
34,1000,20058
34,1000,23434
34,1000,20058
34,1000,23204
34,1000,20098
34,1000,19958
34,1000,20158
34,1000,19838
34,1000,20078
34,1000,20088
34,1000,19848
34,1000,19888
34,1000,23405
34,1000,19977
34,1000,20048
34,1000,20138
34,1000,19737
34,1000,20168
34,1000,111902
34,1000,21561
34,1000,20689
34,1000,20529
34,1000,21801
34,1000,20499
34,1000,20099
34,1000,20339
34,1000,20358
34,1000,20058
34,1000,20128
34,1000,20449
34,1000,20118
34,1000,20118
34,1000,20108
34,1000,20379
34,1000,23084
34,1000,20369
34,1000,20038
34,1000,20018
34,1000,20198
34,1000,20048
34,1000,19758
34,1000,20098
34,1000,19988
34,1000,21130
34,1000,19717
34,1000,24446
34,1000,19688
34,1000,19598
34,1000,20018
34,1000,19618
34,1000,19588
34,1000,19557
34,1000,19598
34,1000,19578
34,1000,20810
34,1000,19617
34,1000,19557
34,1000,19657
34,1000,19657
34,1000,19527
34,1000,19627
34,1000,19537
34,1000,19588
34,1000,19557
34,1000,19547
34,1000,20599
34,1000,19587
34,1000,19537
34,1000,19577
34,1000,19677
34,1000,20960
34,1000,19397
34,1000,19467
34,1000,19367
34,1000,19427
34,1000,20449
34,1000,19397
34,1000,19427
34,1000,19487
34,1000,19507
34,1000,19417
34,1000,19477
34,1000,34666
34,1000,19908
34,1000,19447
34,1000,24036
34,1000,74250
34,1000,26981
34,1000,24937
34,1000,25238
34,1000,24637
34,1000,21451
34,1000,20619
34,1000,20649
34,1000,20619
34,1000,20198
34,1000,20399
34,1000,20459
34,1000,20549
34,1000,21290
34,1000,23655
34,1000,20339
34,1000,21000
34,1000,20048
34,1000,20258
34,1000,20439
34,1000,19928
34,1000,20539
34,1000,20429
34,1000,20889
34,1000,20158
34,1000,25779
34,1000,30759
34,1000,20018
34,1000,20339
34,1000,20309
34,1000,20007
34,1000,21831
34,1000,20258
34,1000,20309
34,1000,20098
34,1000,20379
34,1000,24326
34,1000,20328
34,1000,20028
34,1000,19938
34,1000,20950
34,1000,19687
34,1000,20158
34,1000,19838
34,1000,20109
34,1000,19958
34,1000,20238
34,1000,24456
34,1000,19958
34,1000,22323
34,1000,21631
34,1000,20589
34,1000,20128
34,1000,20139
34,1000,21080
34,1000,20308
34,1000,20108
34,1000,24126
34,1000,20779
34,1000,20569
34,1000,20458
34,1000,20429
34,1000,20368
34,1000,20619
34,1000,20379
34,1000,19968
34,1000,19958
34,1000,20088
34,1000,24477
34,1000,88367
34,1000,118084
34,1000,21160
34,1000,20148
34,1000,20769
34,1000,21260
34,1000,20309
34,1000,20058
34,1000,19977
34,1000,20168
34,1000,22212
34,1000,20579
34,1000,20068
34,1000,21260
34,1000,19878
34,1000,19577
34,1000,19447
34,1000,20007
34,1000,19557
34,1000,20068
34,1000,20138
34,1000,20098
34,1000,28925
34,1000,19958
34,1000,20699
34,1000,19968
34,1000,19417
34,1000,19407
34,1000,19948
34,1000,19727
34,1000,19617
34,1000,20018
34,1000,19507
34,1000,19958
34,1000,19386
34,1000,20399
34,1000,20168
34,1000,19607
34,1000,19757
34,1000,20138
34,1000,19967
34,1000,19888
34,1000,19737
34,1000,19417
34,1000,19577
34,1000,20839
34,1000,19667
34,1000,20388
34,1000,19657
34,1000,19687
34,1000,19797
34,1000,20058
34,1000,19868
34,1000,19687
34,1000,19687
34,1000,19417
34,1000,22011
34,1000,20028
34,1000,20038
34,1000,29726
34,1000,20129
34,1000,19658
34,1000,20189
34,1000,19827
34,1000,19497
34,1000,19768
34,1000,19497
34,1000,22403
34,1000,76234
34,1000,88267
34,1000,23845
34,1000,23785
34,1000,24707
34,1000,24757
34,1000,22783
34,1000,21701
34,1000,25478
34,1000,22462
34,1000,20669
34,1000,20318
34,1000,20348
34,1000,20188
34,1000,25368
34,1000,20910
34,1000,20138
34,1000,20378
34,1000,20319
34,1000,20108
34,1000,20239
34,1000,20048
34,1000,20329
34,1000,20328
34,1000,20359
34,1000,24927
34,1000,20288
34,1000,20379
34,1000,20268
34,1000,19978
34,1000,19898
34,1000,19917
34,1000,20780
34,1000,19907
34,1000,19918
34,1000,20178
34,1000,23244
34,1000,20159
34,1000,20269
34,1000,20088
34,1000,20048
34,1000,19978
34,1000,19998
34,1000,20258
34,1000,19808
34,1000,20008
34,1000,20148
34,1000,23585
34,1000,20228
34,1000,20168
34,1000,19938
34,1000,20359
34,1000,20068
34,1000,19737
34,1000,20429
34,1000,19927
34,1000,19708
34,1000,24046
34,1000,28694
34,1000,20228
34,1000,20118
34,1000,20368
34,1000,20109
34,1000,20018
34,1000,19888
34,1000,20239
34,1000,20218
34,1000,19968
34,1000,83628
34,1000,110880
34,1000,21180
34,1000,20950
34,1000,22613
34,1000,21029
34,1000,20459
34,1000,45767
34,1000,37732
34,1000,43012
34,1000,31149
34,1000,20188
34,1000,20158
34,1000,21932
34,1000,19838
34,1000,19787
34,1000,19687
34,1000,20178
34,1000,20229
34,1000,19767
34,1000,19717
34,1000,19617
34,1000,19597
34,1000,19617
34,1000,21070
34,1000,19577
34,1000,19687
34,1000,19928
34,1000,19597
34,1000,19657
34,1000,19497
34,1000,19707
34,1000,19557
34,1000,19427
34,1000,19547
34,1000,20669
34,1000,19998
34,1000,20228
34,1000,19898
34,1000,19637
34,1000,19988
34,1000,19797
34,1000,19668
34,1000,19587
34,1000,19797
34,1000,19697
34,1000,21170
34,1000,20249
34,1000,19557
34,1000,19718
34,1000,19557
34,1000,19657
34,1000,19647
34,1000,28223
34,1000,19547
34,1000,19567
34,1000,21801
34,1000,20008
34,1000,20228
34,1000,20239
34,1000,20048
34,1000,20299
34,1000,20018
34,1000,20098
34,1000,19697
34,1000,19607
34,1000,19607
34,1000,22112
34,1000,20188
34,1000,153030
34,1000,26019
34,1000,25248
34,1000,50616
34,1000,38063
34,1000,43292
34,1000,39785
34,1000,50015
34,1000,49103
34,1000,56808
34,1000,38984
34,1000,42962
34,1000,38553
34,1000,25428
34,1000,21020
34,1000,21020
34,1000,20679
34,1000,21280
34,1000,21090
34,1000,20970
34,1000,20970
34,1000,20880
34,1000,25648
34,1000,20358
34,1000,20188
34,1000,20389
34,1000,20669
34,1000,20138
34,1000,20068
34,1000,20278
34,1000,20198
34,1000,20879
34,1000,20409
34,1000,24687
34,1000,20168
34,1000,21070
34,1000,20168
34,1000,20268
34,1000,20850
34,1000,20699
34,1000,20128
34,1000,27342
34,1000,21281
34,1000,20139
34,1000,24155
34,1000,21049
34,1000,20710
34,1000,20037
34,1000,20529
34,1000,20208
34,1000,20700
34,1000,20037
34,1000,20289
34,1000,20078
34,1000,20288
34,1000,23605
34,1000,20379
34,1000,20259
34,1000,20208
34,1000,20479
34,1000,20589
34,1000,20348
34,1000,20860
34,1000,20149
34,1000,20830
34,1000,23314
34,1000,20789
34,1000,69572
34,1000,54453
34,1000,25007
34,1000,23595
34,1000,22653
34,1000,28244
34,1000,23575
34,1000,23715
34,1000,21781
34,1000,20268
34,1000,20669
34,1000,20238
34,1000,20589
34,1000,20208
34,1000,20138
34,1000,20589
34,1000,20259
34,1000,25037
34,1000,20038
34,1000,20159
34,1000,20028
34,1000,19978
34,1000,20328
34,1000,24917
34,1000,26781
34,1000,21801
34,1000,20068
34,1000,24447
34,1000,20018
34,1000,19718
34,1000,20528
34,1000,22903
34,1000,22483
34,1000,20118
34,1000,20989
34,1000,20178
34,1000,20128
34,1000,20118
34,1000,23594
34,1000,20068
34,1000,24867
34,1000,20188
34,1000,20188
34,1000,20439
34,1000,20018
34,1000,19877
34,1000,19998
34,1000,20028
34,1000,19918
34,1000,23434
34,1000,19948
34,1000,19988
34,1000,20109
34,1000,20018
34,1000,20760
34,1000,19787
34,1000,20028
34,1000,20058
34,1000,20028
34,1000,19998
34,1000,23444
34,1000,21631
34,1000,20669
34,1000,22883
34,1000,25468
34,1000,20519
34,1000,20379
34,1000,20489
34,1000,24787
34,1000,104548
34,1000,52680
34,1000,24988
34,1000,23955
34,1000,23815
34,1000,23084
34,1000,23956
34,1000,31790
34,1000,20569
34,1000,20409
34,1000,20299
34,1000,25659
34,1000,21782
34,1000,21221
34,1000,22222
34,1000,21761
34,1000,20429
34,1000,25959
34,1000,20399
34,1000,20589
34,1000,20348
34,1000,20188
34,1000,21201
34,1000,21280
34,1000,20709
34,1000,21391
34,1000,20008
34,1000,21832
34,1000,26100
34,1000,20899
34,1000,20258
34,1000,21170
34,1000,21671
34,1000,20839
34,1000,20209
34,1000,30638
34,1000,20599
34,1000,20790
34,1000,24726
34,1000,21130
34,1000,20840
34,1000,21080
34,1000,20809
34,1000,20159
34,1000,20990
34,1000,20419
34,1000,22442
34,1000,19948
34,1000,20859
34,1000,24286
34,1000,20018
34,1000,20419
34,1000,20178
34,1000,21921
34,1000,20148
34,1000,21280
34,1000,20399
34,1000,20248
35,1000,20358
35,1000,21541
35,1000,23765
35,1000,20980
35,1000,20839
35,1000,20740
35,1000,20789
35,1000,20288
35,1000,20279
35,1000,20189
35,1000,94388
35,1000,34105
35,1000,75734
35,1000,21120
35,1000,20429
35,1000,21130
35,1000,42861
35,1000,36168
35,1000,37371
35,1000,42150
35,1000,37822
35,1000,42080
35,1000,33293
35,1000,19878
35,1000,20318
35,1000,20209
35,1000,21381
35,1000,19667
35,1000,19657
35,1000,19547
35,1000,20358
35,1000,19687
35,1000,19627
35,1000,19627
35,1000,19567
35,1000,19447
35,1000,19707
35,1000,20469
35,1000,19787
35,1000,19637
35,1000,19507
35,1000,19577
35,1000,19547
35,1000,19567
35,1000,19857
35,1000,19497
35,1000,19717
35,1000,19567
35,1000,20459
35,1000,20038
35,1000,19627
35,1000,19527
35,1000,19607
35,1000,19537
35,1000,19557
35,1000,19547
35,1000,19387
35,1000,19647
35,1000,19587
35,1000,20619
35,1000,19747
35,1000,19477
35,1000,19477
35,1000,19887
35,1000,25328
35,1000,22062
35,1000,22513
35,1000,19587
35,1000,19958
35,1000,20609
35,1000,19667
35,1000,19668
35,1000,19638
35,1000,19838
35,1000,19547
35,1000,24075
35,1000,19557
35,1000,19297
35,1000,19537
35,1000,161045
35,1000,23555
35,1000,23734
35,1000,23424
35,1000,23785
35,1000,29566
35,1000,48552
35,1000,43502
35,1000,38072
35,1000,46839
35,1000,39145
35,1000,40717
35,1000,42170
35,1000,37772
35,1000,52039
35,1000,36068
35,1000,25538
35,1000,20198
35,1000,27372
35,1000,20168
35,1000,20329
35,1000,20058
35,1000,19937
35,1000,20750
35,1000,20158
35,1000,20208
35,1000,20028
35,1000,24647
35,1000,20228
35,1000,20148
35,1000,20028
35,1000,20299
35,1000,20138
35,1000,20028
35,1000,20158
35,1000,20298
35,1000,20068
35,1000,20419
35,1000,23875
35,1000,20098
35,1000,20158
35,1000,20389
35,1000,19888
35,1000,19657
35,1000,20579
35,1000,19978
35,1000,19998
35,1000,19938
35,1000,20449
35,1000,23624
35,1000,20109
35,1000,20279
35,1000,20018
35,1000,19957
35,1000,25218
35,1000,20159
35,1000,20038
35,1000,20188
35,1000,19987
35,1000,22493
35,1000,19868
35,1000,20328
35,1000,19988
35,1000,19937
35,1000,19617
35,1000,20037
35,1000,19838
35,1000,20028
35,1000,182666
35,1000,25608
35,1000,46037
35,1000,42831
35,1000,44735
35,1000,39504
35,1000,43933
35,1000,39525
35,1000,39785
35,1000,47390
35,1000,39145
35,1000,24907
35,1000,20539
35,1000,21241
35,1000,20699
35,1000,20539
35,1000,20699
35,1000,21010
35,1000,20469
35,1000,20789
35,1000,19908
35,1000,20559
35,1000,20739
35,1000,26160
35,1000,20108
35,1000,20018
35,1000,19998
35,1000,20449
35,1000,20750
35,1000,20078
35,1000,20458
35,1000,20228
35,1000,22703
35,1000,25939
35,1000,20399
35,1000,21210
35,1000,20278
35,1000,20589
35,1000,21010
35,1000,19987
35,1000,19998
35,1000,19798
35,1000,20109
35,1000,26691
35,1000,24216
35,1000,20850
35,1000,20088
35,1000,20979
35,1000,20209
35,1000,20209
35,1000,20208
35,1000,21200
35,1000,19958
35,1000,20809
35,1000,20118
35,1000,23755
35,1000,20048
35,1000,20118
35,1000,20148
35,1000,20328
35,1000,20209
35,1000,20249
35,1000,20599
35,1000,20037
35,1000,19948
35,1000,20449
35,1000,28784
35,1000,94289
35,1000,113404
35,1000,20830
35,1000,20319
35,1000,62599
35,1000,38704
35,1000,39255
35,1000,48462
35,1000,38984
35,1000,42821
35,1000,40016
35,1000,38944
35,1000,52840
35,1000,35136
35,1000,20308
35,1000,19868
35,1000,19667
35,1000,20158
35,1000,19908
35,1000,19797
35,1000,20168
35,1000,24496
35,1000,22823
35,1000,20339
35,1000,20499
35,1000,20028
35,1000,20018
35,1000,20359
35,1000,19727
35,1000,20529
35,1000,20168
35,1000,19707
35,1000,27793
35,1000,20439
35,1000,20138
35,1000,19877
35,1000,20318
35,1000,19767
35,1000,19607
35,1000,19467
35,1000,21050
35,1000,19597
35,1000,30698
35,1000,21531
35,1000,19777
35,1000,19928
35,1000,19587
35,1000,19847
35,1000,20008
35,1000,19768
35,1000,20248
35,1000,20529
35,1000,20329
35,1000,21671
35,1000,19957
35,1000,19798
35,1000,19687
35,1000,20418
35,1000,19978
35,1000,20429
35,1000,19517
35,1000,19687
35,1000,20228
35,1000,20429
35,1000,21751
35,1000,19817
35,1000,20088
35,1000,19688
35,1000,77688
35,1000,126640
35,1000,20980
35,1000,20709
35,1000,21682
35,1000,21230
35,1000,20459
35,1000,20509
35,1000,20399
35,1000,21010
35,1000,21070
35,1000,20398
35,1000,20439
35,1000,20178
35,1000,20419
35,1000,20409
35,1000,19988
35,1000,20369
35,1000,20720
35,1000,20438
35,1000,20639
35,1000,20108
35,1000,20379
35,1000,20428
35,1000,21811
35,1000,19858
35,1000,20178
35,1000,20018
35,1000,20879
35,1000,20088
35,1000,21741
35,1000,19887
35,1000,19797
35,1000,19537
35,1000,20108
35,1000,21180
35,1000,20449
35,1000,19647
35,1000,19928
35,1000,19847
35,1000,19848
35,1000,19657
35,1000,19828
35,1000,20178
35,1000,19918
35,1000,20258
35,1000,20829
35,1000,19858
35,1000,19547
35,1000,19727
35,1000,19627
35,1000,20148
35,1000,19788
35,1000,20058
35,1000,19698
35,1000,20048
35,1000,21140
35,1000,20629
35,1000,19587
35,1000,19757
35,1000,19837
35,1000,19888
35,1000,19938
35,1000,20007
35,1000,20038
35,1000,34225
35,1000,22403
35,1000,22783
35,1000,20479
35,1000,103916
35,1000,88798
35,1000,22572
35,1000,23625
35,1000,65123
35,1000,48652
35,1000,34535
35,1000,20409
35,1000,20559
35,1000,20498
35,1000,20269
35,1000,20319
35,1000,21400
35,1000,20068
35,1000,20469
35,1000,20399
35,1000,20329
35,1000,20239
35,1000,20438
35,1000,20439
35,1000,20539
35,1000,20159
35,1000,21110
35,1000,20228
35,1000,21601
35,1000,19657
35,1000,21691
35,1000,22052
35,1000,19557
35,1000,21641
35,1000,19617
35,1000,19527
35,1000,20950
35,1000,19898
35,1000,19447
35,1000,20769
35,1000,19908
35,1000,20128
35,1000,19647
35,1000,19787
35,1000,19978
35,1000,20078
35,1000,19757
35,1000,19958
35,1000,19748
35,1000,19637
35,1000,20689
35,1000,20409
35,1000,19627
35,1000,21891
35,1000,21761
35,1000,22232
35,1000,20589
35,1000,19757
35,1000,19537
35,1000,19477
35,1000,19988
35,1000,21851
35,1000,26561
35,1000,21080
35,1000,20118
35,1000,19898
35,1000,20719
35,1000,19637
35,1000,20188
35,1000,20328
35,1000,20007
35,1000,22242
35,1000,85191
35,1000,82546
35,1000,24446
35,1000,24576
35,1000,23405
35,1000,22522
35,1000,23194
35,1000,21571
35,1000,22242
35,1000,20659
35,1000,20830
35,1000,20228
35,1000,20539
35,1000,20739
35,1000,20168
35,1000,26130
35,1000,20298
35,1000,20429
35,1000,20630
35,1000,30107
35,1000,20319
35,1000,19927
35,1000,20088
35,1000,20038
35,1000,20920
35,1000,25017
35,1000,20309
35,1000,20308
35,1000,20459
35,1000,19967
35,1000,20179
35,1000,20369
35,1000,19948
35,1000,19958
35,1000,20869
35,1000,20108
35,1000,23694
35,1000,20168
35,1000,20118
35,1000,20128
35,1000,20078
35,1000,20389
35,1000,20238
35,1000,20309
35,1000,20479
35,1000,20148
35,1000,20148
35,1000,24105
35,1000,20308
35,1000,20078
35,1000,20038
35,1000,20438
35,1000,20058
35,1000,19908
35,1000,20298
35,1000,27553
35,1000,20068
35,1000,20218
35,1000,23765
35,1000,20278
35,1000,20038
35,1000,19998
35,1000,20128
35,1000,20409
35,1000,20108
35,1000,20338
35,1000,20549
35,1000,20539
35,1000,76645
35,1000,35547
35,1000,86874
35,1000,23625
35,1000,23655
35,1000,24256
35,1000,24937
35,1000,22693
35,1000,20659
35,1000,20088
35,1000,38262
35,1000,37000
35,1000,46338
35,1000,31630
35,1000,20409
35,1000,20238
35,1000,25097
35,1000,20499
35,1000,20228
35,1000,20339
35,1000,20428
35,1000,20289
35,1000,19927
35,1000,20319
35,1000,20298
35,1000,20078
35,1000,20218
35,1000,24747
35,1000,20258
35,1000,20518
35,1000,20078
35,1000,20098
35,1000,20178
35,1000,20288
35,1000,19907
35,1000,20209
35,1000,20007
35,1000,23936
35,1000,20188
35,1000,20949
35,1000,19928
35,1000,20329
35,1000,20159
35,1000,20720
35,1000,20007
35,1000,20018
35,1000,20028
35,1000,20168
35,1000,23755
35,1000,20619
35,1000,19898
35,1000,19867
35,1000,20018
35,1000,20299
35,1000,20008
35,1000,20118
35,1000,20239
35,1000,20528
35,1000,20319
35,1000,23194
35,1000,20399
35,1000,20178
35,1000,20149
35,1000,20129
35,1000,20259
35,1000,20088
35,1000,20078
35,1000,20288
35,1000,20248
35,1000,81675
35,1000,31219
35,1000,22483
35,1000,20589
35,1000,20439
35,1000,23915
35,1000,24517
35,1000,20218
35,1000,20579
35,1000,20489
35,1000,20348
35,1000,20218
35,1000,20269
35,1000,27882
35,1000,20458
35,1000,19997
35,1000,20138
35,1000,20058
35,1000,20409
35,1000,20759
35,1000,20258
35,1000,20329
35,1000,20549
35,1000,20328
35,1000,20319
35,1000,20018
35,1000,21110
35,1000,19547
35,1000,19507
35,1000,19617
35,1000,19597
35,1000,19617
35,1000,19587
35,1000,20348
35,1000,19687
35,1000,19637
35,1000,19597
35,1000,20449
35,1000,19737
35,1000,22954
35,1000,19607
35,1000,19567
35,1000,19587
35,1000,19757
35,1000,19507
35,1000,19587
35,1000,19597
35,1000,19687
35,1000,20269
35,1000,19507
35,1000,26481
35,1000,19807
35,1000,19487
35,1000,19597
35,1000,19547
35,1000,19587
35,1000,19547
35,1000,19517
35,1000,20459
35,1000,19808
35,1000,19466
35,1000,19427
35,1000,19988
35,1000,19497
35,1000,23304
35,1000,19927
35,1000,19637
35,1000,20379
35,1000,83368
35,1000,31891
35,1000,88087
35,1000,23595
35,1000,22573
35,1000,25438
35,1000,23986
35,1000,28344
35,1000,38403
35,1000,41428
35,1000,45696
35,1000,40587
35,1000,37641
35,1000,36670
35,1000,40116
35,1000,36870
35,1000,41339
35,1000,43132
35,1000,27152
35,1000,19857
35,1000,19708
35,1000,19628
35,1000,19517
35,1000,19757
35,1000,19687
35,1000,19717
35,1000,19688
35,1000,19557
35,1000,23174
35,1000,19497
35,1000,21841
35,1000,22683
35,1000,21211
35,1000,20248
35,1000,21090
35,1000,20359
35,1000,20048
35,1000,19978
35,1000,23755
35,1000,20048
35,1000,19998
35,1000,28584
35,1000,20098
35,1000,20088
35,1000,20669
35,1000,20008
35,1000,19738
35,1000,19967
35,1000,19967
35,1000,23314
35,1000,19868
35,1000,20268
35,1000,20318
35,1000,19848
35,1000,20318
35,1000,20028
35,1000,19948
35,1000,20038
35,1000,20058
35,1000,20058
35,1000,23124
35,1000,19947
35,1000,19978
35,1000,19998
35,1000,20369
35,1000,19997
35,1000,19988
35,1000,22874
35,1000,20650
35,1000,111021
35,1000,26591
35,1000,28935
35,1000,23865
35,1000,37311
35,1000,37631
35,1000,41779
35,1000,38333
35,1000,38913
35,1000,42200
35,1000,38273
35,1000,42400
35,1000,30218
35,1000,20890
35,1000,21050
35,1000,21000
35,1000,21240
35,1000,21411
35,1000,21130
35,1000,21250
35,1000,21621
35,1000,21250
35,1000,20449
35,1000,21340
35,1000,20790
35,1000,25569
35,1000,20509
35,1000,20529
35,1000,20910
35,1000,21060
35,1000,20418
35,1000,21160
35,1000,20208
35,1000,21220
35,1000,20449
35,1000,24907
35,1000,21390
35,1000,20278
35,1000,20759
35,1000,20699
35,1000,21350
35,1000,20730
35,1000,20840
35,1000,20579
35,1000,20408
35,1000,21110
35,1000,24487
35,1000,20218
35,1000,20018
35,1000,20388
35,1000,20068
35,1000,20188
35,1000,21010
35,1000,20158
35,1000,20810
35,1000,20819
35,1000,20288
35,1000,24787
35,1000,20088
35,1000,21250
35,1000,20429
35,1000,20639
35,1000,20519
35,1000,19838
35,1000,21540
35,1000,23555
35,1000,21681
35,1000,27341
35,1000,80082
35,1000,115729
35,1000,23003
35,1000,22883
35,1000,23604
35,1000,23625
35,1000,24316
35,1000,24085
35,1000,22322
35,1000,20398
35,1000,21791
35,1000,23885
35,1000,20639
35,1000,21470
35,1000,19978
35,1000,20218
35,1000,25247
35,1000,20128
35,1000,20108
35,1000,19838
35,1000,20829
35,1000,20088
35,1000,20368
35,1000,20179
35,1000,19977
35,1000,20118
35,1000,19878
35,1000,24456
35,1000,27161
35,1000,20429
35,1000,20028
35,1000,19997
35,1000,20138
35,1000,20108
35,1000,19918
35,1000,20018
35,1000,19988
35,1000,23715
35,1000,20028
35,1000,20659
35,1000,19888
35,1000,20098
35,1000,20119
35,1000,20439
35,1000,19998
35,1000,20248
35,1000,20208
35,1000,19998
35,1000,23945
35,1000,20249
35,1000,20338
35,1000,19948
35,1000,19957
35,1000,20058
35,1000,20138
35,1000,20238
35,1000,20249
35,1000,20098
35,1000,20869
35,1000,23304
35,1000,20248
35,1000,19908
35,1000,20088
35,1000,20609
35,1000,20348
35,1000,20279
35,1000,20278
35,1000,20118
35,1000,27642
35,1000,103436
35,1000,53011
35,1000,22703
35,1000,23374
35,1000,22993
35,1000,22904
35,1000,23104
35,1000,20849
35,1000,21351
35,1000,21521
35,1000,20629
35,1000,20458
35,1000,20449
35,1000,21210
35,1000,20479
35,1000,20589
35,1000,20278
35,1000,20419
35,1000,20419
35,1000,20479
35,1000,20759
35,1000,20920
35,1000,20589
35,1000,20368
35,1000,20449
35,1000,20739
35,1000,37852
35,1000,25268
35,1000,20458
35,1000,19868
35,1000,19908
35,1000,20959
35,1000,20078
35,1000,20128
35,1000,20138
35,1000,20309
35,1000,19878
35,1000,19928
35,1000,23875
35,1000,19978
35,1000,20168
35,1000,20158
35,1000,20289
35,1000,20158
35,1000,20098
35,1000,20128
35,1000,19987
35,1000,20038
35,1000,20038
35,1000,23935
35,1000,20269
35,1000,20338
35,1000,20148
35,1000,20318
35,1000,20078
35,1000,19938
35,1000,20880
35,1000,20108
35,1000,20118
35,1000,23725
35,1000,20088
35,1000,19978
35,1000,20358
35,1000,20008
35,1000,19978
35,1000,20038
35,1000,20068
35,1000,20138
35,1000,96373
35,1000,27021
35,1000,25478
35,1000,25237
35,1000,25879
35,1000,25368
35,1000,22633
35,1000,21451
35,1000,25899
35,1000,21090
35,1000,20649
35,1000,20830
35,1000,20398
35,1000,21291
35,1000,20408
35,1000,20359
35,1000,20368
35,1000,21451
35,1000,27993
35,1000,24427
35,1000,23394
35,1000,24306
35,1000,27853
35,1000,21019
35,1000,22442
35,1000,20539
35,1000,20890
35,1000,20318
35,1000,20409
35,1000,24396
35,1000,20499
35,1000,22022
35,1000,20579
35,1000,20890
35,1000,20468
35,1000,21050
35,1000,20619
35,1000,21671
35,1000,23454
35,1000,20178
35,1000,24046
35,1000,20378
35,1000,20820
35,1000,20639
35,1000,20769
35,1000,20939
35,1000,20239
35,1000,22082
35,1000,20188
35,1000,20289
35,1000,20178
35,1000,24326
35,1000,20468
35,1000,20178
35,1000,20740
35,1000,20399
35,1000,20308
35,1000,26531
35,1000,20610
35,1000,20359
35,1000,20298
35,1000,24206
35,1000,20609
35,1000,20769
35,1000,20308
35,1000,20419
35,1000,20418
35,1000,20168
35,1000,76535
35,1000,86103
35,1000,23164
35,1000,23214
35,1000,22562
35,1000,22974
35,1000,25829
35,1000,22242
35,1000,20709
35,1000,25518
35,1000,20359
35,1000,19968
35,1000,20058
35,1000,20509
35,1000,19947
35,1000,20980
35,1000,20228
35,1000,20148
35,1000,20168
35,1000,20319
35,1000,29126
35,1000,20138
35,1000,20158
35,1000,20489
35,1000,20118
35,1000,20138
35,1000,19988
35,1000,20148
35,1000,20359
35,1000,20068
35,1000,24577
35,1000,20098
35,1000,20439
35,1000,20369
36,1000,19757
36,1000,20670
36,1000,20119
36,1000,20429
36,1000,20188
36,1000,20359
36,1000,20629
36,1000,24416
36,1000,19948
36,1000,20519
36,1000,20258
36,1000,20078
36,1000,20188
36,1000,20158
36,1000,20038
36,1000,20058
36,1000,20499
36,1000,25789
36,1000,27031
36,1000,23955
36,1000,23875
36,1000,28685
36,1000,23615
36,1000,24046
36,1000,22292
36,1000,20088
36,1000,20710
36,1000,20528
36,1000,20089
36,1000,23315
36,1000,20499
36,1000,20148
36,1000,20159
36,1000,20419
36,1000,76144
36,1000,86063
36,1000,20840
36,1000,20259
36,1000,24857
36,1000,47880
36,1000,55195
36,1000,45165
36,1000,51017
36,1000,37130
36,1000,38774
36,1000,45797
36,1000,37030
36,1000,41118
36,1000,29546
36,1000,19627
36,1000,19748
36,1000,19567
36,1000,19667
36,1000,20779
36,1000,19497
36,1000,19597
36,1000,20108
36,1000,19517
36,1000,19607
36,1000,19667
36,1000,19627
36,1000,19727
36,1000,19497
36,1000,19617
36,1000,20739
36,1000,19778
36,1000,19336
36,1000,19507
36,1000,20068
36,1000,19607
36,1000,19547
36,1000,19477
36,1000,19507
36,1000,19547
36,1000,19537
36,1000,20860
36,1000,19567
36,1000,19477
36,1000,19627
36,1000,19658
36,1000,24908
36,1000,19647
36,1000,19757
36,1000,19638
36,1000,19648
36,1000,20700
36,1000,19487
36,1000,19307
36,1000,19467
36,1000,19467
36,1000,19517
36,1000,19497
36,1000,19497
36,1000,19557
36,1000,19507
36,1000,19728
36,1000,20589
36,1000,19677
36,1000,19667
36,1000,19457
36,1000,19818
36,1000,19778
36,1000,19928
36,1000,73359
36,1000,30157
36,1000,98136
36,1000,22623
36,1000,23625
36,1000,22944
36,1000,23445
36,1000,22542
36,1000,29807
36,1000,20469
36,1000,25689
36,1000,19837
36,1000,19848
36,1000,19798
36,1000,22432
36,1000,20088
36,1000,20178
36,1000,20028
36,1000,20088
36,1000,20278
36,1000,25127
36,1000,20309
36,1000,20438
36,1000,20248
36,1000,19958
36,1000,20318
36,1000,20449
36,1000,20199
36,1000,20038
36,1000,20038
36,1000,20068
36,1000,24486
36,1000,19917
36,1000,20038
36,1000,19818
36,1000,22763
36,1000,23524
36,1000,20389
36,1000,20168
36,1000,20539
36,1000,20099
36,1000,20068
36,1000,24046
36,1000,20078
36,1000,25838
36,1000,20038
36,1000,19978
36,1000,20088
36,1000,19848
36,1000,20348
36,1000,19767
36,1000,20169
36,1000,20559
36,1000,23154
36,1000,20138
36,1000,20138
36,1000,19948
36,1000,20128
36,1000,19877
36,1000,20228
36,1000,20008
36,1000,19948
36,1000,20148
36,1000,21330
36,1000,20088
36,1000,20769
36,1000,24957
36,1000,21050
36,1000,74681
36,1000,101673
36,1000,19828
36,1000,20188
36,1000,20108
36,1000,21210
36,1000,19607
36,1000,25959
36,1000,19537
36,1000,20519
36,1000,19236
36,1000,19377
36,1000,19156
36,1000,19597
36,1000,19367
36,1000,19357
36,1000,19567
36,1000,19197
36,1000,19157
36,1000,19447
36,1000,20218
36,1000,19176
36,1000,19426
36,1000,19227
36,1000,19177
36,1000,19678
36,1000,19186
36,1000,19076
36,1000,19176
36,1000,19156
36,1000,19146
36,1000,20138
36,1000,19577
36,1000,19176
36,1000,19176
36,1000,21090
36,1000,22082
36,1000,20850
36,1000,19567
36,1000,19497
36,1000,19477
36,1000,19567
36,1000,20439
36,1000,19637
36,1000,19467
36,1000,36830
36,1000,19777
36,1000,19727
36,1000,19377
36,1000,19658
36,1000,19637
36,1000,19607
36,1000,20850
36,1000,19467
36,1000,19446
36,1000,19567
36,1000,19477
36,1000,19487
36,1000,19757
36,1000,19717
36,1000,19497
36,1000,19938
36,1000,19517
36,1000,20428
36,1000,19487
36,1000,19597
36,1000,19487
36,1000,19867
36,1000,59142
36,1000,47560
36,1000,37942
36,1000,23344
36,1000,22192
36,1000,23685
36,1000,22462
36,1000,22212
36,1000,33914
36,1000,25428
36,1000,19768
36,1000,21120
36,1000,20349
36,1000,19918
36,1000,19767
36,1000,20018
36,1000,19917
36,1000,19888
36,1000,19858
36,1000,20538
36,1000,24136
36,1000,19877
36,1000,19787
36,1000,19777
36,1000,19718
36,1000,19457
36,1000,19707
36,1000,20119
36,1000,19597
36,1000,19717
36,1000,24226
36,1000,19837
36,1000,19907
36,1000,19768
36,1000,19798
36,1000,22513
36,1000,23244
36,1000,20699
36,1000,20158
36,1000,20118
36,1000,19927
36,1000,23805
36,1000,19878
36,1000,20478
36,1000,20058
36,1000,20008
36,1000,19728
36,1000,20328
36,1000,20028
36,1000,19978
36,1000,20058
36,1000,20008
36,1000,23114
36,1000,19827
36,1000,19848
36,1000,20138
36,1000,20168
36,1000,19818
36,1000,20088
36,1000,20038
36,1000,19868
36,1000,19748
36,1000,20079
36,1000,22843
36,1000,20078
36,1000,20058
36,1000,19868
36,1000,19678
36,1000,19837
36,1000,163820
36,1000,25178
36,1000,30698
36,1000,72327
36,1000,46499
36,1000,46519
36,1000,52049
36,1000,46939
36,1000,51187
36,1000,46658
36,1000,47069
36,1000,51848
36,1000,46448
36,1000,25899
36,1000,24867
36,1000,24917
36,1000,25018
36,1000,25368
36,1000,24255
36,1000,23445
36,1000,20138
36,1000,21089
36,1000,19778
36,1000,20189
36,1000,21040
36,1000,19487
36,1000,19497
36,1000,19507
36,1000,19727
36,1000,19658
36,1000,19386
36,1000,19407
36,1000,19456
36,1000,19417
36,1000,20699
36,1000,19367
36,1000,19377
36,1000,19376
36,1000,19477
36,1000,19376
36,1000,20168
36,1000,19377
36,1000,19607
36,1000,19497
36,1000,19397
36,1000,20479
36,1000,19477
36,1000,19437
36,1000,19436
36,1000,19407
36,1000,19577
36,1000,19668
36,1000,19638
36,1000,19477
36,1000,19337
36,1000,19337
36,1000,23424
36,1000,22032
36,1000,19456
36,1000,19558
36,1000,19567
36,1000,19888
36,1000,19527
36,1000,19436
36,1000,19437
36,1000,26550
36,1000,19436
36,1000,20950
36,1000,154813
36,1000,22172
36,1000,21321
36,1000,21571
36,1000,21641
36,1000,54013
36,1000,38453
36,1000,39364
36,1000,42831
36,1000,39916
36,1000,43131
36,1000,39074
36,1000,35487
36,1000,40256
36,1000,20669
36,1000,20459
36,1000,20709
36,1000,20529
36,1000,20259
36,1000,26710
36,1000,20258
36,1000,20279
36,1000,21020
36,1000,20259
36,1000,21290
36,1000,20148
36,1000,19748
36,1000,19648
36,1000,19928
36,1000,19707
36,1000,20088
36,1000,19778
36,1000,19927
36,1000,19587
36,1000,21060
36,1000,20448
36,1000,19678
36,1000,19647
36,1000,19597
36,1000,19807
36,1000,21992
36,1000,19778
36,1000,19527
36,1000,19727
36,1000,19998
36,1000,20569
36,1000,20018
36,1000,19547
36,1000,19928
36,1000,19837
36,1000,20208
36,1000,19798
36,1000,20749
36,1000,19958
36,1000,19768
36,1000,19627
36,1000,26500
36,1000,19808
36,1000,19797
36,1000,19728
36,1000,20199
36,1000,19597
36,1000,19697
36,1000,19697
36,1000,19687
36,1000,19998
36,1000,19707
36,1000,71105
36,1000,71225
36,1000,30127
36,1000,25027
36,1000,23855
36,1000,23775
36,1000,23785
36,1000,22904
36,1000,21010
36,1000,20980
36,1000,24987
36,1000,20810
36,1000,20438
36,1000,20730
36,1000,20379
36,1000,20268
36,1000,20469
36,1000,20529
36,1000,27652
36,1000,20109
36,1000,20269
36,1000,20078
36,1000,20318
36,1000,20529
36,1000,20548
36,1000,20269
36,1000,20689
36,1000,20769
36,1000,25178
36,1000,20168
36,1000,20288
36,1000,19948
36,1000,20308
36,1000,20248
36,1000,20058
36,1000,20108
36,1000,21030
36,1000,20118
36,1000,20348
36,1000,23905
36,1000,20108
36,1000,20449
36,1000,19988
36,1000,20228
36,1000,20549
36,1000,21040
36,1000,20729
36,1000,19928
36,1000,20248
36,1000,20428
36,1000,24166
36,1000,20409
36,1000,20259
36,1000,20859
36,1000,26159
36,1000,21480
36,1000,20169
36,1000,20128
36,1000,20259
36,1000,20649
36,1000,23024
36,1000,20248
36,1000,20048
36,1000,25157
36,1000,20719
36,1000,22383
36,1000,20398
36,1000,20369
36,1000,20558
36,1000,90482
36,1000,66406
36,1000,21330
36,1000,22262
36,1000,22212
36,1000,26751
36,1000,20489
36,1000,19978
36,1000,20058
36,1000,20128
36,1000,20138
36,1000,19718
36,1000,19718
36,1000,20028
36,1000,19608
36,1000,19568
36,1000,28675
36,1000,19597
36,1000,20118
36,1000,19597
36,1000,19707
36,1000,19577
36,1000,20288
36,1000,19587
36,1000,20159
36,1000,19577
36,1000,19567
36,1000,20479
36,1000,22152
36,1000,20489
36,1000,19517
36,1000,19477
36,1000,20208
36,1000,19637
36,1000,19497
36,1000,19527
36,1000,19667
36,1000,19728
36,1000,20559
36,1000,19527
36,1000,19486
36,1000,19487
36,1000,20008
36,1000,19507
36,1000,19547
36,1000,19787
36,1000,19577
36,1000,19627
36,1000,21411
36,1000,19818
36,1000,19797
36,1000,19778
36,1000,20018
36,1000,19817
36,1000,19647
36,1000,19607
36,1000,19497
36,1000,19397
36,1000,19447
36,1000,21962
36,1000,20058
36,1000,20098
36,1000,20298
36,1000,19808
36,1000,20068
36,1000,19888
36,1000,19998
36,1000,20488
36,1000,90582
36,1000,26460
36,1000,26140
36,1000,27652
36,1000,26040
36,1000,25448
36,1000,25157
36,1000,25228
36,1000,25368
36,1000,25709
36,1000,25759
36,1000,25919
36,1000,25698
36,1000,32972
36,1000,25217
36,1000,25488
36,1000,25709
36,1000,25829
36,1000,25358
36,1000,25067
36,1000,25649
36,1000,24978
36,1000,25459
36,1000,25809
36,1000,25569
36,1000,26721
36,1000,25007
36,1000,25879
36,1000,25488
36,1000,25157
36,1000,25889
36,1000,25027
36,1000,25328
36,1000,25568
36,1000,24707
36,1000,25528
36,1000,29476
36,1000,25538
36,1000,25368
36,1000,25548
36,1000,25598
36,1000,25198
36,1000,42491
36,1000,21631
36,1000,21290
36,1000,20338
36,1000,25619
36,1000,20869
36,1000,20409
36,1000,20328
36,1000,20208
36,1000,20930
36,1000,20208
36,1000,21120
36,1000,20780
36,1000,20238
36,1000,20178
36,1000,25668
36,1000,20449
36,1000,20328
36,1000,20609
36,1000,21631
36,1000,20499
36,1000,21201
36,1000,20169
36,1000,21150
36,1000,21200
36,1000,21010
36,1000,79390
36,1000,95241
36,1000,23915
36,1000,34996
36,1000,22072
36,1000,24376
36,1000,23415
36,1000,20479
36,1000,20519
36,1000,20729
36,1000,20559
36,1000,20870
36,1000,20338
36,1000,21651
36,1000,22513
36,1000,19888
36,1000,19807
36,1000,19647
36,1000,19858
36,1000,21009
36,1000,19627
36,1000,19798
36,1000,20118
36,1000,20729
36,1000,19788
36,1000,21190
36,1000,20118
36,1000,20018
36,1000,19867
36,1000,22392
36,1000,21561
36,1000,19737
36,1000,20960
36,1000,19677
36,1000,20759
36,1000,19647
36,1000,20940
36,1000,25127
36,1000,20559
36,1000,19817
36,1000,19688
36,1000,19907
36,1000,19998
36,1000,20118
36,1000,19897
36,1000,19757
36,1000,19748
36,1000,20889
36,1000,19888
36,1000,20719
36,1000,19757
36,1000,19868
36,1000,19847
36,1000,19707
36,1000,19758
36,1000,19978
36,1000,19628
36,1000,20859
36,1000,20088
36,1000,20078
36,1000,19798
36,1000,19958
36,1000,19667
36,1000,19557
36,1000,19918
36,1000,19857
36,1000,21812
36,1000,19487
36,1000,22132
36,1000,96813
36,1000,26731
36,1000,23544
36,1000,23384
36,1000,22873
36,1000,23465
36,1000,41939
36,1000,24516
36,1000,20118
36,1000,20639
36,1000,20429
36,1000,20388
36,1000,20740
36,1000,20379
36,1000,20429
36,1000,25839
36,1000,19968
36,1000,19858
36,1000,20128
36,1000,20007
36,1000,20108
36,1000,20058
36,1000,20048
36,1000,20279
36,1000,20189
36,1000,24757
36,1000,21942
36,1000,22653
36,1000,21431
36,1000,20078
36,1000,20148
36,1000,20298
36,1000,20028
36,1000,20810
36,1000,27362
36,1000,23725
36,1000,24937
36,1000,19797
36,1000,19948
36,1000,20068
36,1000,20018
36,1000,20268
36,1000,20028
36,1000,20349
36,1000,19957
36,1000,20179
36,1000,20078
36,1000,24105
36,1000,20008
36,1000,20619
36,1000,19847
36,1000,19898
36,1000,20018
36,1000,20058
36,1000,20058
36,1000,19968
36,1000,20098
36,1000,20028
36,1000,22723
36,1000,20168
36,1000,20258
36,1000,19928
36,1000,20438
36,1000,21581
36,1000,19878
36,1000,19898
36,1000,19868
36,1000,19877
36,1000,82847
36,1000,101111
36,1000,24326
36,1000,24407
36,1000,22333
36,1000,21310
36,1000,20308
36,1000,20329
36,1000,21010
36,1000,20528
36,1000,20439
36,1000,20379
36,1000,21401
36,1000,21200
36,1000,20559
36,1000,20930
36,1000,20429
36,1000,20358
36,1000,20860
36,1000,20348
36,1000,20309
36,1000,20810
36,1000,20469
36,1000,20679
36,1000,24877
36,1000,22061
36,1000,22943
36,1000,22412
36,1000,20649
36,1000,20149
36,1000,20189
36,1000,25879
36,1000,20058
36,1000,20038
36,1000,21090
36,1000,24306
36,1000,20970
36,1000,20529
36,1000,21090
36,1000,20459
36,1000,21491
36,1000,20208
36,1000,21040
36,1000,20899
36,1000,20268
36,1000,23866
36,1000,20518
36,1000,20148
36,1000,19877
36,1000,21301
36,1000,20209
36,1000,20689
36,1000,20989
36,1000,20058
36,1000,20028
36,1000,21270
36,1000,23114
36,1000,20799
36,1000,20189
36,1000,22111
36,1000,22653
36,1000,20408
36,1000,19878
36,1000,19988
36,1000,19807
36,1000,20729
36,1000,19938
36,1000,28885
36,1000,92215
36,1000,48532
36,1000,32812
36,1000,23565
36,1000,24386
36,1000,25679
36,1000,25518
36,1000,21721
36,1000,20259
36,1000,20889
36,1000,20529
36,1000,20309
36,1000,20639
36,1000,20429
36,1000,20859
36,1000,20329
36,1000,20329
36,1000,21370
36,1000,19808
36,1000,20048
36,1000,19907
36,1000,19898
36,1000,20218
36,1000,20159
36,1000,20298
36,1000,19708
36,1000,20198
36,1000,19717
36,1000,27262
36,1000,19587
36,1000,19697
36,1000,19997
36,1000,20368
36,1000,19858
36,1000,19757
36,1000,19647
36,1000,19778
36,1000,20558
36,1000,20780
36,1000,19747
36,1000,20048
36,1000,19948
36,1000,20279
36,1000,19827
36,1000,19878
36,1000,19737
36,1000,19998
36,1000,20068
36,1000,19737
36,1000,20910
36,1000,20098
36,1000,19778
36,1000,19857
36,1000,20047
36,1000,19838
36,1000,19767
36,1000,20048
36,1000,22312
36,1000,21420
36,1000,19587
36,1000,21010
36,1000,23504
36,1000,20399
36,1000,19668
36,1000,25618
36,1000,19537
36,1000,20038
36,1000,22102
36,1000,22973
36,1000,80011
36,1000,21130
36,1000,21059
36,1000,22242
36,1000,21791
36,1000,20168
36,1000,19487
36,1000,19637
36,1000,19588
36,1000,19677
36,1000,20168
36,1000,19577
36,1000,19827
36,1000,20198
36,1000,19527
36,1000,20990
36,1000,19798
36,1000,19687
36,1000,19557
36,1000,19598
36,1000,22513
36,1000,20569
36,1000,19598
36,1000,19587
36,1000,19537
36,1000,19637
36,1000,20599
36,1000,19527
36,1000,19697
36,1000,19547
36,1000,19527
36,1000,19928
36,1000,20068
36,1000,19567
36,1000,19587
36,1000,19507
36,1000,19547
36,1000,20308
36,1000,19507
36,1000,19577
36,1000,19567
36,1000,19607
36,1000,19547
36,1000,19527
36,1000,19537
36,1000,19497
36,1000,19477
36,1000,20458
36,1000,19496
36,1000,19507
36,1000,19577
36,1000,19476
36,1000,19668
36,1000,19457
36,1000,23274
36,1000,22322
36,1000,19557
36,1000,19467
36,1000,20499
36,1000,19577
36,1000,19567
36,1000,19537
36,1000,19878
36,1000,19407
36,1000,31690
36,1000,19477
36,1000,19587
36,1000,19507
36,1000,70113
36,1000,52238
36,1000,24076
36,1000,23625
36,1000,23134
36,1000,24236
36,1000,24006
36,1000,26400
36,1000,20429
36,1000,20028
37,1000,52459
37,1000,51197
37,1000,55856
37,1000,50345
37,1000,50896
37,1000,54414
37,1000,51538
37,1000,59673
37,1000,54574
37,1000,50616
37,1000,49354
37,1000,52910
37,1000,50265
37,1000,49563
37,1000,53882
37,1000,50045
37,1000,49665
37,1000,251416
37,1000,77818
37,1000,85613
37,1000,54704
37,1000,50135
37,1000,49704
37,1000,51507
37,1000,49994
37,1000,49654
37,1000,50625
37,1000,50306
37,1000,48732
37,1000,50856
37,1000,49704
37,1000,49274
37,1000,50605
37,1000,49413
37,1000,50716
37,1000,50064
37,1000,86574
37,1000,199658
37,1000,53872
37,1000,52810
37,1000,48342
37,1000,49223
37,1000,50065
37,1000,48822
37,1000,48221
37,1000,49354
37,1000,48562
37,1000,48332
37,1000,49825
37,1000,55064
37,1000,48942
37,1000,49083
37,1000,48221
37,1000,48212
37,1000,49063
37,1000,48542
37,1000,48151
37,1000,221830
37,1000,73018
37,1000,118965
37,1000,120248
37,1000,118454
37,1000,54464
37,1000,50345
37,1000,55084
37,1000,49744
37,1000,50466
37,1000,50415
37,1000,54763
37,1000,50906
37,1000,50877
37,1000,53802
37,1000,50065
37,1000,52729
37,1000,58400
37,1000,50326
37,1000,55515
37,1000,213194
37,1000,76936
37,1000,51848
37,1000,48401
37,1000,49384
37,1000,48071
37,1000,48972
37,1000,48522
37,1000,49564
37,1000,48642
37,1000,53722
37,1000,49574
37,1000,48181
37,1000,54613
37,1000,48893
37,1000,48041
37,1000,48602
37,1000,49063
37,1000,54844
37,1000,49644
37,1000,218003
37,1000,51858
37,1000,56667
37,1000,48512
37,1000,51006
37,1000,49453
37,1000,48001
37,1000,53231
37,1000,48623
37,1000,47661
37,1000,48252
37,1000,48332
37,1000,47560
37,1000,47800
37,1000,48331
37,1000,49574
37,1000,47330
37,1000,47690
37,1000,48662
37,1000,47570
37,1000,185782
37,1000,61487
37,1000,69101
37,1000,60194
37,1000,49994
37,1000,50516
37,1000,54413
37,1000,49964
37,1000,50045
37,1000,53070
37,1000,50446
37,1000,49204
37,1000,53151
37,1000,49854
37,1000,49384
37,1000,49514
37,1000,58902
37,1000,51788
37,1000,49924
37,1000,68870
37,1000,252809
37,1000,76866
37,1000,121660
37,1000,116260
37,1000,121130
37,1000,61386
37,1000,50856
37,1000,50646
37,1000,67768
37,1000,51137
37,1000,50726
37,1000,49664
37,1000,50405
37,1000,51177
37,1000,50886
37,1000,50275
37,1000,51618
37,1000,51027
37,1000,51337
37,1000,52339
37,1000,200610
37,1000,66777
37,1000,59453
37,1000,53671
37,1000,50396
37,1000,54914
37,1000,49374
37,1000,50506
37,1000,54253
37,1000,49674
37,1000,49223
37,1000,53100
37,1000,50166
37,1000,49213
37,1000,52038
37,1000,49734
37,1000,51899
37,1000,54633
37,1000,61677
37,1000,50776
37,1000,197875
37,1000,59793
37,1000,63941
37,1000,57689
37,1000,51037
37,1000,50866
37,1000,55645
37,1000,50015
37,1000,50064
37,1000,55966
37,1000,50345
37,1000,49935
37,1000,59212
37,1000,50656
37,1000,50025
37,1000,53170
37,1000,49965
37,1000,49464
37,1000,53421
37,1000,50946
37,1000,206120
37,1000,55004
37,1000,72848
37,1000,51718
37,1000,54363
37,1000,56547
37,1000,50386
37,1000,50546
37,1000,51087
37,1000,54483
37,1000,49463
37,1000,49143
37,1000,48111
37,1000,48712
37,1000,50425
37,1000,49243
37,1000,48461
37,1000,49533
37,1000,49624
37,1000,48381
37,1000,215318
37,1000,59834
37,1000,60474
37,1000,57519
37,1000,50125
37,1000,50717
37,1000,54693
37,1000,50927
37,1000,50336
37,1000,53682
37,1000,50756
37,1000,49193
37,1000,53612
37,1000,50926
37,1000,53030
37,1000,53482
37,1000,55415
37,1000,49875
37,1000,50836
37,1000,52589
37,1000,201973
37,1000,53812
37,1000,52339
37,1000,50896
37,1000,48823
37,1000,49373
37,1000,49955
37,1000,48482
37,1000,54062
37,1000,48061
37,1000,49553
37,1000,68410
37,1000,48442
37,1000,49264
37,1000,48081
37,1000,47870
37,1000,49053
37,1000,48272
37,1000,48091
37,1000,49544
37,1000,187575
37,1000,51758
37,1000,51467
37,1000,48652
37,1000,49744
37,1000,56157
37,1000,48111
37,1000,49744
37,1000,47911
37,1000,47860
37,1000,49264
37,1000,47951
37,1000,48311
37,1000,48903
37,1000,47841
37,1000,48922
37,1000,49254
37,1000,49694
37,1000,49012
37,1000,47751
37,1000,319004
37,1000,66275
37,1000,76455
37,1000,70654
37,1000,64702
37,1000,72067
37,1000,55936
37,1000,52700
37,1000,55636
37,1000,57209
37,1000,49524
37,1000,51357
37,1000,49944
37,1000,59433
37,1000,50496
37,1000,50525
37,1000,50165
37,1000,51036
37,1000,49484
37,1000,49423
37,1000,193998
37,1000,51688
37,1000,55395
37,1000,48301
37,1000,47921
37,1000,50035
37,1000,49463
37,1000,55034
37,1000,49113
37,1000,48011
37,1000,49364
37,1000,49123
37,1000,48342
37,1000,48342
37,1000,49033
37,1000,47961
37,1000,48241
37,1000,47870
37,1000,49253
37,1000,48903
37,1000,171434
37,1000,55956
37,1000,56386
37,1000,59272
37,1000,111240
37,1000,49654
37,1000,50326
37,1000,50976
37,1000,48332
37,1000,48632
37,1000,50545
37,1000,48432
37,1000,48722
37,1000,48442
37,1000,49523
37,1000,48472
37,1000,48542
37,1000,49113
37,1000,49173
37,1000,47991
37,1000,200510
37,1000,89360
37,1000,76274
37,1000,51718
37,1000,52339
37,1000,51147
37,1000,51628
37,1000,51437
37,1000,55305
37,1000,56227
37,1000,50766
37,1000,67067
37,1000,50987
37,1000,50626
37,1000,54854
37,1000,51558
37,1000,50205
37,1000,60554
37,1000,53662
37,1000,53101
37,1000,198466
37,1000,60885
37,1000,74050
37,1000,55184
37,1000,50446
37,1000,57679
37,1000,55135
37,1000,49904
37,1000,51017
37,1000,53912
37,1000,50325
37,1000,49664
37,1000,54363
37,1000,50455
37,1000,49554
37,1000,52519
37,1000,50436
37,1000,48913
37,1000,52028
37,1000,50336
37,1000,211561
37,1000,52700
37,1000,94629
37,1000,110620
37,1000,89330
37,1000,51167
37,1000,49975
37,1000,50846
37,1000,51297
37,1000,48602
37,1000,49644
37,1000,50165
37,1000,57359
37,1000,55365
37,1000,76655
37,1000,50717
37,1000,56858
37,1000,53140
37,1000,54974
37,1000,50215
37,1000,230787
37,1000,76635
37,1000,59413
37,1000,54122
37,1000,49895
37,1000,55886
37,1000,49463
37,1000,49304
37,1000,50135
37,1000,50205
37,1000,49253
37,1000,49173
37,1000,49474
37,1000,47640
37,1000,48452
37,1000,48532
37,1000,47880
37,1000,50786
37,1000,58090
37,1000,55856
37,1000,242049
37,1000,65825
37,1000,64702
37,1000,51648
37,1000,56076
37,1000,50406
37,1000,49665
37,1000,54784
37,1000,50105
37,1000,49915
37,1000,53932
37,1000,49253
37,1000,49022
37,1000,55685
37,1000,54453
37,1000,49894
37,1000,53652
37,1000,49814
37,1000,49334
37,1000,52729
37,1000,204868
37,1000,55095
37,1000,123203
37,1000,118144
37,1000,92565
37,1000,52549
37,1000,58440
37,1000,53281
37,1000,50306
37,1000,49785
37,1000,50225
37,1000,51257
37,1000,50806
37,1000,49403
37,1000,50726
37,1000,50014
37,1000,49354
37,1000,50886
37,1000,50155
37,1000,50155
37,1000,210349
37,1000,67147
37,1000,66265
37,1000,51177
37,1000,50847
37,1000,54323
37,1000,50296
37,1000,50415
37,1000,54133
37,1000,50746
37,1000,50125
37,1000,50396
37,1000,53932
37,1000,50466
37,1000,49844
37,1000,53792
37,1000,49394
37,1000,56708
37,1000,68761
37,1000,61266
37,1000,204166
37,1000,66015
37,1000,92926
37,1000,50586
37,1000,48763
37,1000,49774
37,1000,49864
37,1000,48211
37,1000,48262
37,1000,49364
37,1000,70093
37,1000,48742
37,1000,49704
37,1000,48983
37,1000,48141
37,1000,50125
37,1000,49594
37,1000,48241
37,1000,49253
37,1000,51587
37,1000,206772
37,1000,59653
37,1000,64623
37,1000,128994
37,1000,122441
37,1000,129486
37,1000,71956
37,1000,70463
37,1000,66365
37,1000,73610
37,1000,50686
37,1000,61056
37,1000,58050
37,1000,55956
37,1000,57960
37,1000,60384
37,1000,54583
37,1000,51136
37,1000,53492
37,1000,49784
37,1000,230376
37,1000,81394
37,1000,122923
37,1000,125348
37,1000,113945
37,1000,51187
37,1000,56016
37,1000,51487
37,1000,50736
37,1000,55295
37,1000,51588
37,1000,51377
37,1000,55876
37,1000,51788
37,1000,50736
37,1000,51488
37,1000,54042
37,1000,51558
37,1000,55666
37,1000,117483
37,1000,139815
37,1000,58501
37,1000,57939
37,1000,51898
37,1000,55054
37,1000,50896
37,1000,50656
37,1000,55455
37,1000,50676
37,1000,49955
37,1000,50966
37,1000,54123
37,1000,56147
37,1000,50074
37,1000,63050
37,1000,49975
37,1000,50015
37,1000,53953
37,1000,67699
37,1000,62548
37,1000,230737
37,1000,64232
37,1000,65724
37,1000,52550
37,1000,50676
37,1000,56447
37,1000,50476
37,1000,50064
37,1000,54663
37,1000,50205
37,1000,50566
37,1000,49844
37,1000,54243
37,1000,49754
37,1000,49263
37,1000,53401
37,1000,50566
37,1000,49924
37,1000,52760
37,1000,50386
37,1000,220097
37,1000,52770
37,1000,52510
37,1000,107102
37,1000,88057
37,1000,50325
37,1000,48762
37,1000,48101
37,1000,49053
37,1000,48552
37,1000,48842
37,1000,49073
37,1000,48522
37,1000,48702
37,1000,51207
37,1000,47851
37,1000,66677
37,1000,49063
37,1000,48612
37,1000,48151
37,1000,156937
37,1000,51116
37,1000,50225
37,1000,48522
37,1000,48241
37,1000,49403
37,1000,48402
37,1000,47770
37,1000,48913
37,1000,52639
37,1000,50886
37,1000,58581
37,1000,48141
37,1000,47941
37,1000,48071
37,1000,49113
37,1000,48291
37,1000,48081
37,1000,56407
37,1000,52329
37,1000,215788
37,1000,74961
37,1000,50936
37,1000,48101
37,1000,51006
37,1000,57659
37,1000,47410
37,1000,48201
37,1000,48321
37,1000,48071
37,1000,48412
37,1000,47229
37,1000,47980
37,1000,47550
37,1000,47059
37,1000,47700
37,1000,47190
37,1000,47129
37,1000,48953
37,1000,51728
37,1000,204317
37,1000,60364
37,1000,56537
37,1000,56016
37,1000,49855
37,1000,49744
37,1000,54012
37,1000,63460
37,1000,50626
37,1000,53732
37,1000,50315
37,1000,49173
37,1000,49654
37,1000,53532
37,1000,52159
37,1000,54363
37,1000,63951
37,1000,50435
37,1000,50666
37,1000,53271
37,1000,284739
37,1000,79481
37,1000,49554
37,1000,50506
37,1000,47791
37,1000,48612
37,1000,50195
37,1000,51378
37,1000,54002
37,1000,48883
37,1000,48873
37,1000,48832
37,1000,48131
37,1000,48822
37,1000,47941
37,1000,47991
37,1000,48792
37,1000,48121
37,1000,48071
37,1000,49234
37,1000,182215
37,1000,54383
37,1000,53822
37,1000,58501
37,1000,49975
37,1000,48151
37,1000,49614
37,1000,49343
37,1000,48001
37,1000,48682
37,1000,48763
37,1000,48051
37,1000,48001
37,1000,48873
37,1000,48211
37,1000,48312
37,1000,48992
37,1000,47941
37,1000,48191
37,1000,54283
37,1000,220868
37,1000,77186
37,1000,119607
37,1000,116681
37,1000,82556
37,1000,51247
37,1000,55596
37,1000,51207
37,1000,51768
37,1000,56928
37,1000,50776
37,1000,57429
37,1000,55405
37,1000,50305
37,1000,50024
37,1000,54583
37,1000,51248
37,1000,50556
37,1000,54393
37,1000,99328
37,1000,242519
37,1000,64412
37,1000,64301
37,1000,70383
37,1000,50646
37,1000,50135
37,1000,50656
37,1000,55145
37,1000,51578
37,1000,50275
37,1000,54853
37,1000,49995
37,1000,48973
37,1000,54333
37,1000,50305
37,1000,50506
37,1000,53361
37,1000,50295
37,1000,58321
37,1000,60054
37,1000,237880
37,1000,51648
37,1000,55104
37,1000,50105
37,1000,49965
37,1000,49694
37,1000,49504
37,1000,49624
37,1000,50596
37,1000,48282
37,1000,48472
37,1000,49464
37,1000,48211
37,1000,54944
37,1000,48783
37,1000,48061
37,1000,48081
37,1000,49093
37,1000,48432
37,1000,50936
37,1000,212062
37,1000,63000
37,1000,58440
37,1000,52950
37,1000,52921
37,1000,55154
37,1000,51658
37,1000,63470
37,1000,50887
37,1000,50575
37,1000,55385
37,1000,50445
37,1000,49874
37,1000,50496
37,1000,55475
37,1000,50626
37,1000,51628
37,1000,53732
37,1000,50506
37,1000,50245
37,1000,214626
37,1000,63770
37,1000,66035
37,1000,49343
37,1000,48301
37,1000,52880
37,1000,49153
37,1000,49093
37,1000,54533
37,1000,49023
37,1000,49103
37,1000,48432
37,1000,53401
37,1000,47991
37,1000,48181
37,1000,51357
37,1000,55154
37,1000,56036
37,1000,54223
37,1000,51948
37,1000,320437
37,1000,57689
37,1000,70674
37,1000,113906
37,1000,114266
37,1000,87766
37,1000,59312
37,1000,51037
37,1000,51608
37,1000,49644
37,1000,49614
37,1000,51979
37,1000,49854
37,1000,49664
37,1000,48963
37,1000,50947
37,1000,49604
37,1000,48733
37,1000,51197
37,1000,49183
37,1000,189148
37,1000,60765
37,1000,49283
37,1000,48041
37,1000,48682
37,1000,48291
37,1000,48251
37,1000,49864
37,1000,46728
37,1000,47089
37,1000,47099
37,1000,48712
37,1000,47079
37,1000,46879
37,1000,48723
37,1000,46738
37,1000,46718
37,1000,53050
37,1000,56908
37,1000,66967
37,1000,220187
37,1000,74992
37,1000,119597
37,1000,114547
37,1000,89750
37,1000,51868
37,1000,52179
37,1000,60564
37,1000,59593
37,1000,61867
37,1000,56106
37,1000,50777
37,1000,52129
37,1000,50155
37,1000,54113
37,1000,51006
37,1000,49885
37,1000,53201
37,1000,49824
37,1000,109427
37,1000,140716
37,1000,58951
37,1000,62308
37,1000,48081
37,1000,49013
37,1000,49123
37,1000,48071
37,1000,49022
37,1000,48843
37,1000,48211
37,1000,48662
37,1000,48863
37,1000,48141
37,1000,48202
37,1000,50575
37,1000,49844
37,1000,49203
37,1000,50465
37,1000,52720
37,1000,58801
37,1000,209467
37,1000,62729
37,1000,54904
37,1000,94889
37,1000,56748
37,1000,48672
37,1000,48762
37,1000,48392
37,1000,47971
37,1000,48632
37,1000,47740
37,1000,48041
37,1000,55806
37,1000,47980
37,1000,47631
37,1000,49093
37,1000,49113
37,1000,48802
37,1000,49123
37,1000,49985
37,1000,224365
37,1000,66396
37,1000,56507
37,1000,50867
37,1000,50295
37,1000,58461
37,1000,56567
37,1000,50045
37,1000,55315
37,1000,51558
37,1000,50726
37,1000,54563
37,1000,51006
37,1000,50015
37,1000,54363
37,1000,50906
37,1000,50676
37,1000,53822
37,1000,58390
37,1000,110580
37,1000,141267
37,1000,61036
37,1000,56497
37,1000,55566
37,1000,50305
37,1000,49754
37,1000,54723
37,1000,50396
37,1000,49784
37,1000,55065
37,1000,51087
37,1000,49274
37,1000,53582
37,1000,49954
37,1000,48962
37,1000,54173
37,1000,62479
37,1000,49373
37,1000,55265
37,1000,51267
37,1000,198276
37,1000,59853
37,1000,62137
37,1000,50666
37,1000,55294
37,1000,50115
37,1000,49173
37,1000,54133
37,1000,49443
37,1000,49734
37,1000,61436
37,1000,50305
37,1000,50125
37,1000,53471
37,1000,50035
37,1000,49153
37,1000,53071
37,1000,49704
37,1000,49644
37,1000,50205
37,1000,248260
37,1000,87806
37,1000,211240
37,1000,117132
37,1000,97154
37,1000,51427
37,1000,51227
37,1000,50736
37,1000,50866
37,1000,50515
37,1000,48231
37,1000,49854
37,1000,49554
37,1000,48482
37,1000,53801
37,1000,60695
37,1000,48952
37,1000,49794
37,1000,49323
37,1000,49654
37,1000,212432
37,1000,64031
37,1000,92395
37,1000,88949
37,1000,52549
37,1000,52129
37,1000,51848
37,1000,60645
37,1000,59633
37,1000,50205
37,1000,54293
37,1000,52279
37,1000,50506
37,1000,50415
37,1000,55074
37,1000,51217
37,1000,50726
37,1000,54313
37,1000,51007
37,1000,104769
37,1000,146547
37,1000,75703
37,1000,65313
38,1000,22573
38,1000,20108
38,1000,20118
38,1000,20038
38,1000,19838
38,1000,20358
38,1000,20058
38,1000,19978
38,1000,20058
38,1000,24556
38,1000,20118
38,1000,20179
38,1000,19917
38,1000,20178
38,1000,19988
38,1000,19958
38,1000,19967
38,1000,20118
38,1000,19998
38,1000,19908
38,1000,24797
38,1000,19917
38,1000,20028
38,1000,20760
38,1000,20119
38,1000,19768
38,1000,19987
38,1000,20008
38,1000,19998
38,1000,20158
38,1000,20158
38,1000,24186
38,1000,20529
38,1000,20038
38,1000,19967
38,1000,19978
38,1000,20128
38,1000,19817
38,1000,19767
38,1000,19808
38,1000,20108
38,1000,19897
38,1000,23515
38,1000,20108
38,1000,19857
38,1000,19968
38,1000,19597
38,1000,20017
38,1000,19878
38,1000,19958
38,1000,19948
38,1000,22192
38,1000,26711
38,1000,21871
38,1000,20529
38,1000,21040
38,1000,20719
38,1000,67197
38,1000,104798
38,1000,20820
38,1000,20308
38,1000,21109
38,1000,20749
38,1000,27442
38,1000,20449
38,1000,21019
38,1000,21721
38,1000,19898
38,1000,19747
38,1000,19647
38,1000,19477
38,1000,19727
38,1000,20218
38,1000,19918
38,1000,19958
38,1000,19668
38,1000,19607
38,1000,19587
38,1000,19677
38,1000,19627
38,1000,19577
38,1000,20779
38,1000,19387
38,1000,19216
38,1000,19126
38,1000,19226
38,1000,19206
38,1000,19196
38,1000,19336
38,1000,19086
38,1000,19106
38,1000,19077
38,1000,20639
38,1000,19086
38,1000,19096
38,1000,19377
38,1000,19096
38,1000,19086
38,1000,19146
38,1000,19076
38,1000,22313
38,1000,21300
38,1000,19366
38,1000,20449
38,1000,19357
38,1000,19407
38,1000,19246
38,1000,19447
38,1000,19326
38,1000,19287
38,1000,19347
38,1000,19346
38,1000,19197
38,1000,20599
38,1000,19277
38,1000,19327
38,1000,19286
38,1000,19316
38,1000,19327
38,1000,19366
38,1000,19537
38,1000,19236
38,1000,19467
38,1000,19437
38,1000,20700
38,1000,19808
38,1000,145395
38,1000,21331
38,1000,20298
38,1000,21872
38,1000,20238
38,1000,19958
38,1000,20218
38,1000,25989
38,1000,20509
38,1000,23264
38,1000,27933
38,1000,36609
38,1000,32972
38,1000,20218
38,1000,20098
38,1000,20068
38,1000,20048
38,1000,20159
38,1000,20139
38,1000,19998
38,1000,20539
38,1000,20048
38,1000,20078
38,1000,21120
38,1000,19617
38,1000,19628
38,1000,19637
38,1000,19587
38,1000,19877
38,1000,19587
38,1000,19537
38,1000,19457
38,1000,19577
38,1000,20939
38,1000,19557
38,1000,19557
38,1000,19627
38,1000,19577
38,1000,19577
38,1000,20018
38,1000,19497
38,1000,19648
38,1000,42500
38,1000,19717
38,1000,20960
38,1000,19497
38,1000,19617
38,1000,19537
38,1000,19617
38,1000,19778
38,1000,19507
38,1000,19567
38,1000,19367
38,1000,19517
38,1000,19526
38,1000,20630
38,1000,19557
38,1000,19507
38,1000,19588
38,1000,19807
38,1000,19497
38,1000,19577
38,1000,19617
38,1000,19497
38,1000,19607
38,1000,19507
38,1000,20589
38,1000,65955
38,1000,108856
38,1000,25839
38,1000,25488
38,1000,27141
38,1000,52900
38,1000,37271
38,1000,33954
38,1000,39716
38,1000,33253
38,1000,36950
38,1000,26991
38,1000,19257
38,1000,19386
38,1000,19146
38,1000,19046
38,1000,19026
38,1000,19126
38,1000,19407
38,1000,19077
38,1000,19277
38,1000,19287
38,1000,19126
38,1000,19367
38,1000,19227
38,1000,20088
38,1000,19026
38,1000,19227
38,1000,19117
38,1000,19016
38,1000,18785
38,1000,19066
38,1000,19016
38,1000,18976
38,1000,18996
38,1000,19527
38,1000,19877
38,1000,19417
38,1000,19036
38,1000,22513
38,1000,22393
38,1000,19567
38,1000,19567
38,1000,19577
38,1000,19577
38,1000,19517
38,1000,20429
38,1000,19828
38,1000,19496
38,1000,19557
38,1000,19557
38,1000,19406
38,1000,19517
38,1000,19527
38,1000,19587
38,1000,19477
38,1000,19487
38,1000,20428
38,1000,19708
38,1000,19476
38,1000,19557
38,1000,19487
38,1000,19477
38,1000,19467
38,1000,19607
38,1000,19486
38,1000,19607
38,1000,20359
38,1000,64011
38,1000,93728
38,1000,27742
38,1000,24917
38,1000,22954
38,1000,20499
38,1000,21381
38,1000,20358
38,1000,20829
38,1000,20568
38,1000,21030
38,1000,21281
38,1000,22332
38,1000,20870
38,1000,20538
38,1000,20739
38,1000,20589
38,1000,20539
38,1000,21120
38,1000,25509
38,1000,25578
38,1000,26561
38,1000,22442
38,1000,25158
38,1000,19887
38,1000,20279
38,1000,21120
38,1000,19928
38,1000,20007
38,1000,21161
38,1000,20168
38,1000,20168
38,1000,20218
38,1000,20208
38,1000,24306
38,1000,20268
38,1000,22562
38,1000,20018
38,1000,21020
38,1000,20809
38,1000,20178
38,1000,20569
38,1000,20048
38,1000,19977
38,1000,20289
38,1000,24176
38,1000,20108
38,1000,20098
38,1000,21120
38,1000,19958
38,1000,20048
38,1000,20208
38,1000,20449
38,1000,20118
38,1000,20208
38,1000,20208
38,1000,24326
38,1000,19928
38,1000,20288
38,1000,19897
38,1000,20429
38,1000,20368
38,1000,20068
38,1000,20088
38,1000,19988
38,1000,20619
38,1000,22663
38,1000,19848
38,1000,20789
38,1000,183207
38,1000,24406
38,1000,24657
38,1000,35347
38,1000,34936
38,1000,22182
38,1000,20779
38,1000,21631
38,1000,21371
38,1000,21120
38,1000,25388
38,1000,20328
38,1000,21271
38,1000,20498
38,1000,20219
38,1000,20499
38,1000,20399
38,1000,21100
38,1000,20248
38,1000,20869
38,1000,21010
38,1000,24527
38,1000,20269
38,1000,21090
38,1000,20168
38,1000,20369
38,1000,20198
38,1000,20990
38,1000,20349
38,1000,20489
38,1000,20879
38,1000,24867
38,1000,20018
38,1000,20148
38,1000,20098
38,1000,20399
38,1000,20168
38,1000,20118
38,1000,20068
38,1000,20268
38,1000,20239
38,1000,20539
38,1000,23335
38,1000,20269
38,1000,19937
38,1000,20299
38,1000,19827
38,1000,19998
38,1000,19948
38,1000,20109
38,1000,20760
38,1000,20068
38,1000,20369
38,1000,24146
38,1000,20699
38,1000,20178
38,1000,20128
38,1000,20860
38,1000,20198
38,1000,20589
38,1000,19927
38,1000,26380
38,1000,26430
38,1000,20890
38,1000,20850
38,1000,19908
38,1000,28835
38,1000,111391
38,1000,47981
38,1000,78389
38,1000,20509
38,1000,19888
38,1000,19908
38,1000,35928
38,1000,37652
38,1000,40948
38,1000,37521
38,1000,41269
38,1000,38743
38,1000,36819
38,1000,39785
38,1000,36559
38,1000,39705
38,1000,19637
38,1000,19167
38,1000,19116
38,1000,19227
38,1000,19066
38,1000,19547
38,1000,28003
38,1000,19287
38,1000,18835
38,1000,20679
38,1000,22242
38,1000,21080
38,1000,19828
38,1000,19648
38,1000,19797
38,1000,19798
38,1000,19557
38,1000,20770
38,1000,19547
38,1000,19577
38,1000,19527
38,1000,19527
38,1000,19747
38,1000,19537
38,1000,19577
38,1000,19607
38,1000,19958
38,1000,20699
38,1000,19537
38,1000,19366
38,1000,19587
38,1000,19507
38,1000,19607
38,1000,19497
38,1000,19667
38,1000,19547
38,1000,19748
38,1000,19567
38,1000,20559
38,1000,19587
38,1000,19597
38,1000,19507
38,1000,19547
38,1000,19557
38,1000,22001
38,1000,21430
38,1000,19668
38,1000,19527
38,1000,19587
38,1000,20790
38,1000,19466
38,1000,19497
38,1000,19567
38,1000,71355
38,1000,30829
38,1000,68670
38,1000,23565
38,1000,23495
38,1000,22603
38,1000,22863
38,1000,24296
38,1000,25598
38,1000,20138
38,1000,20088
38,1000,20008
38,1000,25007
38,1000,21090
38,1000,21200
38,1000,20950
38,1000,20088
38,1000,20249
38,1000,20148
38,1000,20118
38,1000,20148
38,1000,20108
38,1000,28053
38,1000,25198
38,1000,19918
38,1000,20038
38,1000,20018
38,1000,20128
38,1000,19978
38,1000,20178
38,1000,20138
38,1000,19958
38,1000,20188
38,1000,24296
38,1000,20118
38,1000,20159
38,1000,20088
38,1000,20088
38,1000,19788
38,1000,19997
38,1000,20018
38,1000,20098
38,1000,19848
38,1000,20268
38,1000,23705
38,1000,20108
38,1000,20038
38,1000,20028
38,1000,20368
38,1000,19938
38,1000,19777
38,1000,20148
38,1000,19948
38,1000,20268
38,1000,19988
38,1000,23675
38,1000,20038
38,1000,20098
38,1000,26481
38,1000,20118
38,1000,22343
38,1000,25378
38,1000,19196
38,1000,19296
38,1000,19246
38,1000,19246
38,1000,21901
38,1000,19988
38,1000,75313
38,1000,99167
38,1000,24035
38,1000,24326
38,1000,24897
38,1000,48031
38,1000,35467
38,1000,39846
38,1000,37942
38,1000,37320
38,1000,41508
38,1000,37762
38,1000,41759
38,1000,42831
38,1000,38824
38,1000,27873
38,1000,20909
38,1000,20539
38,1000,20529
38,1000,20259
38,1000,20589
38,1000,20448
38,1000,20650
38,1000,20959
38,1000,20699
38,1000,20820
38,1000,24877
38,1000,21050
38,1000,20689
38,1000,20559
38,1000,20368
38,1000,20479
38,1000,20078
38,1000,20599
38,1000,21441
38,1000,20549
38,1000,20640
38,1000,24646
38,1000,20539
38,1000,20098
38,1000,19998
38,1000,20198
38,1000,20900
38,1000,20358
38,1000,20299
38,1000,20088
38,1000,20268
38,1000,24346
38,1000,29055
38,1000,20459
38,1000,22273
38,1000,19678
38,1000,19968
38,1000,19777
38,1000,19487
38,1000,19537
38,1000,19497
38,1000,20639
38,1000,23023
38,1000,19617
38,1000,19637
38,1000,19477
38,1000,19567
38,1000,19918
38,1000,19597
38,1000,20108
38,1000,20829
38,1000,19367
38,1000,79010
38,1000,140997
38,1000,28153
38,1000,27733
38,1000,29345
38,1000,37361
38,1000,44384
38,1000,51417
38,1000,42109
38,1000,40727
38,1000,36760
38,1000,24226
38,1000,21050
38,1000,21351
38,1000,20689
38,1000,20970
38,1000,20629
38,1000,20509
38,1000,22473
38,1000,21049
38,1000,21661
38,1000,20829
38,1000,21631
38,1000,20479
38,1000,25258
38,1000,20399
38,1000,20348
38,1000,21651
38,1000,20239
38,1000,20038
38,1000,20750
38,1000,20178
38,1000,20028
38,1000,20489
38,1000,20308
38,1000,24917
38,1000,20268
38,1000,20880
38,1000,20970
38,1000,26340
38,1000,36429
38,1000,22152
38,1000,20539
38,1000,20208
38,1000,20208
38,1000,19967
38,1000,22834
38,1000,20369
38,1000,19948
38,1000,20128
38,1000,19858
38,1000,19697
38,1000,19668
38,1000,19697
38,1000,20669
38,1000,19708
38,1000,19787
38,1000,21691
38,1000,20478
38,1000,19346
38,1000,20699
38,1000,19487
38,1000,20169
38,1000,19767
38,1000,23744
38,1000,24165
38,1000,20750
38,1000,22803
38,1000,20499
38,1000,88477
38,1000,56708
38,1000,24156
38,1000,23485
38,1000,24587
38,1000,23324
38,1000,20349
38,1000,20579
38,1000,21080
38,1000,20308
38,1000,20199
38,1000,25158
38,1000,20990
38,1000,20629
38,1000,19938
38,1000,20138
38,1000,20278
38,1000,20088
38,1000,20699
38,1000,19948
38,1000,20289
38,1000,20269
38,1000,24006
38,1000,20428
38,1000,20369
38,1000,20058
38,1000,20108
38,1000,20128
38,1000,20058
38,1000,20389
38,1000,20439
38,1000,20088
38,1000,24396
38,1000,19918
38,1000,21050
38,1000,19998
38,1000,26921
38,1000,19987
38,1000,19948
38,1000,20148
38,1000,19988
38,1000,20649
38,1000,20078
38,1000,23605
38,1000,20559
38,1000,20088
38,1000,19998
38,1000,20229
38,1000,20799
38,1000,20058
38,1000,20078
38,1000,20970
38,1000,20178
38,1000,20900
38,1000,23695
38,1000,21250
38,1000,19918
38,1000,20298
38,1000,21731
38,1000,20018
38,1000,20148
38,1000,20289
38,1000,20909
38,1000,19917
38,1000,20369
38,1000,29325
38,1000,32031
38,1000,37581
38,1000,97144
38,1000,87285
38,1000,23704
38,1000,23985
38,1000,22863
38,1000,23304
38,1000,37802
38,1000,38182
38,1000,43011
38,1000,37791
38,1000,37150
38,1000,42169
38,1000,39946
38,1000,37641
38,1000,42280
38,1000,37912
38,1000,31600
38,1000,21010
38,1000,20338
38,1000,20028
38,1000,20238
38,1000,19978
38,1000,19988
38,1000,24937
38,1000,20399
38,1000,20008
38,1000,20158
38,1000,20369
38,1000,20058
38,1000,20148
38,1000,20178
38,1000,20078
38,1000,20399
38,1000,19827
38,1000,23614
38,1000,20068
38,1000,20138
38,1000,20139
38,1000,19837
38,1000,19798
38,1000,20148
38,1000,19847
38,1000,20790
38,1000,20218
38,1000,23414
38,1000,20249
38,1000,20028
38,1000,20098
38,1000,20018
38,1000,19928
38,1000,19988
38,1000,21200
38,1000,22844
38,1000,19808
38,1000,19717
38,1000,22302
38,1000,20038
38,1000,20058
38,1000,20579
38,1000,20068
38,1000,19998
38,1000,20008
38,1000,21020
38,1000,21611
38,1000,22382
38,1000,20168
38,1000,21521
38,1000,20218
38,1000,72728
38,1000,53902
38,1000,21872
38,1000,20629
38,1000,20920
38,1000,32552
38,1000,20038
38,1000,20258
38,1000,20169
38,1000,20038
38,1000,19798
38,1000,19977
38,1000,20179
38,1000,20198
38,1000,20008
38,1000,20068
38,1000,20068
38,1000,19888
38,1000,19868
38,1000,20088
38,1000,20139
38,1000,20378
38,1000,20208
38,1000,20128
38,1000,26531
38,1000,20148
38,1000,21331
38,1000,19667
38,1000,19577
38,1000,20068
38,1000,19607
38,1000,19457
38,1000,19938
38,1000,19517
38,1000,19597
38,1000,19577
38,1000,19618
38,1000,20950
38,1000,19607
38,1000,19617
38,1000,19587
38,1000,19567
38,1000,19768
38,1000,19537
38,1000,19547
38,1000,19537
38,1000,19857
38,1000,21131
38,1000,19527
38,1000,19506
38,1000,19587
38,1000,19547
38,1000,19708
38,1000,19637
38,1000,19557
38,1000,19466
38,1000,19848
38,1000,19487
38,1000,20629
38,1000,22012
38,1000,22432
38,1000,28424
38,1000,20779
38,1000,19787
38,1000,19668
38,1000,19837
38,1000,19807
38,1000,20028
38,1000,19587
38,1000,90341
38,1000,21310
38,1000,21100
38,1000,20429
38,1000,21571
38,1000,20169
38,1000,20408
38,1000,20218
38,1000,20109
38,1000,20169
38,1000,20289
38,1000,21651
38,1000,23645
38,1000,23334
38,1000,22493
38,1000,20779
38,1000,19557
38,1000,19527
38,1000,19627
38,1000,19557
38,1000,19758
38,1000,21070
38,1000,19497
38,1000,19527
38,1000,19577
38,1000,25638
38,1000,19547
38,1000,19547
38,1000,19346
38,1000,19497
38,1000,20268
38,1000,19587
38,1000,20469
38,1000,19487
38,1000,19557
38,1000,19517
38,1000,19577
38,1000,19597
38,1000,19567
38,1000,19557
38,1000,19757
38,1000,19537
38,1000,19517
38,1000,20599
38,1000,19567
38,1000,19597
38,1000,19557
38,1000,20148
38,1000,19507
38,1000,19347
38,1000,19527
38,1000,19627
38,1000,19507
38,1000,19527
38,1000,20319
38,1000,19587
38,1000,19517
38,1000,19537
38,1000,19477
38,1000,19567
38,1000,19587
38,1000,19637
38,1000,25248
38,1000,19657
38,1000,20950
38,1000,19878
38,1000,19627
38,1000,20078
38,1000,73289
38,1000,39475
38,1000,24887
38,1000,23715
38,1000,24025
38,1000,22934
38,1000,24727
38,1000,22192
38,1000,21200
38,1000,19928
38,1000,20328
38,1000,20068
38,1000,20058
38,1000,19908
38,1000,20168
38,1000,19908
38,1000,20919
38,1000,20299
38,1000,20018
38,1000,20378
38,1000,21050
38,1000,20118
38,1000,20379
38,1000,20028
38,1000,20378
38,1000,20108
38,1000,27923
38,1000,20028
38,1000,24276
38,1000,19717
38,1000,20068
38,1000,20038
38,1000,20118
38,1000,19818
38,1000,20639
38,1000,20679
38,1000,20068
38,1000,20338
38,1000,19968
38,1000,23545
38,1000,20549
38,1000,19948
38,1000,19817
38,1000,20018
38,1000,19948
38,1000,19727
38,1000,20118
38,1000,19737
38,1000,20168
38,1000,23144
38,1000,20008
38,1000,19867
38,1000,19808
38,1000,20037
38,1000,20098
38,1000,19947
39,1000,19928
39,1000,20068
39,1000,19978
39,1000,20008
39,1000,23124
39,1000,19647
39,1000,26169
39,1000,20418
39,1000,22553
39,1000,20599
39,1000,20008
39,1000,20038
39,1000,69021
39,1000,43402
39,1000,24797
39,1000,22753
39,1000,23073
39,1000,22823
39,1000,23855
39,1000,22222
39,1000,26320
39,1000,20108
39,1000,20289
39,1000,20058
39,1000,20128
39,1000,20058
39,1000,20068
39,1000,20449
39,1000,20799
39,1000,20139
39,1000,24727
39,1000,20289
39,1000,20128
39,1000,20499
39,1000,20279
39,1000,20479
39,1000,20198
39,1000,27212
39,1000,20118
39,1000,20068
39,1000,19918
39,1000,24637
39,1000,20008
39,1000,20109
39,1000,19878
39,1000,20549
39,1000,20559
39,1000,20108
39,1000,19927
39,1000,20229
39,1000,19998
39,1000,20138
39,1000,23545
39,1000,19867
39,1000,20108
39,1000,20158
39,1000,19818
39,1000,19677
39,1000,19787
39,1000,20138
39,1000,19928
39,1000,19898
39,1000,20388
39,1000,23575
39,1000,19827
39,1000,19858
39,1000,20349
39,1000,20890
39,1000,20319
39,1000,19757
39,1000,20008
39,1000,20478
39,1000,20159
39,1000,23093
39,1000,20248
39,1000,20459
39,1000,20008
39,1000,21811
39,1000,19437
39,1000,19788
39,1000,24296
39,1000,76075
39,1000,85111
39,1000,19988
39,1000,20078
39,1000,20990
39,1000,20218
39,1000,20730
39,1000,19647
39,1000,19207
39,1000,19106
39,1000,19236
39,1000,19016
39,1000,19347
39,1000,18996
39,1000,19517
39,1000,19176
39,1000,19076
39,1000,20448
39,1000,19026
39,1000,18986
39,1000,19737
39,1000,19026
39,1000,18856
39,1000,18986
39,1000,18966
39,1000,26009
39,1000,18966
39,1000,19026
39,1000,20148
39,1000,22653
39,1000,22051
39,1000,19978
39,1000,19557
39,1000,19517
39,1000,19557
39,1000,19547
39,1000,19547
39,1000,19547
39,1000,19567
39,1000,20659
39,1000,19547
39,1000,19677
39,1000,19567
39,1000,19356
39,1000,19517
39,1000,19497
39,1000,19527
39,1000,19567
39,1000,20048
39,1000,21461
39,1000,19998
39,1000,19928
39,1000,20058
39,1000,19938
39,1000,19968
39,1000,19968
39,1000,19888
39,1000,20309
39,1000,19497
39,1000,19537
39,1000,21391
39,1000,20008
39,1000,20258
39,1000,19837
39,1000,19847
39,1000,20319
39,1000,21280
39,1000,19457
39,1000,66726
39,1000,87075
39,1000,23986
39,1000,23434
39,1000,43553
39,1000,36269
39,1000,37210
39,1000,40446
39,1000,37130
39,1000,40096
39,1000,36228
39,1000,37361
39,1000,40857
39,1000,29676
39,1000,20158
39,1000,20438
39,1000,20299
39,1000,19998
39,1000,20178
39,1000,35667
39,1000,22182
39,1000,21611
39,1000,20509
39,1000,20108
39,1000,21090
39,1000,24406
39,1000,19827
39,1000,20840
39,1000,19817
39,1000,20129
39,1000,20679
39,1000,20018
39,1000,20379
39,1000,20007
39,1000,20027
39,1000,24817
39,1000,20889
39,1000,20308
39,1000,19918
39,1000,21090
39,1000,20489
39,1000,19507
39,1000,20819
39,1000,19987
39,1000,19758
39,1000,20970
39,1000,24346
39,1000,22573
39,1000,20409
39,1000,20198
39,1000,20018
39,1000,19697
39,1000,19998
39,1000,19848
39,1000,19877
39,1000,28273
39,1000,19737
39,1000,23274
39,1000,22242
39,1000,19417
39,1000,19246
39,1000,19888
39,1000,19647
39,1000,19627
39,1000,20058
39,1000,19597
39,1000,19246
39,1000,19607
39,1000,80172
39,1000,73328
39,1000,20419
39,1000,20569
39,1000,19918
39,1000,20799
39,1000,26851
39,1000,19798
39,1000,19567
39,1000,19346
39,1000,20048
39,1000,19888
39,1000,19507
39,1000,19357
39,1000,20209
39,1000,19467
39,1000,19607
39,1000,19436
39,1000,31931
39,1000,23264
39,1000,20008
39,1000,19858
39,1000,20068
39,1000,19788
39,1000,19948
39,1000,19998
39,1000,20108
39,1000,21020
39,1000,19557
39,1000,19517
39,1000,19597
39,1000,19547
39,1000,20007
39,1000,19547
39,1000,19537
39,1000,19597
39,1000,19547
39,1000,19517
39,1000,20679
39,1000,19356
39,1000,19617
39,1000,19577
39,1000,19557
39,1000,19727
39,1000,19507
39,1000,19657
39,1000,19507
39,1000,19657
39,1000,20649
39,1000,19617
39,1000,19577
39,1000,20068
39,1000,19517
39,1000,19677
39,1000,19547
39,1000,19537
39,1000,19537
39,1000,19568
39,1000,19497
39,1000,23063
39,1000,19116
39,1000,19517
39,1000,19397
39,1000,22392
39,1000,20329
39,1000,19678
39,1000,19026
39,1000,19096
39,1000,19396
39,1000,137410
39,1000,20218
39,1000,19867
39,1000,23244
39,1000,20459
39,1000,20759
39,1000,19688
39,1000,19376
39,1000,20088
39,1000,19346
39,1000,23495
39,1000,23014
39,1000,19517
39,1000,19738
39,1000,18996
39,1000,18916
39,1000,19106
39,1000,18985
39,1000,19336
39,1000,22433
39,1000,22082
39,1000,20058
39,1000,20409
39,1000,19437
39,1000,19667
39,1000,19507
39,1000,19918
39,1000,19417
39,1000,19366
39,1000,19517
39,1000,19397
39,1000,19437
39,1000,19918
39,1000,20429
39,1000,19397
39,1000,19427
39,1000,19257
39,1000,19547
39,1000,19457
39,1000,19497
39,1000,19537
39,1000,19406
39,1000,19597
39,1000,20338
39,1000,19467
39,1000,19376
39,1000,19477
39,1000,19387
39,1000,19417
39,1000,19447
39,1000,19347
39,1000,19376
39,1000,19657
39,1000,19407
39,1000,20258
39,1000,19436
39,1000,24616
39,1000,22042
39,1000,22804
39,1000,20028
39,1000,19537
39,1000,19477
39,1000,19577
39,1000,19637
39,1000,19467
39,1000,20389
39,1000,19507
39,1000,63481
39,1000,111150
39,1000,20769
39,1000,20709
39,1000,37731
39,1000,37181
39,1000,41509
39,1000,38022
39,1000,42842
39,1000,38243
39,1000,35498
39,1000,20559
39,1000,20189
39,1000,20529
39,1000,20309
39,1000,20980
39,1000,21310
39,1000,20268
39,1000,20178
39,1000,20759
39,1000,20078
39,1000,20148
39,1000,20068
39,1000,20148
39,1000,20068
39,1000,20760
39,1000,19687
39,1000,20298
39,1000,19627
39,1000,19557
39,1000,19507
39,1000,19567
39,1000,19497
39,1000,19657
39,1000,19627
39,1000,20268
39,1000,19496
39,1000,22092
39,1000,19567
39,1000,19526
39,1000,19517
39,1000,19577
39,1000,19516
39,1000,19547
39,1000,19497
39,1000,19627
39,1000,20489
39,1000,21580
39,1000,22923
39,1000,23124
39,1000,20319
39,1000,19537
39,1000,24175
39,1000,19507
39,1000,19557
39,1000,20218
39,1000,19277
39,1000,19928
39,1000,19446
39,1000,19047
39,1000,19577
39,1000,18966
39,1000,19067
39,1000,19037
39,1000,18986
39,1000,19086
39,1000,18996
39,1000,19066
39,1000,57398
39,1000,117552
39,1000,22112
39,1000,23474
39,1000,24907
39,1000,26771
39,1000,23795
39,1000,20418
39,1000,19527
39,1000,20609
39,1000,32712
39,1000,19627
39,1000,19517
39,1000,20148
39,1000,19507
39,1000,28164
39,1000,22243
39,1000,20078
39,1000,20709
39,1000,20168
39,1000,20559
39,1000,20448
39,1000,20559
39,1000,20218
39,1000,20118
39,1000,20148
39,1000,24617
39,1000,19998
39,1000,19978
39,1000,20208
39,1000,20168
39,1000,20259
39,1000,20148
39,1000,19618
39,1000,20138
39,1000,19978
39,1000,24827
39,1000,20088
39,1000,20008
39,1000,20108
39,1000,20278
39,1000,19808
39,1000,20038
39,1000,20139
39,1000,21721
39,1000,23635
39,1000,21851
39,1000,22803
39,1000,20239
39,1000,19908
39,1000,30648
39,1000,22553
39,1000,19688
39,1000,19848
39,1000,19727
39,1000,19897
39,1000,19947
39,1000,19797
39,1000,22994
39,1000,20178
39,1000,20008
39,1000,19998
39,1000,20118
39,1000,19818
39,1000,19988
39,1000,20068
39,1000,20549
39,1000,22914
39,1000,22413
39,1000,92605
39,1000,50987
39,1000,24236
39,1000,23985
39,1000,23414
39,1000,24196
39,1000,23445
39,1000,20599
39,1000,20509
39,1000,20158
39,1000,20338
39,1000,20269
39,1000,25899
39,1000,24176
39,1000,20569
39,1000,20339
39,1000,20208
39,1000,20408
39,1000,20348
39,1000,20319
39,1000,20269
39,1000,20368
39,1000,20469
39,1000,20158
39,1000,20339
39,1000,20228
39,1000,20228
39,1000,24627
39,1000,20519
39,1000,20369
39,1000,19918
39,1000,20759
39,1000,20238
39,1000,19938
39,1000,20018
39,1000,20158
39,1000,20179
39,1000,20138
39,1000,23845
39,1000,20118
39,1000,20189
39,1000,20739
39,1000,20669
39,1000,20128
39,1000,20238
39,1000,19887
39,1000,20038
39,1000,20018
39,1000,19918
39,1000,31560
39,1000,22572
39,1000,21110
39,1000,20238
39,1000,20168
39,1000,20078
39,1000,20068
39,1000,20078
39,1000,20068
39,1000,20358
39,1000,23415
39,1000,20479
39,1000,20419
39,1000,20509
39,1000,20008
39,1000,19958
39,1000,20018
39,1000,20018
39,1000,20508
39,1000,76064
39,1000,78478
39,1000,20249
39,1000,20389
39,1000,22312
39,1000,26700
39,1000,19768
39,1000,19497
39,1000,19597
39,1000,19597
39,1000,19617
39,1000,19647
39,1000,19547
39,1000,22572
39,1000,20890
39,1000,19637
39,1000,20448
39,1000,19607
39,1000,19637
39,1000,19788
39,1000,19547
39,1000,22363
39,1000,20179
39,1000,19487
39,1000,19567
39,1000,19577
39,1000,19517
39,1000,20368
39,1000,19337
39,1000,19567
39,1000,19587
39,1000,19928
39,1000,19507
39,1000,20048
39,1000,19517
39,1000,19567
39,1000,19527
39,1000,19517
39,1000,20458
39,1000,19537
39,1000,19607
39,1000,19737
39,1000,19607
39,1000,19687
39,1000,19507
39,1000,19527
39,1000,19497
39,1000,19617
39,1000,20600
39,1000,19507
39,1000,29576
39,1000,19467
39,1000,19637
39,1000,19777
39,1000,19507
39,1000,19537
39,1000,19477
39,1000,19507
39,1000,19798
39,1000,20649
39,1000,19857
39,1000,19968
39,1000,19938
39,1000,19918
39,1000,19818
39,1000,19877
39,1000,19827
39,1000,19968
39,1000,62288
39,1000,87065
39,1000,25678
39,1000,25839
39,1000,25027
39,1000,20179
39,1000,20319
39,1000,20439
39,1000,20389
39,1000,20499
39,1000,20419
39,1000,20760
39,1000,20258
39,1000,32011
39,1000,22512
39,1000,20239
39,1000,19978
39,1000,20098
39,1000,20058
39,1000,20789
39,1000,19937
39,1000,20138
39,1000,20068
39,1000,19947
39,1000,19978
39,1000,20819
39,1000,19326
39,1000,19707
39,1000,19597
39,1000,19477
39,1000,19547
39,1000,19487
39,1000,19507
39,1000,19547
39,1000,19497
39,1000,20379
39,1000,19537
39,1000,19938
39,1000,19597
39,1000,19497
39,1000,19517
39,1000,19788
39,1000,19487
39,1000,19517
39,1000,19557
39,1000,19608
39,1000,20579
39,1000,19437
39,1000,19728
39,1000,19507
39,1000,27442
39,1000,19477
39,1000,19447
39,1000,19778
39,1000,21130
39,1000,18916
39,1000,18996
39,1000,19907
39,1000,19036
39,1000,18966
39,1000,18956
39,1000,18916
39,1000,18996
39,1000,18885
39,1000,18886
39,1000,19587
39,1000,18966
39,1000,18955
39,1000,20068
39,1000,71806
39,1000,23926
39,1000,21580
39,1000,22573
39,1000,21992
39,1000,23484
39,1000,27843
39,1000,19747
39,1000,19697
39,1000,19717
39,1000,19527
39,1000,19567
39,1000,19537
39,1000,20730
39,1000,19677
39,1000,19798
39,1000,23444
39,1000,26260
39,1000,20038
39,1000,20148
39,1000,19897
39,1000,20118
39,1000,20519
39,1000,19878
39,1000,19828
39,1000,20248
39,1000,19808
39,1000,23645
39,1000,19998
39,1000,19878
39,1000,19918
39,1000,20038
39,1000,20228
39,1000,20018
39,1000,20288
39,1000,19788
39,1000,19928
39,1000,20028
39,1000,23755
39,1000,20008
39,1000,20058
39,1000,20058
39,1000,20048
39,1000,19998
39,1000,19687
39,1000,20118
39,1000,19837
39,1000,20028
39,1000,20018
39,1000,23504
39,1000,19828
39,1000,28524
39,1000,20148
39,1000,19728
39,1000,20158
39,1000,20990
39,1000,19417
39,1000,19166
39,1000,19457
39,1000,19427
39,1000,21952
39,1000,19517
39,1000,19337
39,1000,20639
39,1000,19066
39,1000,19016
39,1000,19356
39,1000,19327
39,1000,73790
39,1000,84790
39,1000,19808
39,1000,20108
39,1000,19878
39,1000,20058
39,1000,21261
39,1000,19146
39,1000,19176
39,1000,19146
39,1000,18946
39,1000,19137
39,1000,19167
39,1000,19276
39,1000,19257
39,1000,19127
39,1000,28994
39,1000,22323
39,1000,22853
39,1000,19737
39,1000,19486
39,1000,19346
39,1000,19887
39,1000,19597
39,1000,19527
39,1000,19497
39,1000,19688
39,1000,20409
39,1000,19577
39,1000,19537
39,1000,19597
39,1000,19888
39,1000,19978
39,1000,19547
39,1000,19557
39,1000,19567
39,1000,19587
39,1000,19567
39,1000,20349
39,1000,19627
39,1000,19578
39,1000,19537
39,1000,19597
39,1000,19598
39,1000,19527
39,1000,19507
39,1000,19577
39,1000,19787
39,1000,19517
39,1000,20919
39,1000,19517
39,1000,19477
39,1000,19507
39,1000,19628
39,1000,19607
39,1000,19477
39,1000,19497
39,1000,19457
39,1000,21732
39,1000,20129
39,1000,19006
39,1000,18996
39,1000,19076
39,1000,18866
39,1000,18946
39,1000,18905
39,1000,19046
39,1000,18906
39,1000,55014
39,1000,100070
39,1000,22162
39,1000,22243
39,1000,22613
39,1000,22863
39,1000,22824
39,1000,27823
39,1000,20148
39,1000,19818
39,1000,19888
39,1000,19777
39,1000,19517
39,1000,19537
39,1000,19507
39,1000,20058
39,1000,19477
39,1000,19907
39,1000,33824
39,1000,22813
39,1000,23174
39,1000,20108
39,1000,20108
39,1000,20469
39,1000,19868
39,1000,20389
39,1000,19958
39,1000,20068
39,1000,24216
39,1000,20118
39,1000,20148
39,1000,20018
39,1000,20018
39,1000,20529
39,1000,20369
39,1000,20409
39,1000,20018
39,1000,20399
39,1000,20188
39,1000,23975
39,1000,19928
39,1000,19938
39,1000,20058
39,1000,19998
39,1000,19948
39,1000,19928
39,1000,19958
39,1000,20248
39,1000,20098
39,1000,20048
39,1000,23876
39,1000,20168
39,1000,20119
39,1000,20298
39,1000,27913
39,1000,21010
39,1000,20950
39,1000,20449
39,1000,20148
39,1000,20198
39,1000,19677
39,1000,22853
39,1000,19928
39,1000,20339
39,1000,19908
39,1000,19878
39,1000,19727
39,1000,19858
39,1000,20168
39,1000,77036
39,1000,93958
39,1000,20018
39,1000,20719
39,1000,21601
39,1000,21811
39,1000,19627
39,1000,19637
39,1000,19587
39,1000,19387
39,1000,19467
39,1000,19487
39,1000,19828
39,1000,19587
39,1000,19558
39,1000,19497
39,1000,20639
39,1000,28023
39,1000,19477
39,1000,19507
39,1000,19527
39,1000,20168
39,1000,21431
39,1000,18965
39,1000,19056
39,1000,19066
39,1000,18996
39,1000,19908
39,1000,19046
39,1000,18916
39,1000,18955
39,1000,19527
39,1000,19026
39,1000,18976
39,1000,19006
39,1000,18946
39,1000,19026
39,1000,18786
39,1000,19908
39,1000,19106
39,1000,18996
39,1000,19146
39,1000,18986
39,1000,19006
39,1000,19337
39,1000,19006
39,1000,18946
39,1000,19036
39,1000,19827
39,1000,18926
39,1000,18926
39,1000,18946
39,1000,19126
39,1000,18946
39,1000,18976
39,1000,19417
39,1000,18986
39,1000,22242
39,1000,22622
39,1000,20308
39,1000,19587
39,1000,19747
39,1000,19727
39,1000,19697
39,1000,19557
39,1000,19707
39,1000,19688
39,1000,19507
39,1000,65254
39,1000,97614
39,1000,20769
39,1000,20780
39,1000,44735
39,1000,46348
39,1000,37150
39,1000,37681
39,1000,40677
39,1000,37200
39,1000,37151
39,1000,41147
39,1000,47129
39,1000,24266
39,1000,19567
39,1000,20058
39,1000,19557
39,1000,19738
39,1000,19707
39,1000,19697
39,1000,19888
39,1000,20028
39,1000,19637
39,1000,20789
39,1000,19597
39,1000,19547
39,1000,19667
39,1000,19517
39,1000,19627
39,1000,19878
39,1000,19617
39,1000,20048
40,1000,19466
40,1000,19537
40,1000,20449
40,1000,19487
40,1000,19337
40,1000,19567
40,1000,19537
40,1000,19487
40,1000,20108
40,1000,19667
40,1000,19497
40,1000,19608
40,1000,19507
40,1000,20399
40,1000,19537
40,1000,19657
40,1000,19467
40,1000,19527
40,1000,28324
40,1000,19497
40,1000,19487
40,1000,19527
40,1000,19577
40,1000,19557
40,1000,20369
40,1000,19326
40,1000,19517
40,1000,19417
40,1000,19617
40,1000,19507
40,1000,19447
40,1000,21000
40,1000,22382
40,1000,21892
40,1000,22984
40,1000,23565
40,1000,73459
40,1000,88588
40,1000,24577
40,1000,25649
40,1000,32571
40,1000,44153
40,1000,32422
40,1000,20889
40,1000,21040
40,1000,20479
40,1000,20839
40,1000,32873
40,1000,23064
40,1000,19998
40,1000,21100
40,1000,20929
40,1000,20769
40,1000,20700
40,1000,21050
40,1000,20699
40,1000,21942
40,1000,21060
40,1000,21059
40,1000,21220
40,1000,24707
40,1000,21030
40,1000,20209
40,1000,20278
40,1000,20309
40,1000,20078
40,1000,20639
40,1000,20689
40,1000,21070
40,1000,20739
40,1000,20369
40,1000,24116
40,1000,19918
40,1000,20168
40,1000,20248
40,1000,20159
40,1000,20088
40,1000,20239
40,1000,20268
40,1000,20058
40,1000,20238
40,1000,20418
40,1000,37350
40,1000,24417
40,1000,24917
40,1000,25188
40,1000,24416
40,1000,20239
40,1000,20238
40,1000,20208
40,1000,20429
40,1000,20920
40,1000,20068
40,1000,24206
40,1000,20429
40,1000,19958
40,1000,20709
40,1000,20058
40,1000,25207
40,1000,21571
40,1000,23344
40,1000,20780
40,1000,24406
40,1000,40396
40,1000,145065
40,1000,89209
40,1000,20279
40,1000,20739
40,1000,28033
40,1000,20940
40,1000,20398
40,1000,20318
40,1000,20469
40,1000,20448
40,1000,20449
40,1000,24075
40,1000,25428
40,1000,19537
40,1000,19537
40,1000,19748
40,1000,20098
40,1000,19507
40,1000,19667
40,1000,19667
40,1000,20038
40,1000,19908
40,1000,20859
40,1000,19648
40,1000,19607
40,1000,19567
40,1000,19527
40,1000,19587
40,1000,19878
40,1000,19557
40,1000,19507
40,1000,19597
40,1000,19387
40,1000,20468
40,1000,19527
40,1000,19507
40,1000,19768
40,1000,19507
40,1000,19998
40,1000,19537
40,1000,19647
40,1000,19537
40,1000,19537
40,1000,19547
40,1000,20448
40,1000,19517
40,1000,19507
40,1000,19808
40,1000,19497
40,1000,19688
40,1000,19467
40,1000,19627
40,1000,22332
40,1000,19396
40,1000,19517
40,1000,20399
40,1000,19507
40,1000,19527
40,1000,19507
40,1000,19867
40,1000,19437
40,1000,19467
40,1000,19537
40,1000,19507
40,1000,19457
40,1000,20509
40,1000,19517
40,1000,19427
40,1000,19928
40,1000,123143
40,1000,27852
40,1000,27362
40,1000,27272
40,1000,21450
40,1000,20930
40,1000,20649
40,1000,21781
40,1000,19607
40,1000,20239
40,1000,21160
40,1000,20129
40,1000,20258
40,1000,21200
40,1000,20309
40,1000,20388
40,1000,20219
40,1000,20138
40,1000,20328
40,1000,20258
40,1000,20239
40,1000,20468
40,1000,25017
40,1000,20158
40,1000,19537
40,1000,19678
40,1000,19817
40,1000,19818
40,1000,19637
40,1000,19286
40,1000,19788
40,1000,20539
40,1000,19898
40,1000,24626
40,1000,19668
40,1000,19376
40,1000,19748
40,1000,19697
40,1000,19597
40,1000,28093
40,1000,21912
40,1000,23254
40,1000,23826
40,1000,24216
40,1000,20269
40,1000,20288
40,1000,19838
40,1000,20008
40,1000,20038
40,1000,20519
40,1000,19758
40,1000,20278
40,1000,20348
40,1000,19817
40,1000,24336
40,1000,19827
40,1000,20179
40,1000,19978
40,1000,20318
40,1000,19667
40,1000,20018
40,1000,20209
40,1000,24948
40,1000,21911
40,1000,20829
40,1000,23515
40,1000,19938
40,1000,26300
40,1000,128363
40,1000,31279
40,1000,26640
40,1000,26451
40,1000,26530
40,1000,23575
40,1000,27613
40,1000,20780
40,1000,20018
40,1000,20169
40,1000,20108
40,1000,20038
40,1000,20449
40,1000,20037
40,1000,20529
40,1000,20679
40,1000,20108
40,1000,24837
40,1000,20248
40,1000,20048
40,1000,20158
40,1000,20068
40,1000,20389
40,1000,19938
40,1000,20269
40,1000,20158
40,1000,19978
40,1000,19838
40,1000,26270
40,1000,19948
40,1000,19887
40,1000,19968
40,1000,20719
40,1000,20028
40,1000,19988
40,1000,20139
40,1000,20008
40,1000,23765
40,1000,26370
40,1000,22402
40,1000,19917
40,1000,20028
40,1000,20269
40,1000,19868
40,1000,20118
40,1000,19808
40,1000,20088
40,1000,20288
40,1000,19848
40,1000,23655
40,1000,20138
40,1000,19858
40,1000,20158
40,1000,20088
40,1000,20429
40,1000,19888
40,1000,20409
40,1000,20058
40,1000,20188
40,1000,20569
40,1000,23184
40,1000,20128
40,1000,20309
40,1000,20208
40,1000,20338
40,1000,20278
40,1000,19978
40,1000,19948
40,1000,89600
40,1000,114828
40,1000,26149
40,1000,24467
40,1000,30268
40,1000,37691
40,1000,41860
40,1000,37401
40,1000,40768
40,1000,37551
40,1000,38193
40,1000,31079
40,1000,20659
40,1000,25909
40,1000,20168
40,1000,20629
40,1000,20429
40,1000,20178
40,1000,20379
40,1000,20679
40,1000,20509
40,1000,20208
40,1000,21200
40,1000,20369
40,1000,25077
40,1000,19998
40,1000,20148
40,1000,20529
40,1000,20518
40,1000,24867
40,1000,21380
40,1000,20168
40,1000,20399
40,1000,20159
40,1000,20178
40,1000,24366
40,1000,20369
40,1000,20569
40,1000,20959
40,1000,19948
40,1000,21000
40,1000,20399
40,1000,20238
40,1000,20108
40,1000,20199
40,1000,23615
40,1000,20369
40,1000,20599
40,1000,20339
40,1000,19908
40,1000,19988
40,1000,20099
40,1000,19837
40,1000,20058
40,1000,19978
40,1000,20219
40,1000,22723
40,1000,20298
40,1000,21040
40,1000,20208
40,1000,20569
40,1000,20239
40,1000,20138
40,1000,21020
40,1000,20128
40,1000,25448
40,1000,19998
40,1000,25088
40,1000,22843
40,1000,82215
40,1000,85091
40,1000,20829
40,1000,20268
40,1000,20408
40,1000,21231
40,1000,20349
40,1000,19888
40,1000,20960
40,1000,20639
40,1000,24927
40,1000,20799
40,1000,21301
40,1000,19677
40,1000,19787
40,1000,19658
40,1000,19627
40,1000,19587
40,1000,19577
40,1000,19998
40,1000,19627
40,1000,19647
40,1000,19657
40,1000,20869
40,1000,19537
40,1000,19667
40,1000,19547
40,1000,19777
40,1000,19667
40,1000,20940
40,1000,23214
40,1000,22382
40,1000,21931
40,1000,21160
40,1000,19557
40,1000,19486
40,1000,19767
40,1000,20168
40,1000,19568
40,1000,19647
40,1000,19517
40,1000,19687
40,1000,19567
40,1000,19356
40,1000,20589
40,1000,19577
40,1000,19568
40,1000,19667
40,1000,19628
40,1000,19637
40,1000,19477
40,1000,19527
40,1000,19527
40,1000,19507
40,1000,19467
40,1000,20819
40,1000,19707
40,1000,19747
40,1000,19948
40,1000,19998
40,1000,19968
40,1000,19827
40,1000,19817
40,1000,19568
40,1000,19407
40,1000,23995
40,1000,21000
40,1000,19848
40,1000,79280
40,1000,42641
40,1000,24466
40,1000,23915
40,1000,23645
40,1000,23675
40,1000,23735
40,1000,44193
40,1000,27112
40,1000,20569
40,1000,20328
40,1000,19948
40,1000,20118
40,1000,20259
40,1000,20278
40,1000,20689
40,1000,19898
40,1000,20178
40,1000,20328
40,1000,20027
40,1000,19697
40,1000,20179
40,1000,19847
40,1000,20318
40,1000,20079
40,1000,20368
40,1000,20328
40,1000,26671
40,1000,24576
40,1000,20028
40,1000,20138
40,1000,20379
40,1000,23604
40,1000,20670
40,1000,19988
40,1000,20158
40,1000,20068
40,1000,19978
40,1000,20018
40,1000,24256
40,1000,20018
40,1000,19817
40,1000,19998
40,1000,20478
40,1000,19998
40,1000,20108
40,1000,19968
40,1000,20018
40,1000,20048
40,1000,19937
40,1000,23384
40,1000,19917
40,1000,19937
40,1000,19857
40,1000,20288
40,1000,19898
40,1000,20108
40,1000,19937
40,1000,19907
40,1000,20148
40,1000,22553
40,1000,19878
40,1000,19687
40,1000,20078
40,1000,31139
40,1000,20028
40,1000,20048
40,1000,19768
40,1000,69331
40,1000,49474
40,1000,23865
40,1000,23224
40,1000,22492
40,1000,23173
40,1000,23334
40,1000,22313
40,1000,25769
40,1000,21020
40,1000,20519
40,1000,20359
40,1000,20289
40,1000,20098
40,1000,20199
40,1000,20128
40,1000,20318
40,1000,20129
40,1000,19717
40,1000,24316
40,1000,19857
40,1000,20148
40,1000,20018
40,1000,20008
40,1000,20078
40,1000,19987
40,1000,20348
40,1000,20179
40,1000,27232
40,1000,20118
40,1000,24186
40,1000,20308
40,1000,20038
40,1000,19977
40,1000,20709
40,1000,19968
40,1000,19937
40,1000,20248
40,1000,20449
40,1000,19808
40,1000,24146
40,1000,20068
40,1000,20118
40,1000,20138
40,1000,20298
40,1000,20298
40,1000,20048
40,1000,19988
40,1000,20058
40,1000,20108
40,1000,20008
40,1000,23715
40,1000,20048
40,1000,20299
40,1000,20399
40,1000,19898
40,1000,20028
40,1000,20138
40,1000,20047
40,1000,19787
40,1000,19768
40,1000,20189
40,1000,22843
40,1000,19977
40,1000,24656
40,1000,20268
40,1000,19997
40,1000,19867
40,1000,20018
40,1000,82306
40,1000,88077
40,1000,22753
40,1000,23224
40,1000,23525
40,1000,23394
40,1000,24035
40,1000,24106
40,1000,20378
40,1000,25428
40,1000,20098
40,1000,20088
40,1000,20138
40,1000,20078
40,1000,20709
40,1000,19817
40,1000,20168
40,1000,20188
40,1000,20138
40,1000,20028
40,1000,24807
40,1000,20028
40,1000,19947
40,1000,20218
40,1000,20008
40,1000,20249
40,1000,26891
40,1000,20168
40,1000,20128
40,1000,20058
40,1000,24707
40,1000,19908
40,1000,19878
40,1000,20699
40,1000,20018
40,1000,20028
40,1000,19978
40,1000,20229
40,1000,19797
40,1000,20028
40,1000,20038
40,1000,24446
40,1000,20198
40,1000,20359
40,1000,20068
40,1000,19988
40,1000,20028
40,1000,19968
40,1000,20058
40,1000,19678
40,1000,20168
40,1000,19977
40,1000,23554
40,1000,20298
40,1000,20037
40,1000,19727
40,1000,19908
40,1000,19848
40,1000,19908
40,1000,19918
40,1000,20058
40,1000,19958
40,1000,19898
40,1000,28173
40,1000,19988
40,1000,20168
40,1000,20128
40,1000,20058
40,1000,79029
40,1000,91143
40,1000,21781
40,1000,21561
40,1000,21892
40,1000,21671
40,1000,40257
40,1000,38072
40,1000,41589
40,1000,37842
40,1000,41669
40,1000,38182
40,1000,37812
40,1000,38433
40,1000,38513
40,1000,38693
40,1000,30949
40,1000,20499
40,1000,20719
40,1000,29667
40,1000,20248
40,1000,20599
40,1000,20448
40,1000,21150
40,1000,21120
40,1000,21220
40,1000,21450
40,1000,20348
40,1000,19887
40,1000,19787
40,1000,19777
40,1000,19838
40,1000,19938
40,1000,19738
40,1000,19447
40,1000,19828
40,1000,20148
40,1000,20990
40,1000,20068
40,1000,19978
40,1000,19948
40,1000,19968
40,1000,20880
40,1000,21601
40,1000,21350
40,1000,19687
40,1000,19497
40,1000,21561
40,1000,21842
40,1000,20168
40,1000,19577
40,1000,20469
40,1000,20258
40,1000,19687
40,1000,19577
40,1000,27642
40,1000,19877
40,1000,20018
40,1000,21160
40,1000,23204
40,1000,19818
40,1000,19898
40,1000,20940
40,1000,19617
40,1000,19567
40,1000,19998
40,1000,19938
40,1000,19497
40,1000,73118
40,1000,75072
40,1000,20589
40,1000,20138
40,1000,20900
40,1000,20789
40,1000,20498
40,1000,20829
40,1000,20479
40,1000,20499
40,1000,20700
40,1000,20659
40,1000,20208
40,1000,19998
40,1000,19978
40,1000,22262
40,1000,21861
40,1000,20058
40,1000,20659
40,1000,27522
40,1000,20098
40,1000,20008
40,1000,24266
40,1000,24496
40,1000,23295
40,1000,20498
40,1000,21811
40,1000,19777
40,1000,19386
40,1000,19296
40,1000,19557
40,1000,19357
40,1000,19186
40,1000,19357
40,1000,20228
40,1000,19467
40,1000,19497
40,1000,19778
40,1000,19347
40,1000,19317
40,1000,19276
40,1000,19287
40,1000,19377
40,1000,19356
40,1000,19326
40,1000,20309
40,1000,19457
40,1000,19557
40,1000,19296
40,1000,19247
40,1000,19316
40,1000,19276
40,1000,19217
40,1000,19146
40,1000,19267
40,1000,20168
40,1000,19246
40,1000,19336
40,1000,19748
40,1000,22352
40,1000,21961
40,1000,19476
40,1000,19447
40,1000,19487
40,1000,23134
40,1000,22032
40,1000,20499
40,1000,19617
40,1000,46257
40,1000,117101
40,1000,25498
40,1000,25608
40,1000,25398
40,1000,25629
40,1000,20149
40,1000,20288
40,1000,21000
40,1000,19457
40,1000,19658
40,1000,19547
40,1000,20098
40,1000,19707
40,1000,19677
40,1000,19517
40,1000,19537
40,1000,24968
40,1000,19697
40,1000,20539
40,1000,22052
40,1000,22262
40,1000,19567
40,1000,19527
40,1000,19568
40,1000,19667
40,1000,19617
40,1000,19487
40,1000,19527
40,1000,19658
40,1000,20459
40,1000,19948
40,1000,19637
40,1000,19507
40,1000,19507
40,1000,19597
40,1000,19527
40,1000,19567
40,1000,19537
40,1000,19738
40,1000,19617
40,1000,20640
40,1000,19687
40,1000,19667
40,1000,19567
40,1000,19487
40,1000,19777
40,1000,19477
40,1000,19527
40,1000,19497
40,1000,19537
40,1000,20238
40,1000,19607
40,1000,19497
40,1000,19517
40,1000,19537
40,1000,19517
40,1000,19557
40,1000,19506
40,1000,19507
40,1000,19617
40,1000,19848
40,1000,21260
40,1000,44384
40,1000,35607
40,1000,35938
40,1000,39494
40,1000,36038
40,1000,40046
40,1000,89730
40,1000,141088
40,1000,27342
40,1000,27983
40,1000,27802
40,1000,29206
40,1000,45236
40,1000,53622
40,1000,56046
40,1000,46067
40,1000,39455
40,1000,42781
40,1000,38363
40,1000,41749
40,1000,38823
40,1000,30267
40,1000,21180
40,1000,21110
40,1000,20489
40,1000,20900
40,1000,20609
40,1000,20219
40,1000,20359
40,1000,20960
40,1000,20158
40,1000,20248
40,1000,24887
40,1000,19897
40,1000,20158
40,1000,20158
40,1000,20078
40,1000,20208
40,1000,20248
40,1000,19988
40,1000,20098
40,1000,20228
40,1000,19978
40,1000,34696
40,1000,20198
40,1000,19877
40,1000,19817
40,1000,20369
40,1000,19898
40,1000,19938
40,1000,19998
40,1000,20138
40,1000,20068
40,1000,20118
40,1000,23474
40,1000,20299
40,1000,19958
40,1000,20469
40,1000,19858
40,1000,19947
40,1000,20018
40,1000,20088
40,1000,19987
40,1000,19847
40,1000,20498
40,1000,24105
40,1000,19817
40,1000,20369
40,1000,20038
40,1000,20048
40,1000,20358
40,1000,19777
40,1000,20309
40,1000,19918
40,1000,81765
40,1000,125948
40,1000,25999
40,1000,25639
40,1000,34345
40,1000,39986
40,1000,38213
40,1000,45596
40,1000,37822
40,1000,40837
40,1000,38222
40,1000,39284
40,1000,50696
40,1000,32251
40,1000,19437
40,1000,19467
40,1000,19387
40,1000,19397
40,1000,19417
40,1000,19387
40,1000,19457
40,1000,19898
40,1000,20559
40,1000,19437
40,1000,19457
40,1000,19217
40,1000,19647
40,1000,19407
40,1000,19357
40,1000,31670
40,1000,19607
40,1000,19487
40,1000,20890
40,1000,20388
40,1000,19257
40,1000,19316
40,1000,19266
40,1000,19387
40,1000,19437
40,1000,19948
40,1000,19277
40,1000,19357
40,1000,19336
40,1000,20278
40,1000,19437
40,1000,19337
40,1000,19096
40,1000,19467
40,1000,19277
40,1000,19267
40,1000,19517
40,1000,19267
40,1000,19216
40,1000,19367
40,1000,20088
40,1000,19287
40,1000,19246
40,1000,19236
40,1000,19267
40,1000,19337
40,1000,19406
40,1000,19286
40,1000,19276
40,1000,19347
40,1000,19227
40,1000,20208
40,1000,28564
40,1000,23415
40,1000,78619
40,1000,86975
40,1000,23214
40,1000,22863
40,1000,23925
40,1000,24426
40,1000,43593
40,1000,38944
